custom_id,id,kind,author_id,sample,n_candidate_items,truncated
A-0,0b7995a5-8cf8-4571-9fbc-f42a242ed9b5,comment,0013b19a-aa03-4cf4-a8be-0fc237af9ade,A,2.0,False
A-1,9d097d67-b0e4-448a-8214-b0b14fd2ebef,post,0013b19a-aa03-4cf4-a8be-0fc237af9ade,A,2.0,False
A-2,76dc1394-bd9f-40db-a710-0eb6329f122e,post,00186b73-56a7-445d-9089-a8a1da3c9241,A,3.0,False
A-3,a5b9441d-2efb-45c9-a11f-d8f8c4e14a20,post,00186b73-56a7-445d-9089-a8a1da3c9241,A,3.0,False
A-4,d72853b2-6c55-4a00-888e-df34f18e3734,post,00186b73-56a7-445d-9089-a8a1da3c9241,A,3.0,False
A-5,6effc66b-b977-4fd6-b734-f408b320d5c7,post,001d599b-326e-4f7c-9d6d-414a5744b2bf,A,1.0,False
A-6,cd62fefd-813d-4518-87f8-afafa4e87c1e,post,0024c9ab-44bd-4b74-ae19-9f24978e529d,A,1.0,False
A-7,09b70e96-e4b1-4e66-918a-7f94b5b1720d,post,00277d5a-34bd-49a7-ade1-d53af25ae705,A,13.0,False
A-8,17f70faf-6351-4824-ab57-0d4c2941b300,post,00277d5a-34bd-49a7-ade1-d53af25ae705,A,13.0,False
A-9,1f43257a-a349-4845-8f39-68de43f5ba37,post,00277d5a-34bd-49a7-ade1-d53af25ae705,A,13.0,False
A-10,35e7518d-f176-4c95-87e9-c44c932aefef,post,00277d5a-34bd-49a7-ade1-d53af25ae705,A,13.0,False
A-11,646a7210-1e4b-4e2b-8a41-e996b7d5767a,post,00277d5a-34bd-49a7-ade1-d53af25ae705,A,13.0,False
A-12,72f57475-241a-4b88-adaf-bbeaa5421f84,post,00277d5a-34bd-49a7-ade1-d53af25ae705,A,13.0,False
A-13,a4c989a2-05aa-4c34-b397-be1f723da392,post,00277d5a-34bd-49a7-ade1-d53af25ae705,A,13.0,False
A-14,acc0d81a-54a7-4a77-997c-c53a90b233de,post,00277d5a-34bd-49a7-ade1-d53af25ae705,A,13.0,False
A-15,adf9ed3f-5a89-40dd-9d78-7c9c1eb298fd,post,00277d5a-34bd-49a7-ade1-d53af25ae705,A,13.0,False
A-16,c2d8dfc2-8834-4a25-a480-0d6436f41820,post,00277d5a-34bd-49a7-ade1-d53af25ae705,A,13.0,False
A-17,c4f5d0cf-abc2-4087-a85a-6bfbd774df8a,post,00277d5a-34bd-49a7-ade1-d53af25ae705,A,13.0,False
A-18,c917e18f-2c78-4df9-951a-dd6e4a544418,post,00277d5a-34bd-49a7-ade1-d53af25ae705,A,13.0,False
A-19,cc8d25c6-f404-4c0f-bf70-625f9a067a61,post,00277d5a-34bd-49a7-ade1-d53af25ae705,A,13.0,False
A-20,d1f758af-1fde-4a89-856d-77c3b698c0dc,post,0031d6fc-dca6-415b-83dc-dcfe52e08aee,A,1.0,False
A-21,1600b125-e277-40e7-a5a0-16a9267bf168,comment,0039adbd-0dff-47be-b8a9-1815d15285cd,A,3.0,False
A-22,9644338a-6b7f-4cd7-9bad-510cd140b492,post,0039adbd-0dff-47be-b8a9-1815d15285cd,A,3.0,False
A-23,ed29f364-3ec0-4cc1-807a-fea39d25771f,post,0039adbd-0dff-47be-b8a9-1815d15285cd,A,3.0,False
A-24,8b270a40-3fc9-4309-844c-29a85a07c822,post,0042a4c0-c99e-478f-85be-123fa130d47f,A,1.0,False
A-25,ce501504-80b6-4a2d-a6e8-732b4a4170f8,post,006922c5-f12a-4742-a68e-32ac56df3ffc,A,1.0,False
A-26,b4eecc0d-aa83-49a3-b4bf-4dc9e37cb879,comment,00741a0a-8c9c-4545-a370-09ef9eb8befd,A,3.0,False
A-27,b73afa4d-8582-406e-a1de-29d55c76b3bd,post,00741a0a-8c9c-4545-a370-09ef9eb8befd,A,3.0,False
A-28,e4416fb6-9225-4bba-8d39-d87477f3ea38,post,00741a0a-8c9c-4545-a370-09ef9eb8befd,A,3.0,False
A-29,01623d7b-492a-4501-b77d-abf5ff14a117,post,0098307c-9f4b-44ed-a539-5099468266e3,A,1.0,False
A-30,a20a83c3-e5b4-4d44-8c66-03f5e933bc46,post,00b6e430-c117-414b-ade5-0d275c7f6422,A,1.0,False
A-31,da261423-12da-40fd-a5cd-2f9c54b771b7,post,00df3229-de36-48ea-a70d-c442d2eb6f8b,A,1.0,False
A-32,76f232c0-a304-491f-a359-9d18ca7bae22,post,00f26021-69c7-466d-bb1a-e8dbe7175ff8,A,1.0,False
A-33,7e478a80-aebf-4bc7-bc12-8c3e7a37dcb4,post,00f92da4-b7b1-4ed7-bf51-41af697cf49f,A,1.0,False
A-34,3319b1ce-0db1-451d-bcf6-35a9c406bb43,post,0106b0d4-9105-4f1d-87cc-da6517949716,A,4.0,False
A-35,4a0b932e-ca52-4e2f-b8dc-83f523eebee9,comment,0106b0d4-9105-4f1d-87cc-da6517949716,A,4.0,False
A-36,755d6060-3d24-428c-8351-fe7e34bef53e,comment,0106b0d4-9105-4f1d-87cc-da6517949716,A,4.0,False
A-37,880b40cd-f85a-4eee-be25-54ff5c96e0fa,post,0106b0d4-9105-4f1d-87cc-da6517949716,A,4.0,False
A-38,8c9c4ec2-f23a-490c-881d-9a5fc88aba7a,post,010c1b09-a880-4cf8-a6e8-60433ac9f998,A,1.0,False
A-39,b902822f-e137-4b10-82f6-1ed1d0ba0ffe,comment,0126928e-9003-4dff-91c5-597ae0b1268f,A,1.0,False
A-40,d2d10078-6ac1-48f8-9253-47ee328e913a,post,0160a919-cb2c-4e60-86ce-c7dca5e11788,A,1.0,False
A-41,c80910d2-d947-4775-ad2b-2a1f6f7d1f67,post,0164e6c5-1278-4547-a053-888cffff9e59,A,1.0,False
A-42,2b3273bd-7ef4-4a2a-8571-84a30f3f3b7c,post,016c360a-b86c-4a0e-8857-86ecd9235d2e,A,2.0,False
A-43,e9cff129-92f1-4b92-ab78-319d0fee674e,comment,016c360a-b86c-4a0e-8857-86ecd9235d2e,A,2.0,False
A-44,55886e86-1e37-4907-acf2-59adf0c90d57,post,018198d7-f041-4563-931e-765f6f4517c5,A,3.0,False
A-45,627a9436-f1da-4f56-9c5c-2b6781c56291,post,018198d7-f041-4563-931e-765f6f4517c5,A,3.0,False
A-46,d55a252a-0bc1-4d75-a26f-91e26a72f645,comment,018198d7-f041-4563-931e-765f6f4517c5,A,3.0,False
A-47,3149a62d-64e2-44d9-b23c-c7b452acc9c2,post,0183f7f8-8e5b-4721-91d1-17eece9b8fbf,A,1.0,False
A-48,2e385eed-0e3a-4558-80a2-5be0dea351e5,post,0194ad8d-2253-4bcd-ad5b-b632a3c512ef,A,5.0,False
A-49,3c6ae43b-6f02-445b-9546-4603646d3613,post,0194ad8d-2253-4bcd-ad5b-b632a3c512ef,A,5.0,False
A-50,4df8fa68-4f6b-44ec-b58c-ec610dc246bd,comment,0194ad8d-2253-4bcd-ad5b-b632a3c512ef,A,5.0,False
A-51,9821c115-d231-4043-9dfc-cc9bdeed8ac5,post,0194ad8d-2253-4bcd-ad5b-b632a3c512ef,A,5.0,False
A-52,b27b20b8-ec36-4957-a1d4-ad503fbe7242,post,0194ad8d-2253-4bcd-ad5b-b632a3c512ef,A,5.0,False
A-53,3404e68f-f10f-4ac7-8d90-a0f0a83c28e7,comment,01cd9c35-91fa-4730-8a4a-b8a1b9150be7,A,3.0,False
A-54,40c9fa5c-5006-4ba8-826c-57c4500b6758,post,01cd9c35-91fa-4730-8a4a-b8a1b9150be7,A,3.0,False
A-55,7fadd873-d45d-4835-9eba-5dff11ecd724,post,01cd9c35-91fa-4730-8a4a-b8a1b9150be7,A,3.0,False
A-56,25169648-383f-40d8-afc1-1128dd6fb975,comment,01d21f86-e4fc-4b12-8207-083546aa5a18,A,1.0,False
A-57,b4cc6448-4f9e-4b1b-8964-a7a5985ffa97,post,01da81fc-6deb-45c9-abc3-265ae70ed2c8,A,2.0,False
A-58,edb23c88-0adf-41c9-96e0-f3766d063906,comment,01da81fc-6deb-45c9-abc3-265ae70ed2c8,A,2.0,False
A-59,41eceaab-4690-468e-b7b9-233f8859dea5,post,021778f6-d4a6-48b2-a266-91c633e6b8d1,A,1.0,False
A-60,b90d8357-9b4f-4945-81cd-7438f428a291,post,021a675b-577e-4c58-89e9-378ff3919be5,A,1.0,False
A-61,1acf4290-d428-4113-b540-de3cb729fb90,comment,022082ec-5a3b-4cd5-acf2-72a92aebffff,A,3.0,False
A-62,7589a4fa-5d7d-40f7-97cf-e6e32f499cb2,comment,022082ec-5a3b-4cd5-acf2-72a92aebffff,A,3.0,False
A-63,f71bb628-24fe-4423-9a6f-52cde69965ac,post,022082ec-5a3b-4cd5-acf2-72a92aebffff,A,3.0,False
A-64,4ca32d4e-3eff-4066-a895-bcb7850074b7,post,02412932-63a1-43b5-b5fb-6a2982bb0da7,A,2.0,False
A-65,da16911c-00d6-4623-a03e-6d9697a9a885,post,02412932-63a1-43b5-b5fb-6a2982bb0da7,A,2.0,False
A-66,05b0cbc7-f5cf-43d3-9d04-667561e96ae9,post,024a0434-2fa5-4b23-b298-54a791812379,A,6.0,False
A-67,581bf640-5618-4765-b5a7-a98029c2cafa,post,024a0434-2fa5-4b23-b298-54a791812379,A,6.0,False
A-68,74f8c1af-3afe-47f6-9418-93fc94d903ef,post,024a0434-2fa5-4b23-b298-54a791812379,A,6.0,False
A-69,afcb1401-3b14-47f8-871d-0b703ad9241d,post,024a0434-2fa5-4b23-b298-54a791812379,A,6.0,False
A-70,d9ef8cf3-3bef-402d-8032-8eb3d8e94c5c,comment,024a0434-2fa5-4b23-b298-54a791812379,A,6.0,False
A-71,f49dcc2e-384b-4a2b-94fb-3960c84af752,comment,024a0434-2fa5-4b23-b298-54a791812379,A,6.0,False
A-72,234ffcd8-eea2-4215-80ac-bf019bc94e83,post,02678bfd-5260-4adf-97e5-aee55663e51a,A,1.0,False
A-73,8061204d-8204-403b-ad8f-13dd7ec4db2b,post,027334e6-2aa8-4a8b-9b6a-50695a5a96da,A,2.0,False
A-74,8cec31f2-2766-45e0-9e65-37840ed6782f,post,027334e6-2aa8-4a8b-9b6a-50695a5a96da,A,2.0,False
A-75,15e54d83-3c3e-46b7-abf2-72be0551d6c8,post,0277a5ea-fed9-4466-9335-576853fe8757,A,1.0,False
A-76,dc3deb83-b404-4d3d-965c-76f78a24c7d8,post,0298d53d-f202-4716-850f-6a93e65c6744,A,1.0,False
A-77,63536697-b5f5-4cb6-910e-4235cd3ec442,comment,02bb0a83-31f1-48f2-8ab5-c114f273e313,A,2.0,False
A-78,96204f96-69b4-4f3c-b60a-905a4f882b57,post,02bb0a83-31f1-48f2-8ab5-c114f273e313,A,2.0,False
A-79,d96d4bca-1c35-425c-8048-cb9d96300d78,post,02bc3f01-5b46-480b-a02a-c265e80e31d2,A,1.0,False
A-80,9dc60271-985f-414c-a67c-7d174d4d972a,comment,02bcc568-3dae-46d5-9850-149f20b41e7b,A,1.0,False
A-81,2a1143df-6c90-48ed-aa29-e89e076fc676,comment,02df7e3a-d9e2-4d3f-9caf-ccd63f9d7df2,A,3.0,False
A-82,3697136e-865b-4f68-8923-9909be9af089,post,02df7e3a-d9e2-4d3f-9caf-ccd63f9d7df2,A,3.0,False
A-83,bcff02dc-5b7a-4083-b0fe-5f4fd7a6d587,post,02df7e3a-d9e2-4d3f-9caf-ccd63f9d7df2,A,3.0,False
A-84,c8e86977-3fc7-438b-98e4-41db52f85d0a,comment,02f52ac1-23c8-4f1c-acdb-02d0796a612c,A,29.0,False
A-85,0d5996f9-c3e4-44a2-8ec0-334278b4b04b,comment,02f52ac1-23c8-4f1c-acdb-02d0796a612c,A,29.0,False
A-86,09793ec0-4b66-4bf3-ae49-f61cdab33d67,post,02f52ac1-23c8-4f1c-acdb-02d0796a612c,A,29.0,False
A-87,bad9caf6-795e-4cef-b551-95db06300670,comment,02f52ac1-23c8-4f1c-acdb-02d0796a612c,A,29.0,False
A-88,1e468d70-cbe1-4850-9ad2-0d7166c311c6,comment,02f52ac1-23c8-4f1c-acdb-02d0796a612c,A,29.0,False
A-89,4e469499-0619-4c7e-8e16-f85af03eb37b,comment,02f52ac1-23c8-4f1c-acdb-02d0796a612c,A,29.0,False
A-90,796adcb3-b0d5-43ab-ba94-fd17d6501fe0,post,02f52ac1-23c8-4f1c-acdb-02d0796a612c,A,29.0,False
A-91,ea23c7c8-1e98-4dfd-a851-592f1be44ada,comment,02f52ac1-23c8-4f1c-acdb-02d0796a612c,A,29.0,False
A-92,bd4a8a95-f823-4d9e-8764-f8f787c22a21,comment,02f52ac1-23c8-4f1c-acdb-02d0796a612c,A,29.0,False
A-93,cf202fc0-fbe2-46c9-87bb-056f6e6a9e5f,comment,02f52ac1-23c8-4f1c-acdb-02d0796a612c,A,29.0,False
A-94,0ccdf2ad-13a4-413d-ad25-a85a6ab278c9,comment,02f52ac1-23c8-4f1c-acdb-02d0796a612c,A,29.0,False
A-95,59c77556-7a7a-45e9-8672-d1f42415fd08,comment,02f52ac1-23c8-4f1c-acdb-02d0796a612c,A,29.0,False
A-96,714b9859-9d7f-4d48-a927-bfabc56a728a,comment,02f52ac1-23c8-4f1c-acdb-02d0796a612c,A,29.0,False
A-97,21892744-ec90-4857-bfe7-0c94e1e35579,comment,02f52ac1-23c8-4f1c-acdb-02d0796a612c,A,29.0,False
A-98,9a2e2350-058e-472b-b543-59474b674167,post,02f52ac1-23c8-4f1c-acdb-02d0796a612c,A,29.0,False
A-99,70992b0f-23ce-4fef-bcbb-8eb1c1b2049f,post,030f6940-48a3-4d84-9893-f0f7549223d8,A,1.0,False
A-100,d70fc23d-fc20-410a-9584-186920c35185,post,031296fc-fe33-4bb4-a8d0-2defad24fb1a,A,1.0,False
A-101,333b26e5-a050-4dde-8880-b48482f89265,post,032cc2f9-fc60-40f1-909f-1abe7f354968,A,1.0,False
A-102,e799fda2-828c-423f-a589-037ce28cb1d4,post,0332464e-2f2d-4a24-8023-ca1938be50f5,A,1.0,False
A-103,693c2052-3664-415a-9b06-bcc1b1309c61,post,0341ed22-9d22-4dc3-98cb-8e42ed3e43b9,A,1.0,False
A-104,ce97d4e5-3df6-4fb8-bd8c-e598a605cb00,post,03561a54-bbff-4cad-95da-d29969b0594b,A,1.0,False
A-105,2905b900-0fdf-4a16-ae2a-12ebb8fe41ee,comment,036b19a5-715d-4c9c-936a-409dfc680482,A,8.0,False
A-106,30f70376-184f-413b-926c-9ceb8c0bf615,post,036b19a5-715d-4c9c-936a-409dfc680482,A,8.0,False
A-107,3694cfed-9906-471a-ae9b-242fa8189dec,post,036b19a5-715d-4c9c-936a-409dfc680482,A,8.0,False
A-108,4055cd15-af9c-4f36-9e50-c407352543de,post,036b19a5-715d-4c9c-936a-409dfc680482,A,8.0,False
A-109,83f9dfa9-0ca3-4697-ae37-818991b652d7,comment,036b19a5-715d-4c9c-936a-409dfc680482,A,8.0,False
A-110,a89c0107-e9be-44bc-bbb7-e6a6fcb7f1b1,post,036b19a5-715d-4c9c-936a-409dfc680482,A,8.0,False
A-111,e8c59e81-6ceb-4eae-a4b5-07bfb9750d56,comment,036b19a5-715d-4c9c-936a-409dfc680482,A,8.0,False
A-112,eb12a014-5ac9-4e1a-b086-bee7f7a86f67,comment,036b19a5-715d-4c9c-936a-409dfc680482,A,8.0,False
A-113,cc35ba6e-ad40-4ba4-ba59-905607e779bd,post,03706c0e-1cc1-4697-aebf-f90d55b1d5e6,A,1.0,False
A-114,307480f4-d214-437a-a86b-b249d4873400,post,03738f17-cda9-4301-a29f-7c475fa204ef,A,4.0,False
A-115,40dece89-1bee-44f5-b056-bb2c3347d215,comment,03738f17-cda9-4301-a29f-7c475fa204ef,A,4.0,False
A-116,85aa7a79-02b0-47d2-a817-7f2eeeffb975,post,03738f17-cda9-4301-a29f-7c475fa204ef,A,4.0,False
A-117,9891f8de-c844-4728-a122-506e1b5eb223,post,03738f17-cda9-4301-a29f-7c475fa204ef,A,4.0,False
A-118,720b4f07-d309-4739-8043-cbe0bc434069,post,037759a8-d549-4b3f-80d1-6dc9a03a8665,A,1.0,False
A-119,e1724620-cb2e-41ea-8a49-d9a73b21cc5e,post,03b29af5-3b42-46f8-a1f6-a5e4ab00775e,A,1.0,False
A-120,d8704e67-306e-4483-a372-451159e53663,post,03b33b75-c836-4ab5-a09f-2a5211e5d6e8,A,1.0,False
A-121,156cab67-e653-4527-977e-c9097df31e5d,post,03bfef34-f744-41cc-805f-54c9cfe8bd5a,A,2.0,False
A-122,fac7721b-a244-46e6-8300-a00d925bb983,post,03bfef34-f744-41cc-805f-54c9cfe8bd5a,A,2.0,False
A-123,7892d4a4-3ebc-4dc5-a046-9b88a21b5837,post,03cb4945-ee04-4339-9b99-b9f305a5fbaa,A,1.0,False
A-124,87fcea3d-b143-46f2-8769-f045cf299c05,comment,03e5b55d-ab1b-4334-b629-f9273c158054,A,2.0,False
A-125,fc58e67a-675f-432e-aad2-94fbceb86167,comment,03e5b55d-ab1b-4334-b629-f9273c158054,A,2.0,False
A-126,f2cbc34e-ba4c-4094-9fe8-fdb1b0892368,post,04121c0b-539c-4e30-ad0d-877963988c83,A,1.0,False
A-127,d895ad5c-c93f-4f83-ad7f-cc277c98bbb0,post,04135a82-cfa7-4525-8ec3-5dd2b550cf59,A,1.0,False
A-128,d6c71ac4-d144-41a5-8fa5-8d848dbfe2cf,post,04389f7d-7e8f-45fb-8f8f-e58408fe30b6,A,1.0,False
A-129,32a0b38f-6aa7-486f-b610-f5bd00e94afc,post,043d3d00-68fb-46f5-8d56-f2d811413058,A,1.0,False
A-130,96e033f4-a5da-4eb4-8511-875c5f95cd2c,comment,0441f9f8-b380-4e37-8572-1d05dd6ce4e5,A,4.0,False
A-131,b5f3bad4-2b25-46ef-99a4-766aa9b9ea5d,comment,0441f9f8-b380-4e37-8572-1d05dd6ce4e5,A,4.0,False
A-132,b7437043-be97-4fbc-b7b3-8505c03869de,comment,0441f9f8-b380-4e37-8572-1d05dd6ce4e5,A,4.0,False
A-133,ec4db73b-b91d-4ce8-9d74-e611d29b3bf6,comment,0441f9f8-b380-4e37-8572-1d05dd6ce4e5,A,4.0,False
A-134,49d90c4f-f1fc-4e75-8c9c-6edcdfd2064e,post,046f3a56-99a3-4ce5-9ec0-427ee24698f3,A,2.0,False
A-135,c6a6add8-8cc1-414b-9dc7-33616b808d9a,post,046f3a56-99a3-4ce5-9ec0-427ee24698f3,A,2.0,False
A-136,a41b102f-2dd6-49cb-86f3-12c512e714cc,post,0474904f-6d4f-4289-8f9b-437974c56c57,A,2.0,False
A-137,a5072e20-e628-4f61-84cd-3a5965a331b4,comment,0474904f-6d4f-4289-8f9b-437974c56c57,A,2.0,False
A-138,27efea5c-e310-441f-a9ab-8f20e6a2a1d2,post,0484b0d8-dc5d-4950-98f6-9989b9fde0dc,A,2.0,False
A-139,e4350ef6-5d09-4d77-a000-7c8235e52ea8,post,0484b0d8-dc5d-4950-98f6-9989b9fde0dc,A,2.0,False
A-140,de694f40-0b28-4b0e-9164-7565de292638,post,048a7bf3-f888-466a-a3e3-87eb01860ab0,A,1.0,False
A-141,2f832182-6a79-42a3-90f8-148f876780a6,post,0498cbe1-7240-487b-95aa-8dcf2cae8e21,A,3.0,False
A-142,8d7948d5-cd9d-4269-8555-5a70d0033988,post,0498cbe1-7240-487b-95aa-8dcf2cae8e21,A,3.0,False
A-143,9297a81d-9a70-45da-94a2-c4c3e55107b7,post,0498cbe1-7240-487b-95aa-8dcf2cae8e21,A,3.0,False
A-144,85af3bfd-c11b-4852-95c6-41ec54e0548d,post,04ff4a30-e826-4849-a9e0-1c49192a63fc,A,1.0,False
A-145,91dce5aa-951f-4f24-99c0-65d312ec1ea1,post,0515ba59-91c9-44e1-8587-ae1d1a100a48,A,1.0,False
A-146,8607f3cc-d7ba-4b51-be11-0f23189e5d49,post,0515f1e8-4125-46e2-a421-eab3f77f2ae5,A,2.0,False
A-147,ff541c64-b2b9-4a1f-8697-84e4d8ef891b,post,0515f1e8-4125-46e2-a421-eab3f77f2ae5,A,2.0,False
A-148,236cabae-9b3b-4eb7-96e5-f965fbedc3a7,post,0519c8f2-8c5c-4e48-8f1f-79095c018d9d,A,4.0,False
A-149,6dbdabf8-0e3a-4b5e-8000-026da092a9e2,comment,0519c8f2-8c5c-4e48-8f1f-79095c018d9d,A,4.0,False
A-150,87b4f71d-071b-4a87-b251-206d4688d583,comment,0519c8f2-8c5c-4e48-8f1f-79095c018d9d,A,4.0,False
A-151,9d8315cf-35bd-4622-8aa5-38a5e1a8b140,comment,0519c8f2-8c5c-4e48-8f1f-79095c018d9d,A,4.0,False
A-152,ba7aa3aa-1d7d-4570-9f28-099b1e9f7a22,post,051a546d-d003-44c5-987d-b1159c7a2172,A,1.0,False
A-153,32d4ff61-ae0b-4f62-aaf0-abf20027de98,post,055d7000-a35f-4216-a2cd-09baa0848496,A,1.0,False
A-154,fd70ab9b-2ab1-4d64-87eb-c120c75f07c5,post,056915ea-0263-424e-a20b-c8711a690252,A,1.0,False
A-155,6be488a3-3e38-4fd9-9694-b7e3c7463ec7,post,056bdad2-c40c-43cf-aec0-6a169ec85547,A,2.0,False
A-156,ddecc36a-b632-4579-b1ef-d412c122c79b,post,056bdad2-c40c-43cf-aec0-6a169ec85547,A,2.0,False
A-157,bab86609-7ac2-4ab2-b3a7-62326d8d12c7,post,0572c1a1-3ade-4d98-a59f-a66fd2caba91,A,1.0,False
A-158,b4c685c7-7717-46a3-8887-6a41ab024cad,post,05886848-45ba-4bf9-ae4f-179c9afa631d,A,1.0,False
A-159,35003e36-004d-4a31-99a8-20caae4a5e42,comment,05aef387-41f0-47b4-8464-4486f5da44f8,A,1.0,False
A-160,38fef931-88b8-4d77-ae24-b5e1f33d6a4d,post,05b00ac2-505f-4d5a-870b-bd8c2df0728b,A,2.0,False
A-161,b00ec1de-72d0-4734-ae0d-a3c64007595b,post,05b00ac2-505f-4d5a-870b-bd8c2df0728b,A,2.0,False
A-162,069b3cfb-550f-4721-b339-15ec72a36e3b,comment,05ec5efb-b410-408a-935f-4052bb331152,A,1.0,False
A-163,a7d7942f-96ae-474f-89f0-6ec712f2d082,comment,05fc4c95-364c-49dc-a175-e22c717dbab6,A,1.0,False
A-164,27004d7e-bec8-408b-b955-175db51fe8d2,post,06463b9d-b9a0-4d29-9125-d4172b4cd5fe,A,2.0,False
A-165,69637b65-4951-45d6-8ad6-d0691fa04e3c,post,06463b9d-b9a0-4d29-9125-d4172b4cd5fe,A,2.0,False
A-166,0b4eb20d-7343-4ea1-b801-61a9b2ec8e8e,post,066fbd8c-006c-4aba-9651-f30347c5ee52,A,1.0,False
A-167,1a8d0585-e1b6-431a-9317-1dff7dceecf7,comment,070015bf-16b1-482b-bb75-22489468a3e3,A,6.0,False
A-168,42d291cf-4899-4c97-a4c1-09cc44a068f5,comment,070015bf-16b1-482b-bb75-22489468a3e3,A,6.0,False
A-169,985a93b7-8924-4b54-8769-c8b12ada4164,comment,070015bf-16b1-482b-bb75-22489468a3e3,A,6.0,False
A-170,ae07147a-9c5c-47ae-be7e-3af7c5df6d20,comment,070015bf-16b1-482b-bb75-22489468a3e3,A,6.0,False
A-171,b8fe70de-fb52-4c85-8629-fb3964e71e99,comment,070015bf-16b1-482b-bb75-22489468a3e3,A,6.0,False
A-172,c6059d10-8bbc-4554-a10b-36d8fce25ad4,comment,070015bf-16b1-482b-bb75-22489468a3e3,A,6.0,False
A-173,07e442eb-06b9-4a67-82e8-3ea81f433e5d,post,07172f6b-2f2e-40ce-9e60-10c2eb8dd2d5,A,1.0,False
A-174,38562f88-a4a1-430a-9cd8-24508d5ff93d,post,072ca45e-f36b-4997-a837-fd2a2efc3e12,A,1.0,False
A-175,48224c9c-f2c9-4f5a-96ca-6bcd4a949a35,post,072eff83-610a-48cd-9f30-9953383dcbe1,A,5.0,False
A-176,48ab6dfe-586f-4ff9-be79-88967b2a73a2,post,072eff83-610a-48cd-9f30-9953383dcbe1,A,5.0,False
A-177,92b1d773-d625-4e69-aec6-0606b2de7121,post,072eff83-610a-48cd-9f30-9953383dcbe1,A,5.0,False
A-178,b69ee3a1-dd50-40c8-a89f-cc7eac71d7e6,post,072eff83-610a-48cd-9f30-9953383dcbe1,A,5.0,False
A-179,e27b57e4-d4f8-463b-b882-73d156ecc7a9,post,072eff83-610a-48cd-9f30-9953383dcbe1,A,5.0,False
A-180,25362e1b-e0ac-46d8-a7ad-87caca8a1cda,post,07408af6-15af-4eba-9c77-a7a0257e93c0,A,1.0,False
A-181,d9977269-1395-4abf-8689-4d480f77c6de,post,0747f948-4e29-4fc4-a4b7-a29974f8a093,A,2.0,False
A-182,e512f0d5-6357-4ac0-82c2-fd1d100c43e7,post,0747f948-4e29-4fc4-a4b7-a29974f8a093,A,2.0,False
A-183,685b16aa-3885-4de5-9606-7877e79e9bd3,post,074cd5e1-9a96-4163-a826-b031e38b770e,A,6.0,False
A-184,abe203e8-c69d-42a2-97b0-c8e764b0685e,comment,074cd5e1-9a96-4163-a826-b031e38b770e,A,6.0,False
A-185,c4c4618e-d18f-4fd1-80b3-39c2ecbcc8ed,post,074cd5e1-9a96-4163-a826-b031e38b770e,A,6.0,False
A-186,c64528f4-9b4a-4cc3-94a3-e7d60fc9215b,post,074cd5e1-9a96-4163-a826-b031e38b770e,A,6.0,False
A-187,de625c71-8cb5-4619-8b52-59d09f88bb8f,post,074cd5e1-9a96-4163-a826-b031e38b770e,A,6.0,False
A-188,eaed23cc-97e9-499e-92e1-5158933cb81d,post,074cd5e1-9a96-4163-a826-b031e38b770e,A,6.0,False
A-189,0416e71a-d538-4461-b37e-b770dea55e96,comment,077999fb-e8d5-4743-a072-db53be792350,A,8.0,False
A-190,0fdfd954-7ea3-4c84-b5e9-0d02a028374f,comment,077999fb-e8d5-4743-a072-db53be792350,A,8.0,False
A-191,7765d7af-941b-4e8a-b1c9-4f657142b1b1,post,077999fb-e8d5-4743-a072-db53be792350,A,8.0,False
A-192,799c1b83-580e-4dc1-900f-4a5a8046d397,post,077999fb-e8d5-4743-a072-db53be792350,A,8.0,False
A-193,7b2b58c7-a720-47ba-a887-0ff3a6dc15ed,comment,077999fb-e8d5-4743-a072-db53be792350,A,8.0,False
A-194,d9934c06-7d97-4745-9ae8-157899fad479,comment,077999fb-e8d5-4743-a072-db53be792350,A,8.0,False
A-195,db596c87-f29f-4900-bd91-12641317a92a,post,077999fb-e8d5-4743-a072-db53be792350,A,8.0,False
A-196,f31d8762-16cb-463b-86d1-a2557e663647,post,077999fb-e8d5-4743-a072-db53be792350,A,8.0,False
A-197,0bea2f20-13af-407d-9338-04f4a55b6bde,post,077c166f-270f-4722-b831-a736458cd0d5,A,4.0,False
A-198,0f28ca20-bb03-4943-8ae0-47b4f66a0678,post,077c166f-270f-4722-b831-a736458cd0d5,A,4.0,False
A-199,e3ed0bbe-edec-48c1-bcc7-ba3b2a1a24ff,post,077c166f-270f-4722-b831-a736458cd0d5,A,4.0,False
A-200,ff381318-0ea8-488c-937c-43f67c2ddbff,post,077c166f-270f-4722-b831-a736458cd0d5,A,4.0,False
A-201,3a2815ad-d65f-4577-b3f2-6bbb2e1b5f59,post,0780feca-4529-4fe5-84fa-5af9417956a2,A,1.0,False
A-202,7151204d-1fc7-4ba4-83aa-cb01b5f6d65b,post,07b37621-cd6a-4f49-9bd6-da892ff65d96,A,1.0,False
A-203,b40714fe-4cc8-4816-8ab4-230d1760af17,post,07be5079-1107-4656-89fa-bb66e50c2a31,A,2.0,False
A-204,de834889-91e6-480c-8bbd-fef9cc642c9f,post,07be5079-1107-4656-89fa-bb66e50c2a31,A,2.0,False
A-205,bd90711f-22f8-4684-8a48-194699cf65c2,post,07e059f2-4f89-4aba-bca8-7396a2b99ec2,A,1.0,False
A-206,ab8a4e35-0fba-43a8-a7b8-ca4f26b60521,post,07e26d9e-d457-4874-a79c-7e0b03e0914c,A,1.0,False
A-207,4cdde9fd-1b0f-4dcb-9b6b-7f890834ab0e,comment,07f3f599-2c13-4342-8a71-1b314f772208,A,1.0,False
A-208,97670b08-0ffd-4791-b710-ab959a140ee3,post,07f688ae-4670-4df5-86cd-ee0ca1845ee0,A,3.0,False
A-209,ccedc4b1-b029-4e78-9fe5-d9d47fcde569,post,07f688ae-4670-4df5-86cd-ee0ca1845ee0,A,3.0,False
A-210,e8f444d5-cb24-4355-b6c9-9a29b6c612e0,post,07f688ae-4670-4df5-86cd-ee0ca1845ee0,A,3.0,False
A-211,7da2d029-1a89-42df-80ed-368e002f57de,comment,08174ba4-eda2-4154-bab7-f2eaa5ce4438,A,2.0,False
A-212,a87ad4b9-2b3b-4a6f-90fe-a599b1b31615,comment,08174ba4-eda2-4154-bab7-f2eaa5ce4438,A,2.0,False
A-213,a1af3cd0-2a4f-4c56-a346-c9ac64338d02,comment,082375f3-92fd-42da-b226-916820752459,A,2.0,False
A-214,af922969-1799-4a73-8b3f-b75aef3ef7d8,post,082375f3-92fd-42da-b226-916820752459,A,2.0,False
A-215,bc2ab723-cd60-4ac8-b10a-051d5265d745,post,0830deff-34b9-42a3-aabe-ea336e7cbfe9,A,1.0,False
A-216,1bd5b0c9-8b18-41a6-9da3-abeb7415f1fa,post,08576dd7-fef8-44cf-8877-8dc0d58bce78,A,10.0,False
A-217,3e1fc6d0-bc70-46bb-9668-0c0be9b34bc6,post,08576dd7-fef8-44cf-8877-8dc0d58bce78,A,10.0,False
A-218,7a5e41f1-2036-4e4f-a1bd-2a79348db5d9,post,08576dd7-fef8-44cf-8877-8dc0d58bce78,A,10.0,False
A-219,7f67d7e1-773f-4ab2-82f0-21b2505b4543,post,08576dd7-fef8-44cf-8877-8dc0d58bce78,A,10.0,False
A-220,8c383dac-459f-4909-8543-03cff60d9cb3,comment,08576dd7-fef8-44cf-8877-8dc0d58bce78,A,10.0,False
A-221,ba76c304-2882-4eb2-84a6-5771b96b1a6e,comment,08576dd7-fef8-44cf-8877-8dc0d58bce78,A,10.0,False
A-222,c826c60b-d25e-48b8-ad4e-fbddb35303a4,comment,08576dd7-fef8-44cf-8877-8dc0d58bce78,A,10.0,False
A-223,ef5910c2-3cb1-40a7-b9d7-c0c7f5bb6725,comment,08576dd7-fef8-44cf-8877-8dc0d58bce78,A,10.0,False
A-224,f0a95824-a537-4e73-9fd4-bb374d02cff8,post,08576dd7-fef8-44cf-8877-8dc0d58bce78,A,10.0,False
A-225,f7cae2c6-b0a8-441b-86e0-34462f722cd4,comment,08576dd7-fef8-44cf-8877-8dc0d58bce78,A,10.0,False
A-226,4d79b922-678e-4a31-b18e-85d8ca51f6d4,comment,0864939b-af4b-47a9-8ce8-6c044a525a07,A,5.0,False
A-227,554ed614-0c53-485d-a826-bac717726020,comment,0864939b-af4b-47a9-8ce8-6c044a525a07,A,5.0,False
A-228,975de7c1-c3fd-4ecd-a1e1-42c3f9696211,comment,0864939b-af4b-47a9-8ce8-6c044a525a07,A,5.0,False
A-229,cefbbebf-5f2a-45b1-bed4-6faa2d9691db,post,0864939b-af4b-47a9-8ce8-6c044a525a07,A,5.0,False
A-230,dd3bf733-92f2-4af2-a2d1-a94a61d2348b,comment,0864939b-af4b-47a9-8ce8-6c044a525a07,A,5.0,False
A-231,6d89bf87-8b84-44d3-ab83-6d43e632c850,post,08a0d47f-1b72-4bf0-bf7a-6090495a4558,A,2.0,False
A-232,bf5fd8a9-b36f-4816-ab54-d16bf94b5fd5,comment,08a0d47f-1b72-4bf0-bf7a-6090495a4558,A,2.0,False
A-233,a76b28bf-63de-4a37-a355-23085d728437,post,08ab3eab-cd25-48f9-ae3b-b82715c6badd,A,1.0,False
A-234,386896c8-95fe-4ad1-afbc-93ca6c5d6111,post,08acc3a2-81c1-43d2-889d-e4a7f554376d,A,1.0,False
A-235,54e10354-fb3a-4b35-8d21-6c4244e33f21,comment,08b8811b-2a66-48d7-b64c-700c8d23a58c,A,1.0,False
A-236,85f30d87-4709-40cb-a308-0e5bc678fba5,comment,08c72700-7d94-489d-ba95-a1bb70d73bec,A,1.0,False
A-237,a23f29fa-44cf-4193-a58b-40d863e17b84,post,08c74493-34f8-4873-aad1-2d13533debae,A,1.0,False
A-238,1ca13927-4317-46b3-a791-d8f1b93f78e7,post,08e33eda-54f7-48e6-aacd-1e6d809afe6a,A,5.0,False
A-239,3d1de817-91eb-4dfe-8f04-5aca1fb0f94f,post,08e33eda-54f7-48e6-aacd-1e6d809afe6a,A,5.0,False
A-240,56cd90bb-be35-426b-ada6-12442f78a0a6,post,08e33eda-54f7-48e6-aacd-1e6d809afe6a,A,5.0,False
A-241,8a9029c7-47f6-42a9-a5a4-c7dfb2a3b94d,comment,08e33eda-54f7-48e6-aacd-1e6d809afe6a,A,5.0,False
A-242,a8527ec3-a4c1-4056-ba19-17a914a919d4,post,08e33eda-54f7-48e6-aacd-1e6d809afe6a,A,5.0,False
A-243,531a57e5-0a24-416c-80ac-7d2d5af523d0,comment,08e87726-98f3-47ab-9790-3c2ce4629f6a,A,1.0,False
A-244,0d638761-4bcb-4229-ae00-a616c91bcdbe,post,09810715-3640-4895-9a3d-c7bc35fb9d4d,A,1.0,False
A-245,436a9f6d-523c-49bc-96cc-70c12dae20d0,post,09aaf22a-afe8-4409-bcc4-9080dab40404,A,1.0,False
A-246,f76df3d8-f082-47d1-aacd-727aac0f87d8,post,09b68726-0c60-4510-b3a9-e06866094b94,A,1.0,False
A-247,a01e6501-8fa5-4b3c-b0b8-a5cea0bebd1c,post,09b77547-9b5a-40ab-ac1c-e5dc776f6461,A,1.0,False
A-248,8ae68ad7-f61b-4fcb-865f-09c099600657,comment,09da98bd-794f-428b-9c1f-abff613694cf,A,1.0,False
A-249,37e2206f-9420-41a8-a4f8-1c31103683a0,post,09e53306-4231-4fcc-b003-f171988d2927,A,1.0,False
A-250,b981b63e-8a2f-4b9f-9ca4-acdd028fcf4f,post,09f17fa0-7241-4db6-b98f-eec9b6ce7f5c,A,1.0,False
A-251,69a4e1cc-aa5a-445b-b21d-20e837e05296,comment,0a116cbc-fa60-4adb-a021-c337ded5ab31,A,2.0,False
A-252,817b6638-cc3c-4c57-90a8-4a33b2ad7e9b,post,0a116cbc-fa60-4adb-a021-c337ded5ab31,A,2.0,False
A-253,5f82c673-acb8-4d45-884f-6ec8f1eb9bbf,post,0a4760a5-265b-42db-bef2-30251ad30ec5,A,1.0,False
A-254,daec9d88-7927-4304-bc0d-a46641b7d2e6,comment,0a4c65c2-47d0-4515-b3ed-7984eea88961,A,1.0,False
A-255,4d7cdcc2-f940-43ea-b71b-2ca7ebc983f4,post,0a850f26-3510-4ad2-8250-e3a4ba5b240b,A,1.0,False
A-256,9eec2c16-a809-4b61-ada6-3f229446760e,post,0a91a70f-3436-45ab-b2e5-f7d25bb8953f,A,2.0,False
A-257,b4fe36c5-2a95-4306-811a-b7ab51f47fcd,comment,0a91a70f-3436-45ab-b2e5-f7d25bb8953f,A,2.0,False
A-258,1eaf7a05-88b7-4d71-bc7c-3f121a2a3b3c,post,0a94daea-21e0-4da4-9eaf-b54c7036bf54,A,2.0,False
A-259,abdbaad5-66c9-4ca5-9814-9c0d9430eb87,post,0a94daea-21e0-4da4-9eaf-b54c7036bf54,A,2.0,False
A-260,acff82be-20f1-4bfe-8bf0-bbd9f2498f10,post,0a97cb98-f68a-4877-a133-f2d6d4eceab5,A,1.0,False
A-261,a900d926-bdb0-42e7-ab4b-1987275a3c23,post,0a9df794-a03a-46d4-9b33-22366fbe1892,A,1.0,False
A-262,953dee31-0d61-4dc9-8b07-b38e906fe738,post,0ab8279d-d290-4a2d-a838-45923a78c33c,A,1.0,False
A-263,7d815f79-12d8-413b-8ae7-936d30b79648,post,0af6b730-9dd2-4e78-8981-f655471e4ff8,A,1.0,False
A-264,5efed788-64c2-4166-aa6f-2da966418041,post,0b1c18a0-fbd9-46b1-a9b1-3cd281c54ab1,A,2.0,False
A-265,7939b95c-9f9a-4949-8476-2f29d7513382,post,0b1c18a0-fbd9-46b1-a9b1-3cd281c54ab1,A,2.0,False
A-266,305065ee-7a4f-4be3-9f6f-a5e57e4c18d9,post,0b375d5c-fcb2-4031-843f-8e525a3c6c38,A,2.0,False
A-267,8fe98881-9115-43d9-ae9a-5da96e212477,post,0b375d5c-fcb2-4031-843f-8e525a3c6c38,A,2.0,False
A-268,d17a3de5-2320-4ce4-b34d-955f56131f66,post,0b7eab0a-776a-42fa-93ee-fdaa3b74907a,A,1.0,False
A-269,4f9409cd-57dd-4aa6-ae48-a111314fed98,post,0bc52bf1-72a2-43da-983a-5771d5e192da,A,1.0,False
A-270,f6d386aa-78cf-4d24-a0a9-0240e743a664,post,0bcf840d-7608-4f52-88fe-d57eb16de4d1,A,1.0,False
A-271,839c87ca-273d-46df-87db-08817f74719b,post,0bd7cd99-b010-4118-986c-b8b88ee56e1c,A,2.0,False
A-272,feb874fe-0a55-4645-a9e4-6fd62a5d5a8e,comment,0bd7cd99-b010-4118-986c-b8b88ee56e1c,A,2.0,False
A-273,8e9e59d7-2500-46aa-8967-632fe475d6d0,post,0bf0243e-2073-46ac-b992-7fddb5e2f8ef,A,1.0,False
A-274,01f070b6-18fd-4b57-ac42-3302cd7ed2ff,comment,0bf0bd0e-35f5-478e-8268-1ff6d308ecc4,A,2.0,False
A-275,8c60dac1-14d5-4ded-8d7f-ac4f15b8e163,comment,0bf0bd0e-35f5-478e-8268-1ff6d308ecc4,A,2.0,False
A-276,518473db-4874-4a1e-863f-4e911ba78275,post,0bfe5df6-9cee-469e-86f6-8f9fa05360c0,A,2.0,False
A-277,9767c9da-59ce-4b2a-9acf-d70fbb388be2,post,0bfe5df6-9cee-469e-86f6-8f9fa05360c0,A,2.0,False
A-278,6e73ac93-e340-4f44-a9a9-f9694e8e15cf,comment,0c53837e-8100-4fd5-ad8e-b8e414842c1f,A,2.0,False
A-279,dbb6a7a4-dad0-4b5f-bdf2-a090271eb6cf,comment,0c53837e-8100-4fd5-ad8e-b8e414842c1f,A,2.0,False
A-280,11b93526-8e9e-4c7f-bd42-d7d7232ebec2,comment,0c5e575e-6d4b-43d1-9388-93de9728aca1,A,11.0,False
A-281,12f00ddf-81a5-42f0-843e-7e794b912ee2,comment,0c5e575e-6d4b-43d1-9388-93de9728aca1,A,11.0,False
A-282,34365871-3c17-4260-8768-f94d4d2ebe6b,comment,0c5e575e-6d4b-43d1-9388-93de9728aca1,A,11.0,False
A-283,34f522fc-ea37-4c44-b041-f0020104408d,comment,0c5e575e-6d4b-43d1-9388-93de9728aca1,A,11.0,False
A-284,5669be29-b293-4de5-a5d8-3c222cfc551d,comment,0c5e575e-6d4b-43d1-9388-93de9728aca1,A,11.0,False
A-285,5957893e-bd28-4e4c-9e7b-5d53b081f9cd,comment,0c5e575e-6d4b-43d1-9388-93de9728aca1,A,11.0,False
A-286,640b4c30-d9fb-443c-b4ac-43d37e2c37ab,comment,0c5e575e-6d4b-43d1-9388-93de9728aca1,A,11.0,False
A-287,93bc6e4c-d26a-43db-8487-99bd43715df8,comment,0c5e575e-6d4b-43d1-9388-93de9728aca1,A,11.0,False
A-288,b81005b1-0657-4b5e-93ac-22bf59e7194e,comment,0c5e575e-6d4b-43d1-9388-93de9728aca1,A,11.0,False
A-289,d50ac1c1-c1c1-47af-9cc1-06a656c8bd50,comment,0c5e575e-6d4b-43d1-9388-93de9728aca1,A,11.0,False
A-290,f2bcaae8-a4ca-446e-a7b4-5b5a8e33e543,comment,0c5e575e-6d4b-43d1-9388-93de9728aca1,A,11.0,False
A-291,18132aa7-4e84-413f-a6cc-84ec1527d7b6,comment,0c6c3459-4b4b-4fe0-8903-a05007de8380,A,5.0,False
A-292,1fdc68e9-f9f5-463b-b17e-0a4ac815610e,comment,0c6c3459-4b4b-4fe0-8903-a05007de8380,A,5.0,False
A-293,8e3b8acd-1eb9-4621-8ea8-175c07278c17,comment,0c6c3459-4b4b-4fe0-8903-a05007de8380,A,5.0,False
A-294,919dd4c4-0092-4bb1-a335-77fbdd500a24,comment,0c6c3459-4b4b-4fe0-8903-a05007de8380,A,5.0,False
A-295,b2845e3d-c466-483a-bed0-56346c9de958,comment,0c6c3459-4b4b-4fe0-8903-a05007de8380,A,5.0,False
A-296,3052ea38-b4e3-4f26-bd0a-9e8cbfd08394,post,0c9f816a-109a-484f-a85a-9262bc86b282,A,1.0,False
A-297,e26cfc47-6cd3-4c3e-9e78-833055d6adef,post,0ccff903-9869-4677-a15d-92e000eda064,A,1.0,False
A-298,92ef312a-0018-416a-8ccd-42e38cecc959,post,0cd5a945-c16b-410c-b30f-5a519f5fa859,A,1.0,False
A-299,56cdcf95-7ec1-46c8-a0e9-742d1529085d,comment,0cd7a9f2-a7f6-48e5-b1b4-5164835e6539,A,3.0,False
A-300,61d3af6e-72d8-494c-b671-3029194a53ff,post,0cd7a9f2-a7f6-48e5-b1b4-5164835e6539,A,3.0,False
A-301,ce1d9fbf-24c4-4381-8f3c-b4a17c3e444d,post,0cd7a9f2-a7f6-48e5-b1b4-5164835e6539,A,3.0,False
A-302,91e658fe-c140-4b9e-932e-50114333d47d,post,0ce2464a-a29c-4242-a6d1-bf7817a43ee4,A,2.0,False
A-303,cbcd8479-59a7-4cce-8d83-0fc160a9c362,post,0ce2464a-a29c-4242-a6d1-bf7817a43ee4,A,2.0,False
A-304,b6bd6169-6913-4f91-8c01-8d31772b4527,post,0cf7e97f-0784-46d3-a093-b326f752b9c6,A,1.0,False
A-305,ca4154e6-ece4-4c6d-9234-49356b429ea1,comment,0cfaf12d-47e5-4cc6-a825-fa2acaf4ea8b,A,1.0,False
A-306,eaf73740-05a4-491a-a16d-4dd425f06ca0,post,0cfe490f-7316-40c2-8426-b15cfcc24402,A,1.0,False
A-307,58fcbf93-4f78-4956-8dba-1050369ab575,comment,0d28ada2-b488-4614-9a1a-ea58f06d201e,A,1.0,False
A-308,f709e7dd-0778-4f41-a96a-a3c2db6effc6,post,0d4ca0d1-b00d-4343-bb52-ce3cc875072e,A,1.0,False
A-309,4ec5ab5e-9615-4255-ac80-469fc878eae3,post,0d5b490a-5404-45d8-9f9e-4ae515e51cfb,A,1.0,False
A-310,5d34e829-56a3-4fc6-958f-edbafeff40e9,comment,0d5d39aa-fa69-4065-becd-700fd4af16c3,A,1.0,False
A-311,55a8cbfd-1b9d-4641-a5b4-8dfd8a8116b2,post,0d89ed9d-b93d-436b-99e3-3fcd2eeb49f6,A,2.0,False
A-312,75e6d435-5590-40d7-b12a-218a723c9da3,post,0d89ed9d-b93d-436b-99e3-3fcd2eeb49f6,A,2.0,False
A-313,b0cc3741-9b6e-4188-941b-49ccaedec031,post,0d8def62-9e5d-484f-bc87-3024ff245715,A,1.0,False
A-314,b6595c71-7d24-42ff-8a24-1104f6865923,post,0d984861-5ae8-4cbd-b19c-9934208b643f,A,1.0,False
A-315,8f26fd35-cfc5-4eba-8d7e-9a95d982fd57,post,0dc9b60c-3e4f-4e96-a812-22ac42257c21,A,26.0,False
A-316,a0478014-0d26-494d-a54c-8c91f49df466,post,0dc9b60c-3e4f-4e96-a812-22ac42257c21,A,26.0,False
A-317,50e8a0de-38f6-4d74-8d9b-c8e302b55e42,comment,0dc9b60c-3e4f-4e96-a812-22ac42257c21,A,26.0,False
A-318,05b0bc28-1b79-41d8-9690-6cf1a4104270,comment,0dc9b60c-3e4f-4e96-a812-22ac42257c21,A,26.0,False
A-319,3fc2f194-f2b0-466c-94c5-0c2a1800c42c,comment,0dc9b60c-3e4f-4e96-a812-22ac42257c21,A,26.0,False
A-320,32d7a080-86c6-4284-87ed-7be6bd892329,post,0dc9b60c-3e4f-4e96-a812-22ac42257c21,A,26.0,False
A-321,79caf171-6f7b-4c40-a0d6-e345142d778b,post,0dc9b60c-3e4f-4e96-a812-22ac42257c21,A,26.0,False
A-322,3111f64a-0b4f-466d-9d30-774b54ce8b18,post,0dc9b60c-3e4f-4e96-a812-22ac42257c21,A,26.0,False
A-323,a4ccbfe5-e420-4f75-afea-46e56f9a9c18,post,0dc9b60c-3e4f-4e96-a812-22ac42257c21,A,26.0,False
A-324,30ec679e-0b53-4d9f-a79f-05c2ff5a5f74,comment,0dc9b60c-3e4f-4e96-a812-22ac42257c21,A,26.0,False
A-325,2cfa3f9c-f67a-42cd-84f8-75b28093d794,comment,0dc9b60c-3e4f-4e96-a812-22ac42257c21,A,26.0,False
A-326,3d5e2a09-9528-403d-b250-9bf679920a98,post,0dc9b60c-3e4f-4e96-a812-22ac42257c21,A,26.0,False
A-327,6d98d70a-1626-4f77-acf2-64bf08902aa8,post,0dc9b60c-3e4f-4e96-a812-22ac42257c21,A,26.0,False
A-328,8353de3c-f443-421b-90e2-5b5ba96f3586,post,0dc9b60c-3e4f-4e96-a812-22ac42257c21,A,26.0,False
A-329,91ca8a5a-0707-4cf3-a5ec-c85593faa134,comment,0dc9b60c-3e4f-4e96-a812-22ac42257c21,A,26.0,False
A-330,9c5f8bef-4ce9-478b-81ae-fd16b3a0532f,comment,0dd420b3-6ff9-4905-94c9-bf92d2a83e8e,A,3.0,False
A-331,de0d2a99-bc72-464a-9d08-75261613b6e5,comment,0dd420b3-6ff9-4905-94c9-bf92d2a83e8e,A,3.0,False
A-332,f334826c-f6d1-4794-aa29-6b041be95960,post,0dd420b3-6ff9-4905-94c9-bf92d2a83e8e,A,3.0,False
A-333,7e9d1f33-3ef7-44be-9951-3db0cc1931a5,post,0dfe7f9b-5034-4005-ad40-7d958cc90a37,A,2.0,False
A-334,d9adc1ba-f8f2-4779-9d2c-25834bb72d00,post,0dfe7f9b-5034-4005-ad40-7d958cc90a37,A,2.0,False
A-335,0dcdc2e0-c7c0-4f4e-997e-dd2a09b22147,post,0e33cad1-c93b-4d7d-b5bc-b1928f274b15,A,2.0,False
A-336,1cf735b3-fcfb-476f-afb6-19988ae7a332,post,0e33cad1-c93b-4d7d-b5bc-b1928f274b15,A,2.0,False
A-337,0b529620-61c7-453b-b9d7-f53e4de2f9b1,post,0e3e1e61-b33a-408d-843f-fde19e31271d,A,3.0,False
A-338,13901ab0-9595-4a6d-89c4-56919f1f04c9,post,0e3e1e61-b33a-408d-843f-fde19e31271d,A,3.0,False
A-339,8f38d3eb-6f3f-4784-b3a9-082ccc2e7275,comment,0e3e1e61-b33a-408d-843f-fde19e31271d,A,3.0,False
A-340,034a4bd6-f1b7-4bb2-818c-7ba72cb63b7d,post,0e53471e-3b31-4deb-b1f9-073dccb76b99,A,1.0,False
A-341,014c1030-16e5-4f44-9325-6d956b50421b,comment,0e76afd5-922d-42f3-9791-92dfe690eb0f,A,12.0,False
A-342,1c7e62a7-6978-4180-959f-63fd6e46e410,comment,0e76afd5-922d-42f3-9791-92dfe690eb0f,A,12.0,False
A-343,4cadc53c-533a-4700-af97-286828243c73,post,0e76afd5-922d-42f3-9791-92dfe690eb0f,A,12.0,False
A-344,650d22e2-1060-4d4b-917b-a3acffdd76eb,comment,0e76afd5-922d-42f3-9791-92dfe690eb0f,A,12.0,False
A-345,78503842-9f0c-4f14-8dda-4aa443bc8bbb,comment,0e76afd5-922d-42f3-9791-92dfe690eb0f,A,12.0,False
A-346,907ce446-cbe3-44d0-a5ec-b4fb57c9a29a,post,0e76afd5-922d-42f3-9791-92dfe690eb0f,A,12.0,False
A-347,918d79c3-4cda-46cb-be97-f5002c951bab,comment,0e76afd5-922d-42f3-9791-92dfe690eb0f,A,12.0,False
A-348,b3dcc32b-6524-4b78-a1af-3561d4aba03e,comment,0e76afd5-922d-42f3-9791-92dfe690eb0f,A,12.0,False
A-349,c655445b-23d3-426f-9aa5-21fdbbec6dde,comment,0e76afd5-922d-42f3-9791-92dfe690eb0f,A,12.0,False
A-350,d41486d0-322d-45b5-b951-344b04934e9e,comment,0e76afd5-922d-42f3-9791-92dfe690eb0f,A,12.0,False
A-351,db56d541-5754-499b-afcc-02d2472349a6,comment,0e76afd5-922d-42f3-9791-92dfe690eb0f,A,12.0,False
A-352,fb21472c-8502-400e-8763-860da35b0586,comment,0e76afd5-922d-42f3-9791-92dfe690eb0f,A,12.0,False
A-353,45f019e8-0c8c-4a08-a11b-999004ff4887,post,0e96be8f-298a-4407-9558-6609d779631f,A,2.0,False
A-354,f02bb345-e1a0-45b3-b996-f65bb3ba3776,comment,0e96be8f-298a-4407-9558-6609d779631f,A,2.0,False
A-355,326bde17-31af-4db7-8959-34ec909451c6,post,0ea82ae2-18af-4874-911f-b15a4cfaf4ec,A,1.0,False
A-356,73f2e1a7-e57d-42b8-a818-b49432f8768f,comment,0eaab7bf-358d-4aa4-b441-661d2cd9c999,A,1.0,False
A-357,30072ab3-8de4-404d-977f-0642593928fb,comment,0ebe789b-ef58-44df-adf3-1844108219ba,A,13.0,False
A-358,571f5913-2b1d-4732-85ba-4fee88f39c19,comment,0ebe789b-ef58-44df-adf3-1844108219ba,A,13.0,False
A-359,5d198537-4631-4571-bc36-e431e679c621,comment,0ebe789b-ef58-44df-adf3-1844108219ba,A,13.0,False
A-360,6dcf8343-e8d6-4a0f-acaa-b0eb8407ee0e,comment,0ebe789b-ef58-44df-adf3-1844108219ba,A,13.0,False
A-361,a4414cfd-3d98-4307-a5f9-27d5c84a0d20,comment,0ebe789b-ef58-44df-adf3-1844108219ba,A,13.0,False
A-362,b04a5918-c5bd-4f4e-992a-2ce9fbe0224c,comment,0ebe789b-ef58-44df-adf3-1844108219ba,A,13.0,False
A-363,ba27e53d-314b-49ea-9c80-e9d53ed1641d,comment,0ebe789b-ef58-44df-adf3-1844108219ba,A,13.0,False
A-364,d5d1073c-3927-4289-aa20-08e667282a3c,comment,0ebe789b-ef58-44df-adf3-1844108219ba,A,13.0,False
A-365,d6d13fb4-f0c4-4386-8428-b21bd94b817d,comment,0ebe789b-ef58-44df-adf3-1844108219ba,A,13.0,False
A-366,d9c3548c-4497-4c25-8410-c170424e019e,comment,0ebe789b-ef58-44df-adf3-1844108219ba,A,13.0,False
A-367,ded35e06-665a-4882-b013-e9c0b731e2b5,comment,0ebe789b-ef58-44df-adf3-1844108219ba,A,13.0,False
A-368,f33e79ce-0d32-4d90-90fa-e4b6ed5f472c,comment,0ebe789b-ef58-44df-adf3-1844108219ba,A,13.0,False
A-369,fe9a2be1-f467-45cc-9abf-69c311e28230,comment,0ebe789b-ef58-44df-adf3-1844108219ba,A,13.0,False
A-370,09c07652-b6a4-4d1b-8c80-0811bb0effcd,comment,0ebf01cc-09bc-44a6-80c3-d3121118406b,A,2.0,False
A-371,4aa1dc23-07fa-4a7a-a065-e51bde294cd7,post,0ebf01cc-09bc-44a6-80c3-d3121118406b,A,2.0,False
A-372,47b389d1-8741-42cd-95c6-8e762b41dccd,post,0ec01fb5-f3dc-47b7-863c-c2a2f388064a,A,1.0,False
A-373,32cd74fa-5699-4f30-af5e-9466574c004c,comment,0ed8c09e-851e-4a68-8683-ca772fa92c2b,A,1.0,False
A-374,1a0aa21a-4435-478b-8fe3-1a0ae276d8a6,post,0eeb9f4b-77f0-45fe-9c05-7f7044b0ffb0,A,1.0,False
A-375,1161b145-d24e-45b0-8bbe-3c61321fc7ae,post,0f11c652-a50a-40e0-8481-f16a19d50ae1,A,8.0,False
A-376,129cd4fa-b791-4c21-9def-0d9bc97fd36e,comment,0f11c652-a50a-40e0-8481-f16a19d50ae1,A,8.0,False
A-377,283b05b7-1479-4545-881f-7ea813dcc6a1,post,0f11c652-a50a-40e0-8481-f16a19d50ae1,A,8.0,False
A-378,4abb92a7-f125-4984-8493-99121b288020,post,0f11c652-a50a-40e0-8481-f16a19d50ae1,A,8.0,False
A-379,abd70ad1-003f-497a-b4ed-dba9a186b7fa,comment,0f11c652-a50a-40e0-8481-f16a19d50ae1,A,8.0,False
A-380,ae91c8cf-8174-4930-ae22-e3a68f5d96ee,comment,0f11c652-a50a-40e0-8481-f16a19d50ae1,A,8.0,False
A-381,d8e65295-e0ee-489e-ad50-97f17c317cf4,comment,0f11c652-a50a-40e0-8481-f16a19d50ae1,A,8.0,False
A-382,e20926dd-6c63-440a-86d2-125b668f0b71,comment,0f11c652-a50a-40e0-8481-f16a19d50ae1,A,8.0,False
A-383,44134d89-7f38-40db-ae6f-8222b095b830,post,0f1fbe92-c982-4af6-a7af-1b675cb2598b,A,7.0,False
A-384,86a88735-326d-4c32-8723-e8f13afc16ed,post,0f1fbe92-c982-4af6-a7af-1b675cb2598b,A,7.0,False
A-385,8ff09744-d590-42ae-b8bf-4653647b376a,comment,0f1fbe92-c982-4af6-a7af-1b675cb2598b,A,7.0,False
A-386,b29343d8-d116-4f01-8a8e-5d9a57e6d99e,comment,0f1fbe92-c982-4af6-a7af-1b675cb2598b,A,7.0,False
A-387,b7098576-f833-40cf-9803-f63af7f89b35,post,0f1fbe92-c982-4af6-a7af-1b675cb2598b,A,7.0,False
A-388,bafd269f-a8c2-4c7d-9047-7da60dade092,post,0f1fbe92-c982-4af6-a7af-1b675cb2598b,A,7.0,False
A-389,c292e5d7-60e2-44f2-a55a-6738c9397622,post,0f1fbe92-c982-4af6-a7af-1b675cb2598b,A,7.0,False
A-390,35ae96ac-c83e-4ba3-95a1-c01b946b7d56,post,0f3feb4c-6a69-4187-8a13-8980b018e2fb,A,1.0,False
A-391,7e0ba32f-1f1e-4082-a46d-3efc6c246392,post,0f433f91-ff7d-40fc-af2a-e35c121f6ccb,A,3.0,False
A-392,80859e8f-00ab-4ea0-a580-bd06e6d30468,comment,0f433f91-ff7d-40fc-af2a-e35c121f6ccb,A,3.0,False
A-393,e32497c3-8adf-4bb0-a09c-4e7e267037a2,post,0f433f91-ff7d-40fc-af2a-e35c121f6ccb,A,3.0,False
A-394,60f3a767-abb4-4fbc-ae9e-b9439c69c68c,comment,0f58c1d4-bcd3-4c79-a24a-060a85f6709d,A,2.0,False
A-395,b6dca8e5-c4c7-4ed5-a445-19f2c05a4039,comment,0f58c1d4-bcd3-4c79-a24a-060a85f6709d,A,2.0,False
A-396,7d4529c9-d4cc-40af-acbb-ed844647f7a5,comment,0f88d942-f0e5-49f2-8311-a1279d393729,A,3.0,False
A-397,88d96416-3c15-422f-a0ba-17a0c319ee53,post,0f88d942-f0e5-49f2-8311-a1279d393729,A,3.0,False
A-398,b962f6c1-ac02-44f9-a1a9-b03977838562,post,0f88d942-f0e5-49f2-8311-a1279d393729,A,3.0,False
A-399,0ca36b80-2cef-4c40-9f33-521901c91de9,comment,0fa2beab-72aa-4c66-846e-2ff315c1e131,A,4.0,False
A-400,0f31972f-2ac4-42c4-9e6b-e7f38e33f15d,post,0fa2beab-72aa-4c66-846e-2ff315c1e131,A,4.0,False
A-401,674c08fe-5a89-4698-87f4-042a5ccdac5e,comment,0fa2beab-72aa-4c66-846e-2ff315c1e131,A,4.0,False
A-402,acb88f3e-02fb-4065-8d45-8a3ee405e5b1,comment,0fa2beab-72aa-4c66-846e-2ff315c1e131,A,4.0,False
A-403,0375947e-fd09-4749-9045-6c218c4dec7b,post,0fb6eb37-5265-46bb-9895-afe5023ee513,A,5.0,False
A-404,3221c357-d2b4-4884-a70b-7faad094ffc5,comment,0fb6eb37-5265-46bb-9895-afe5023ee513,A,5.0,False
A-405,71f44d71-1831-4a78-822e-cc06ad50f8ed,comment,0fb6eb37-5265-46bb-9895-afe5023ee513,A,5.0,False
A-406,8b97cbaf-b616-4f60-bc21-676b5a6f0db2,post,0fb6eb37-5265-46bb-9895-afe5023ee513,A,5.0,False
A-407,fc36e4de-67d1-4f8a-868e-2a14525eba4d,comment,0fb6eb37-5265-46bb-9895-afe5023ee513,A,5.0,False
A-408,2297af0b-9b95-414f-9ff1-28e9355c28df,post,0fb922b5-4c29-42db-8882-14eab70e48b0,A,3.0,False
A-409,3145de55-1151-4a12-bb5c-97b674995d39,post,0fb922b5-4c29-42db-8882-14eab70e48b0,A,3.0,False
A-410,e8bcaec5-b242-4700-b0ba-5de56e571573,post,0fb922b5-4c29-42db-8882-14eab70e48b0,A,3.0,False
A-411,5fdfdc0d-b16a-40f0-be29-2dcbdf358ca2,post,10065205-c352-4174-a0cb-6366af122b7c,A,1.0,False
A-412,715094d1-89f7-4390-8c61-2facdbf23aaa,post,1007550f-469b-4d57-b311-7ff5ed73899d,A,2.0,False
A-413,8c845783-5553-433f-9b9e-65158a7f52a6,post,1007550f-469b-4d57-b311-7ff5ed73899d,A,2.0,False
A-414,0d30b5a9-012d-4168-8204-58245bb807da,post,10109dff-804d-43da-b5f5-bd7b4673e684,A,2.0,False
A-415,6ebe7fd9-8bdf-4654-80cc-46ead8d6ca57,post,10109dff-804d-43da-b5f5-bd7b4673e684,A,2.0,False
A-416,33fd9f66-1afd-4d53-88fb-932f57ab698b,comment,101c1e60-fa89-4375-951d-11da5cc4779f,A,2.0,False
A-417,f3dbb83f-6618-438c-adab-ae8256dbb9c9,comment,101c1e60-fa89-4375-951d-11da5cc4779f,A,2.0,False
A-418,91a1bb32-7b94-4257-9082-cb7e2ebd673b,post,102c4506-cf20-424b-adfd-d5c975648668,A,1.0,False
A-419,3285079e-0220-42f9-b8db-bfc98042c2a8,post,102daec3-1771-4667-a2b0-1cb92d41d70a,A,1.0,False
A-420,cbe5767b-413a-484d-9ef4-c17a10a464dc,post,106d1497-6a60-468e-a557-1e4655d1d825,A,1.0,False
A-421,4e685ed1-19d7-497e-b662-7deb3d4fcff6,post,107a1d2c-aadb-4d6a-bbac-89a1f326d8a0,A,5.0,False
A-422,62af9199-943d-4dd9-93a5-805fe8eb06f5,post,107a1d2c-aadb-4d6a-bbac-89a1f326d8a0,A,5.0,False
A-423,80f97e4b-9727-478d-bb36-6b3213e2f208,comment,107a1d2c-aadb-4d6a-bbac-89a1f326d8a0,A,5.0,False
A-424,c2e541bd-58c9-4dbf-8d03-247e6c589f22,post,107a1d2c-aadb-4d6a-bbac-89a1f326d8a0,A,5.0,False
A-425,e25ac0f8-7db2-45d7-b7ed-5739891f3d83,comment,107a1d2c-aadb-4d6a-bbac-89a1f326d8a0,A,5.0,False
A-426,81d76dc1-9138-4cf3-aee2-bf38eb31c3ee,post,109727fd-ebc0-4a3a-94b5-a6a5f0b3ec7a,A,3.0,False
A-427,93f08f47-6f49-4a5b-bd28-5675b32aae63,post,109727fd-ebc0-4a3a-94b5-a6a5f0b3ec7a,A,3.0,False
A-428,95dab6cd-b7ca-41c1-b826-cbbae725d728,post,109727fd-ebc0-4a3a-94b5-a6a5f0b3ec7a,A,3.0,False
A-429,536b3cbb-59e0-4685-a7ba-72ecafa8aa67,comment,10afeb5d-b32c-40be-81b1-2c1d69ac3eb9,A,1.0,False
A-430,ffebce37-5dec-4f89-8f70-8287f7b32d59,post,10f41ec9-cc89-4fd4-aded-f372cb8d7dac,A,1.0,False
A-431,0231b703-7947-4c3a-b7ba-d7194a5ab479,post,1101021b-87d9-4481-9c72-17f0747816cb,A,3.0,False
A-432,36213ca8-1949-4c4a-8351-b3d61898b4f1,post,1101021b-87d9-4481-9c72-17f0747816cb,A,3.0,False
A-433,693543c1-d1c7-4463-acdb-26cda4726ea8,post,1101021b-87d9-4481-9c72-17f0747816cb,A,3.0,False
A-434,79baa535-b20a-4c51-9568-14f1098559b5,post,1110d60a-3af7-41bc-bb9a-a4ba6bb7bad0,A,1.0,False
A-435,c4046fa6-9f4e-4276-8ef3-319edca05719,comment,11254e05-d0cf-4292-b436-f78508d5d3a0,A,2.0,False
A-436,c835fb4c-d53a-43bb-984d-5f928d709783,comment,11254e05-d0cf-4292-b436-f78508d5d3a0,A,2.0,False
A-437,273b55b0-ce75-4285-955e-16a7e34f909f,post,11854d04-4fbf-4d5b-a3a1-662ae61ef8b0,A,1.0,False
A-438,28d73668-98ba-4c33-bd81-f9ce8a7b4b8f,comment,119c8c4a-f75f-44c0-bd02-ade2d50fb335,A,1.0,False
A-439,e8d08110-b4eb-4a6c-bd72-ea8d370faad0,post,119f41f7-e174-442e-b5f3-cdd58abf5594,A,1.0,False
A-440,f5eaf550-e0b5-48c1-8dbf-f1ea47ac11ad,post,11a327e1-85b0-4acc-8a3e-003be633b491,A,1.0,False
A-441,083c809e-99e0-4bc8-93d8-2789c7de863e,post,11a9984b-080c-4002-bf74-7184d27f8df8,A,5.0,False
A-442,167aeda0-8036-401f-89bb-c2be3f9dd018,comment,11a9984b-080c-4002-bf74-7184d27f8df8,A,5.0,False
A-443,3e8522e3-d037-4836-8113-2e41f9be1cf1,post,11a9984b-080c-4002-bf74-7184d27f8df8,A,5.0,False
A-444,6e8292ba-38ec-4593-b598-9f0a3e6db1e8,comment,11a9984b-080c-4002-bf74-7184d27f8df8,A,5.0,False
A-445,7eda056c-0cd2-429d-9f87-472dacc86cf0,comment,11a9984b-080c-4002-bf74-7184d27f8df8,A,5.0,False
A-446,fda780e0-bbaa-4398-8395-763af67ec3d0,post,11c5cf64-1506-4cb2-8514-d39e8a7d956b,A,1.0,False
A-447,35d3922d-6aab-4f24-9b95-3009d38119d7,post,125214c5-963b-4fec-b4bc-aebd990526fe,A,7.0,False
A-448,5d34f82f-be86-4651-9df9-deb7264b0b6c,comment,125214c5-963b-4fec-b4bc-aebd990526fe,A,7.0,False
A-449,7b1f02c9-1188-4d13-b260-aab093fc93d3,post,125214c5-963b-4fec-b4bc-aebd990526fe,A,7.0,False
A-450,8fb02a0f-a196-4943-826d-3d75b6513a2a,post,125214c5-963b-4fec-b4bc-aebd990526fe,A,7.0,False
A-451,921e3158-c61c-4aef-835f-8454dc9112d2,comment,125214c5-963b-4fec-b4bc-aebd990526fe,A,7.0,False
A-452,bc5b5542-1bcf-481a-a46a-0672bcb74da1,comment,125214c5-963b-4fec-b4bc-aebd990526fe,A,7.0,False
A-453,f8e8ff01-5b8d-4fde-a81a-dc6ffb75f6ab,post,125214c5-963b-4fec-b4bc-aebd990526fe,A,7.0,False
A-454,280b9064-edb0-4f32-bc8f-a27ad67d6205,post,127b31b8-6993-4543-9f35-e28f3b8f450a,A,1.0,False
A-455,1d040272-7762-4c51-9780-8681de3235a1,comment,12827ee7-3c7b-49a3-814a-605816481816,A,3.0,False
A-456,4952d161-b67c-403f-8c95-8fb3506e3493,post,12827ee7-3c7b-49a3-814a-605816481816,A,3.0,False
A-457,ff2d3cb0-a53f-4c28-89f2-2cbbc0f131ca,post,12827ee7-3c7b-49a3-814a-605816481816,A,3.0,False
A-458,2ac1cd31-4e65-4e53-93d9-8c0dab5ef540,comment,12a6da15-362b-41b5-8a8f-5dcfde3fbfb6,A,2.0,False
A-459,a28eef9a-2a50-4215-a43e-93404aeff1a4,comment,12a6da15-362b-41b5-8a8f-5dcfde3fbfb6,A,2.0,False
A-460,4304e8f8-d89f-42c3-a1b6-a196ad9e715b,post,12c70092-daa4-4091-98b8-028c8f6e2459,A,2.0,False
A-461,b80e956f-c2a5-4fea-aa85-942dfdd2d9f9,comment,12c70092-daa4-4091-98b8-028c8f6e2459,A,2.0,False
A-462,b3b9eea0-b507-4430-b9a4-49eace5999a6,post,12cb9273-291d-4e16-8fca-5676c66569e8,A,1.0,False
A-463,714766d5-e938-4c5d-a896-cd2d08594e15,post,12d71f43-b631-4556-8343-7ca320715eea,A,2.0,False
A-464,8aacc9ad-f5b1-433d-ac36-0c1f067439ea,post,12d71f43-b631-4556-8343-7ca320715eea,A,2.0,False
A-465,7bc85e6a-7a67-4ca3-9acc-eaffe8d78748,post,131a9093-540d-45b0-9fa8-0f17b6973a55,A,1.0,False
A-466,db715cde-3410-4314-9897-bdcf6803c170,post,13216212-ffc3-40db-b8e5-5ca22221558a,A,1.0,False
A-467,9014730f-e612-40e2-a293-36c04c3588a5,post,132feff0-ac98-4aed-beb5-b9267df75641,A,1.0,False
A-468,b6235f7e-f95c-40ef-9ae2-0a7234703188,post,1334caf1-14e5-47c9-8911-a64eff1b89ed,A,1.0,False
A-469,47849e3f-ed18-4d23-a7d5-0cc038c9e2e3,post,134d803e-c441-4650-bae1-72099cd021d1,A,5.0,False
A-470,4d60aff4-56ea-4d35-8a3c-fe161ddc8861,post,134d803e-c441-4650-bae1-72099cd021d1,A,5.0,False
A-471,5a6a614e-334c-4246-9feb-2b6e31a18fb2,comment,134d803e-c441-4650-bae1-72099cd021d1,A,5.0,False
A-472,60816a34-8263-4489-ab36-6fe9f87cad0b,post,134d803e-c441-4650-bae1-72099cd021d1,A,5.0,False
A-473,e4725f10-130f-4cc4-ae55-b52b0b12b60b,comment,134d803e-c441-4650-bae1-72099cd021d1,A,5.0,False
A-474,ec8a7068-bc33-4c33-a150-ff2a9a469a43,post,135055cc-ce25-42b7-a294-3feb55ee3e41,A,1.0,False
A-475,12bac9cd-8d13-412c-ada5-581d046b9bd8,post,1362ceea-f04e-4475-aa64-b648bac483f0,A,6.0,False
A-476,26154491-6479-4a74-9fd8-4e6962d2e030,post,1362ceea-f04e-4475-aa64-b648bac483f0,A,6.0,False
A-477,4bbc31c4-3e11-4d09-81e2-b97425750398,comment,1362ceea-f04e-4475-aa64-b648bac483f0,A,6.0,False
A-478,7b76d46c-84da-4365-961a-4feb9d4ef688,comment,1362ceea-f04e-4475-aa64-b648bac483f0,A,6.0,False
A-479,8040043d-9406-4f51-ad98-33c8429d8fca,post,1362ceea-f04e-4475-aa64-b648bac483f0,A,6.0,False
A-480,d7bdf127-0b9d-4486-93a8-8cd0749fe01a,post,1362ceea-f04e-4475-aa64-b648bac483f0,A,6.0,False
A-481,92bbe78e-1cf9-4d9d-b7ed-d119bed41d1e,post,13649a2b-0a2d-4fa0-a781-a8bd10eca551,A,1.0,False
A-482,3928675b-886c-410e-93f1-3755d3714cbb,post,137797f4-111c-4f74-a756-213eb9289f05,A,1.0,False
A-483,2afe4664-461c-46e8-b71b-945eac32feaa,post,1387a22d-aae7-4a67-82a4-911cb325e11b,A,3.0,False
A-484,56dc3141-e7f4-4ade-9796-790e42252959,comment,1387a22d-aae7-4a67-82a4-911cb325e11b,A,3.0,False
A-485,842bf093-000c-47ab-95fc-72d4b3c3b945,comment,1387a22d-aae7-4a67-82a4-911cb325e11b,A,3.0,False
A-486,04827e3a-f087-40b4-bb8d-7fb1d7a13647,post,138fcf4a-1e2e-4542-8288-0bc821b2a9e9,A,2.0,False
A-487,621a87ce-e225-4fe5-81af-7181207225c2,post,138fcf4a-1e2e-4542-8288-0bc821b2a9e9,A,2.0,False
A-488,16199e55-d455-4226-9b21-f7bcc6938b1c,comment,13917347-c203-4818-a865-4f1a5d969e43,A,21.0,False
A-489,98a8ca09-0331-423f-9467-e751a07269dc,post,13917347-c203-4818-a865-4f1a5d969e43,A,21.0,False
A-490,d9e44017-c54a-4fb9-b242-e761b3a30588,post,13917347-c203-4818-a865-4f1a5d969e43,A,21.0,False
A-491,39298144-bf98-4718-9408-8cdcf595276c,comment,13917347-c203-4818-a865-4f1a5d969e43,A,21.0,False
A-492,96e7d08a-191f-4826-b6eb-20480941b9d7,post,13917347-c203-4818-a865-4f1a5d969e43,A,21.0,False
A-493,5c14b937-9cea-43b1-8ef3-601555c70177,post,13917347-c203-4818-a865-4f1a5d969e43,A,21.0,False
A-494,ec9b3f66-1f67-408c-a02c-5b149eb30ad7,comment,13917347-c203-4818-a865-4f1a5d969e43,A,21.0,False
A-495,0adc5cb9-1b71-479a-841d-9ee040519e89,post,13917347-c203-4818-a865-4f1a5d969e43,A,21.0,False
A-496,9a017385-121f-47ab-bf64-515f840ba6c2,post,13917347-c203-4818-a865-4f1a5d969e43,A,21.0,False
A-497,26fedfcb-0354-47eb-9666-65298fcdc1bd,comment,13917347-c203-4818-a865-4f1a5d969e43,A,21.0,False
A-498,2673c5c5-95d4-4143-bab5-6f880ce801f7,post,13917347-c203-4818-a865-4f1a5d969e43,A,21.0,False
A-499,414f7555-24d3-4217-9583-c294351e4632,comment,13917347-c203-4818-a865-4f1a5d969e43,A,21.0,False
A-500,964b6a85-2baa-484f-8378-1c65d7aa7f9d,post,13917347-c203-4818-a865-4f1a5d969e43,A,21.0,False
A-501,737d44ec-cc68-45e3-b961-9ec4b71fcdda,post,13917347-c203-4818-a865-4f1a5d969e43,A,21.0,False
A-502,4c8e8930-7d0c-442d-8cd7-136fd4e5c423,comment,13917347-c203-4818-a865-4f1a5d969e43,A,21.0,False
A-503,7b90ec6d-84b9-4f86-b040-78197e623a10,post,139b0c0d-9dd0-42ae-8817-ba6b29d53f17,A,1.0,False
A-504,8a7f2779-562d-42c9-9c9f-1970c47c2d0e,post,13ae0617-a71f-4a60-97cd-72d87a4b4b71,A,1.0,False
A-505,53cf2444-19b0-4cee-9778-46dedefeae05,post,13c40893-5fe1-4560-865c-ff5f5eab76e4,A,4.0,False
A-506,997d1065-a85f-4aa5-ba9f-38e3420cb219,post,13c40893-5fe1-4560-865c-ff5f5eab76e4,A,4.0,False
A-507,9f725e09-3c97-480e-a934-9a3e912ed646,post,13c40893-5fe1-4560-865c-ff5f5eab76e4,A,4.0,False
A-508,f129dd11-a4fb-4b86-97ba-04f94656dea1,post,13c40893-5fe1-4560-865c-ff5f5eab76e4,A,4.0,False
A-509,34077375-308b-4a04-be76-58e3b32f60be,comment,13ce7b4e-a7da-4b55-ba1c-8d5e0be80b0f,A,1.0,False
A-510,49a5f4b5-f12a-4825-a4cf-246452bae5dc,post,13d699c6-32fc-411e-86cf-b6a223e2550a,A,1.0,False
A-511,391e9272-dcc3-4b94-8e5d-d1c9d7c90a78,post,13d8ba0f-8608-4895-a9b1-bfa347e1f93f,A,4.0,False
A-512,91b5a517-e2d0-45bf-8ec2-7c4c38d7e79b,post,13d8ba0f-8608-4895-a9b1-bfa347e1f93f,A,4.0,False
A-513,b299ee00-7a59-4671-a129-d75a948afd1a,post,13d8ba0f-8608-4895-a9b1-bfa347e1f93f,A,4.0,False
A-514,fce08a68-4231-4e71-af5a-ab0beb5ebcd2,post,13d8ba0f-8608-4895-a9b1-bfa347e1f93f,A,4.0,False
A-515,06888cfe-cab9-4043-bcba-b66c8e180429,comment,13e7cd32-221b-4386-be56-77d453ce5b12,A,5.0,False
A-516,515bdd9c-c863-4473-a3c4-54fbdeada871,comment,13e7cd32-221b-4386-be56-77d453ce5b12,A,5.0,False
A-517,73c8713f-59c7-4174-a328-50ac166bff9d,comment,13e7cd32-221b-4386-be56-77d453ce5b12,A,5.0,False
A-518,d31c96d0-4e01-4cfe-bff0-c729e05b56a2,comment,13e7cd32-221b-4386-be56-77d453ce5b12,A,5.0,False
A-519,e83a3bd6-8ad9-497d-bb85-972559c1f161,comment,13e7cd32-221b-4386-be56-77d453ce5b12,A,5.0,False
A-520,04809891-a20c-421e-ac95-9036a74a5cef,post,13ed8a31-924c-4f0b-ab82-b69fa5fcb6ee,A,1.0,False
A-521,0c576456-f150-46d7-b7e9-fba1b374201f,comment,140dffb0-178d-4a8d-9f93-0468f8bdde0d,A,4.0,False
A-522,2c9f9ee4-08ff-4560-af51-8a043bf8b090,comment,140dffb0-178d-4a8d-9f93-0468f8bdde0d,A,4.0,False
A-523,955f58c3-0339-4ad8-89b9-4fd7e5d3d938,comment,140dffb0-178d-4a8d-9f93-0468f8bdde0d,A,4.0,False
A-524,c6349ff5-d7b5-40ee-9af7-4b81caaaa732,comment,140dffb0-178d-4a8d-9f93-0468f8bdde0d,A,4.0,False
A-525,17c0db30-667e-4d5c-832b-ac6b0e031e46,comment,1470f21d-182c-4ec3-b94d-978f8d7fb29d,A,1.0,False
A-526,5e2cd4d1-19ae-4d69-aadc-90c2eff796cd,post,1479bfdd-89df-419d-9afb-b27f274951ac,A,1.0,False
A-527,3b2c7030-aabd-42f9-b29f-d797f89c7d1e,post,148ea3a9-4982-45e2-9ab5-f25d20b3bd14,A,4.0,False
A-528,7d190fa4-688a-4879-8d4d-b49a5dac55b2,post,148ea3a9-4982-45e2-9ab5-f25d20b3bd14,A,4.0,False
A-529,b8855d8f-cd3f-4b91-9385-321f3d245912,comment,148ea3a9-4982-45e2-9ab5-f25d20b3bd14,A,4.0,False
A-530,c832bd1b-9f5b-41ff-8017-a0546e7bf472,post,148ea3a9-4982-45e2-9ab5-f25d20b3bd14,A,4.0,False
A-531,27e517db-7b0e-4239-89f3-8ea7d63ad9ce,post,149f2b34-3d66-4f46-99d4-461bf9672626,A,2.0,False
A-532,a9dd8919-4dae-458f-813d-7bf1b72b5dab,post,149f2b34-3d66-4f46-99d4-461bf9672626,A,2.0,False
A-533,6f4ba35b-4fcc-424c-a274-95fe482e9565,post,14cc6909-fbea-4a9b-b381-0f4c157f7796,A,1.0,False
A-534,1960440b-3556-4140-bc72-5c7f9c2cb834,post,14ea76d0-24e4-4741-986c-235003ee6f7e,A,1.0,False
A-535,a03173df-3a1d-4cf9-b814-4664c4ec907d,post,15301ef1-a3c4-4022-b700-e6a5ef96a0da,A,1.0,False
A-536,00340b6b-9eb1-42f0-8ba0-3472c78aefba,post,15452892-60ef-47f4-825d-d0d95edc4663,A,1.0,False
A-537,4b5eae9e-da4d-4390-845a-cd99543fd51f,post,1546be59-9d9a-40a5-bdc4-dcca082fff53,A,1.0,False
A-538,ce28c562-85fb-4f43-bffb-4943d66eebc5,post,156ce003-0376-4c3b-ae62-5bcae54fd127,A,1.0,False
A-539,32a8fc37-a5ad-47d4-8bc8-a50375866d23,post,156df9a7-c158-430f-8313-0a2e78078a67,A,5.0,False
A-540,3c417188-a93b-4c31-a512-96bee81d95f2,post,156df9a7-c158-430f-8313-0a2e78078a67,A,5.0,False
A-541,74b538e1-9e16-449e-b24d-21b54e561262,post,156df9a7-c158-430f-8313-0a2e78078a67,A,5.0,False
A-542,9eb00f00-cca8-4ae2-bd21-a4a29f581776,post,156df9a7-c158-430f-8313-0a2e78078a67,A,5.0,False
A-543,a5dd5209-d7b6-46fe-b363-536d50d725e8,post,156df9a7-c158-430f-8313-0a2e78078a67,A,5.0,False
A-544,87c1324f-229f-4deb-99d3-bb84a16115d4,post,1577fca2-018b-47e4-aa08-b11f883378e6,A,2.0,False
A-545,f9b8e5d2-c059-4dce-87d2-81c767b42d65,comment,1577fca2-018b-47e4-aa08-b11f883378e6,A,2.0,False
A-546,2cfc0675-9d51-4831-a41d-5689ddff16b7,post,15c699ec-5df4-400a-89fc-d0832784d6c4,A,2.0,False
A-547,3bee6508-8fde-4ef8-9640-1a30a2ff3906,post,15c699ec-5df4-400a-89fc-d0832784d6c4,A,2.0,False
A-548,0dc269ce-ea8d-410c-ad90-a4761184fe8c,post,15f624c2-7e92-44c4-9211-4a7a7a96b3cc,A,1.0,False
A-549,77a17f3e-7b04-49ef-bc0e-9c725ba6912b,post,16016733-6f87-4e83-bbf2-66bb11d731d2,A,1.0,False
A-550,7c235200-87cf-43a3-8eae-885fa754f0a6,post,161f2f04-e262-4384-9533-bdeb0fd06817,A,1.0,False
A-551,aa67277b-1b44-4a1c-bffb-36adc0b3f503,comment,16336214-5bcc-4278-be3a-332d85672ab0,A,1.0,False
A-552,1faf38fd-be21-4424-a05d-a8b5bed7c70a,comment,1640fd72-7cb3-4703-b9d1-db42e2ed427b,A,7.0,False
A-553,87c968ac-bcf9-4f2f-b159-1f6ebb6bd157,comment,1640fd72-7cb3-4703-b9d1-db42e2ed427b,A,7.0,False
A-554,94aa8b61-5143-494f-904e-744accf15f61,post,1640fd72-7cb3-4703-b9d1-db42e2ed427b,A,7.0,False
A-555,be36ec4d-e21d-4389-b4de-bb5b3eab2302,post,1640fd72-7cb3-4703-b9d1-db42e2ed427b,A,7.0,False
A-556,c167f223-8cfa-474c-b841-9235a1f67963,post,1640fd72-7cb3-4703-b9d1-db42e2ed427b,A,7.0,False
A-557,c778c206-b038-4446-83c0-39151d2bcc5d,post,1640fd72-7cb3-4703-b9d1-db42e2ed427b,A,7.0,False
A-558,f8631d7d-a24f-4faf-99b6-4df356b910eb,post,1640fd72-7cb3-4703-b9d1-db42e2ed427b,A,7.0,False
A-559,021a6803-a1b3-461e-9545-a6dd63509aa9,comment,16451d89-8a43-41ae-921e-8694659aeb97,A,5.0,False
A-560,87b17310-c50b-406c-b3a9-9403b41a37a2,post,16451d89-8a43-41ae-921e-8694659aeb97,A,5.0,False
A-561,cac28cea-db05-4613-b449-1cd232e02362,comment,16451d89-8a43-41ae-921e-8694659aeb97,A,5.0,False
A-562,edf40bfc-1620-4a80-986e-ae9c978541bf,post,16451d89-8a43-41ae-921e-8694659aeb97,A,5.0,False
A-563,f440d2cd-1139-47fa-99e1-7e313769f199,comment,16451d89-8a43-41ae-921e-8694659aeb97,A,5.0,False
A-564,34bccf9d-e5fc-4eb9-ad3a-666403ba074c,post,165953ac-a9f4-4260-b21c-ea479e19f9b0,A,2.0,False
A-565,478c842a-e4e1-498d-b8ed-48431d2b5510,post,165953ac-a9f4-4260-b21c-ea479e19f9b0,A,2.0,False
A-566,3c594a4e-7cfd-46d5-a2cb-8f14a62d25ec,post,166c0045-e007-47e8-90bb-1bed4fd34e29,A,1.0,False
A-567,34f64d02-082a-4a12-9a4d-82387d205d0c,post,1683d789-ddcb-49e9-b01a-2613b6b6cee4,A,3.0,False
A-568,6fdb3226-b88f-4410-87ab-384fff2a64d5,comment,1683d789-ddcb-49e9-b01a-2613b6b6cee4,A,3.0,False
A-569,ac0ef61e-e491-491a-b7e1-b0a2c48145c1,post,1683d789-ddcb-49e9-b01a-2613b6b6cee4,A,3.0,False
A-570,4c8c1bfb-4f6c-40ee-9711-bf5a5be3b091,post,168df3d9-4ea9-45d0-a8fd-23fc18e83fd5,A,3.0,False
A-571,7951f8be-4c48-4934-ad7f-1e4a575c0e8b,comment,168df3d9-4ea9-45d0-a8fd-23fc18e83fd5,A,3.0,False
A-572,a32c312a-387a-444c-b422-ba3ab48d4493,comment,168df3d9-4ea9-45d0-a8fd-23fc18e83fd5,A,3.0,False
A-573,a7d0a502-ab41-441f-a99c-7e74b263f651,post,16abf7a0-c6e6-44ec-aace-d5e2207f7c7d,A,1.0,False
A-574,5924c146-ebd1-4c6d-9755-28215aacdad8,post,16d5f6bd-c11d-4488-96eb-79a2fed05e83,A,2.0,False
A-575,b16e94c6-ad82-4036-a78a-fce984207a02,post,16d5f6bd-c11d-4488-96eb-79a2fed05e83,A,2.0,False
A-576,21d7775d-5e48-4c61-b819-fc752d10781d,post,16f6a6cc-8c5d-41a1-b33a-941cf1d7966a,A,1.0,False
A-577,928519e0-132d-4bac-96c8-cf2318017c72,post,170f141d-38d5-40ad-9a5f-825b09be5c21,A,1.0,False
A-578,36ca44d5-4f37-4fa3-a0bd-ff601441a3bb,comment,17157d26-4155-487b-bffe-308304b14fb4,A,4.0,False
A-579,4c5be9e8-4e1b-40ba-8b29-3a8e42dcbbe1,comment,17157d26-4155-487b-bffe-308304b14fb4,A,4.0,False
A-580,848f30d3-de83-487e-a35d-b775c1258ff7,comment,17157d26-4155-487b-bffe-308304b14fb4,A,4.0,False
A-581,c46d7b42-a69b-49a5-b494-d1558955779f,post,17157d26-4155-487b-bffe-308304b14fb4,A,4.0,False
A-582,4399cbf6-a18f-4078-ac05-757e50310ab2,comment,1724df26-fb89-45fe-b5ff-49bdb3e9b787,A,8.0,False
A-583,78e0703f-0ec2-4177-a7a9-c7202942f44a,post,1724df26-fb89-45fe-b5ff-49bdb3e9b787,A,8.0,False
A-584,7e811d6d-5d0f-4124-972c-30bd86c5e2fc,comment,1724df26-fb89-45fe-b5ff-49bdb3e9b787,A,8.0,False
A-585,9f73ea93-4b3d-43ca-89d2-e818bbe259aa,post,1724df26-fb89-45fe-b5ff-49bdb3e9b787,A,8.0,False
A-586,d00b3923-6ea4-4b26-8566-2797bc69a288,post,1724df26-fb89-45fe-b5ff-49bdb3e9b787,A,8.0,False
A-587,d3044f9b-44d6-4c16-a1a3-f105fbb78632,post,1724df26-fb89-45fe-b5ff-49bdb3e9b787,A,8.0,False
A-588,db7b9d7f-49f2-42a5-af20-947ca288694a,comment,1724df26-fb89-45fe-b5ff-49bdb3e9b787,A,8.0,False
A-589,f3b54ca1-18ed-4cac-bf89-2b3a5c0994bd,post,1724df26-fb89-45fe-b5ff-49bdb3e9b787,A,8.0,False
A-590,ebcd400a-b139-4788-bcfb-531940efda59,post,1726ccf9-d3d4-4dd3-91b4-5d488bcdb14b,A,1.0,False
A-591,41afb9bf-a29a-4da5-9507-f76187773bc4,comment,1735ab0c-3267-460b-8e02-4c0cd4e7ed71,A,19.0,False
A-592,dfd723a7-7c81-4677-b99d-8553daf5e522,comment,1735ab0c-3267-460b-8e02-4c0cd4e7ed71,A,19.0,False
A-593,0d1ee090-00c9-49bd-b71c-aaeec4f9bdeb,comment,1735ab0c-3267-460b-8e02-4c0cd4e7ed71,A,19.0,False
A-594,77d38794-9933-48c0-b1af-a18ffc4fbf0a,comment,1735ab0c-3267-460b-8e02-4c0cd4e7ed71,A,19.0,False
A-595,465ee0cb-97de-4bf6-803d-d75049c8865a,post,1735ab0c-3267-460b-8e02-4c0cd4e7ed71,A,19.0,False
A-596,1f62ea1c-30c6-4e8d-b644-2d565b84ad1b,comment,1735ab0c-3267-460b-8e02-4c0cd4e7ed71,A,19.0,False
A-597,1f5eca9e-f564-4be1-a770-864704318460,comment,1735ab0c-3267-460b-8e02-4c0cd4e7ed71,A,19.0,False
A-598,ecd97f51-e1f5-4082-b936-1e1757a33139,post,1735ab0c-3267-460b-8e02-4c0cd4e7ed71,A,19.0,False
A-599,11e0a251-8030-41df-a627-ab28c83403c4,comment,1735ab0c-3267-460b-8e02-4c0cd4e7ed71,A,19.0,False
A-600,c371cc3b-b6aa-4016-a5e8-4f01398e2d33,post,1735ab0c-3267-460b-8e02-4c0cd4e7ed71,A,19.0,False
A-601,d9cad64f-d51d-4c54-a3f9-13c4bb56d135,comment,1735ab0c-3267-460b-8e02-4c0cd4e7ed71,A,19.0,False
A-602,b2556cc5-13ef-4bbc-8b3d-7d8f327df65e,comment,1735ab0c-3267-460b-8e02-4c0cd4e7ed71,A,19.0,False
A-603,41b9df01-d10f-4e6a-9f45-40de2dcba9a8,post,1735ab0c-3267-460b-8e02-4c0cd4e7ed71,A,19.0,False
A-604,96cfcb1f-976f-4e89-84b9-3352c1be6b20,comment,1735ab0c-3267-460b-8e02-4c0cd4e7ed71,A,19.0,False
A-605,a0116585-2271-4557-9495-6f91cea3b83c,post,1735ab0c-3267-460b-8e02-4c0cd4e7ed71,A,19.0,False
A-606,6f19c635-0d7a-4492-88f4-7e4a4a7032ec,post,17368e7e-f89d-47a5-93fb-48948d8e7800,A,1.0,False
A-607,38c612e9-f8b9-4c8e-8ce3-e392f4c6601a,post,176a8960-00bc-44aa-aec7-ebbd7edb64ad,A,2.0,False
A-608,ca2a0af2-82f7-4a9a-a95a-e5ff28dbb9f9,post,176a8960-00bc-44aa-aec7-ebbd7edb64ad,A,2.0,False
A-609,5ca66c95-eb7f-4801-9967-c669af7597f0,post,176f57cf-f027-449b-acde-9fa5f0c105c5,A,1.0,False
A-610,52fb73e2-9027-428a-83fa-4bba294d5071,post,179c7707-b799-4c57-9560-cf25addc66e7,A,1.0,False
A-611,136f1853-bceb-4ccf-8aef-2d5bd91f24c7,comment,17b26f4b-1837-46c5-bf08-fbfc5eeb8163,A,3.0,False
A-612,711b3e9b-3c2c-4664-aff1-b292cdbe4ac8,comment,17b26f4b-1837-46c5-bf08-fbfc5eeb8163,A,3.0,False
A-613,9a1d89b5-1430-4d61-93ac-855903aedaaf,comment,17b26f4b-1837-46c5-bf08-fbfc5eeb8163,A,3.0,False
A-614,6e1e77d3-966a-4f57-b0e6-3d21ac652d28,post,17b63ac2-17af-4d75-b67e-73c2f1adbdfe,A,1.0,False
A-615,2fa540cd-bca8-41d9-bac1-186fef75e49e,comment,17c88eab-6cbd-4532-9a4f-e30710ed4232,A,8.0,False
A-616,5ccef4b2-629b-4202-9405-2be88fcc515a,post,17c88eab-6cbd-4532-9a4f-e30710ed4232,A,8.0,False
A-617,5fb684bb-a849-467a-b786-edc63fab3857,comment,17c88eab-6cbd-4532-9a4f-e30710ed4232,A,8.0,False
A-618,7345a1a6-6f50-4d7f-989c-0ee3eb002dfa,post,17c88eab-6cbd-4532-9a4f-e30710ed4232,A,8.0,False
A-619,aaff1d3c-dbc4-4e89-8095-1987fa62a8c5,comment,17c88eab-6cbd-4532-9a4f-e30710ed4232,A,8.0,False
A-620,c2eafb60-d90d-48e2-878f-29fbc59d9c2f,post,17c88eab-6cbd-4532-9a4f-e30710ed4232,A,8.0,False
A-621,cd4e4dfe-6eae-46dc-ae5c-f11ea4f204ef,comment,17c88eab-6cbd-4532-9a4f-e30710ed4232,A,8.0,False
A-622,eb2a2ba2-a08b-4424-8041-b6c8f3bc4e25,comment,17c88eab-6cbd-4532-9a4f-e30710ed4232,A,8.0,False
A-623,0caa5316-7dd7-4ba2-9df3-057e5ea022f7,post,17e9ee34-87e9-431f-a2be-1a893071621e,A,4.0,False
A-624,1c882c28-ae4c-444a-a5ab-5a9482ccb3ab,post,17e9ee34-87e9-431f-a2be-1a893071621e,A,4.0,False
A-625,3bdd2025-9ed2-45d4-b777-90414eb38602,comment,17e9ee34-87e9-431f-a2be-1a893071621e,A,4.0,False
A-626,f405b504-0d0b-4a94-b07c-95160c90565d,post,17e9ee34-87e9-431f-a2be-1a893071621e,A,4.0,False
A-627,a4e92bd3-0d4e-4a85-af60-49980da74f18,post,18067009-e034-4864-a9d7-c7f3e149edf4,A,1.0,False
A-628,21790d0b-1f72-44bb-b61b-f752e9caf77d,post,189a245a-8c83-4c9f-9bdb-c64ba20a3f64,A,11.0,False
A-629,4bbc9ed2-6193-462e-a745-209a9d0bf311,comment,189a245a-8c83-4c9f-9bdb-c64ba20a3f64,A,11.0,False
A-630,4be4629e-7568-42f6-9e75-d5f6d6098b01,post,189a245a-8c83-4c9f-9bdb-c64ba20a3f64,A,11.0,False
A-631,56e8c72c-b89b-471f-b321-12078e4c2599,post,189a245a-8c83-4c9f-9bdb-c64ba20a3f64,A,11.0,False
A-632,67c03ea6-47fe-4b05-8cd4-d987a9c5bc1f,post,189a245a-8c83-4c9f-9bdb-c64ba20a3f64,A,11.0,False
A-633,7f096c4f-1fa1-4ea4-9a94-f976358d1662,post,189a245a-8c83-4c9f-9bdb-c64ba20a3f64,A,11.0,False
A-634,cc09c02f-e8fd-45b1-a720-399b09580b25,post,189a245a-8c83-4c9f-9bdb-c64ba20a3f64,A,11.0,False
A-635,d288ed35-508c-4a7d-b494-1e8e1766e272,comment,189a245a-8c83-4c9f-9bdb-c64ba20a3f64,A,11.0,False
A-636,e4760122-215a-4a96-b95d-693efc592e1a,post,189a245a-8c83-4c9f-9bdb-c64ba20a3f64,A,11.0,False
A-637,f2e7ae5c-874e-47b2-9dd6-41316cfeb037,post,189a245a-8c83-4c9f-9bdb-c64ba20a3f64,A,11.0,False
A-638,f306a97f-18b4-4370-8cd2-7cf8c9b95bb1,comment,189a245a-8c83-4c9f-9bdb-c64ba20a3f64,A,11.0,False
A-639,3c7bacb0-88a3-46c5-a251-bcfeffc54dd0,post,18b381d0-5b98-4466-9227-1f28185e1fe2,A,2.0,False
A-640,e39fecba-4aad-4f5b-b38f-e310557936a7,post,18b381d0-5b98-4466-9227-1f28185e1fe2,A,2.0,False
A-641,c273c1bd-9872-479f-90c5-24a0b26d60d4,comment,18b9b289-84c8-4273-921c-9f7b4551ef1d,A,1.0,False
A-642,1a563956-4bb9-4a4d-bcd8-60fda3167d27,post,18c1d6d6-25ff-4aaa-8b87-0448ec405074,A,3.0,False
A-643,49c5bf2d-3b73-405b-b20b-93de19692bce,post,18c1d6d6-25ff-4aaa-8b87-0448ec405074,A,3.0,False
A-644,88403cf8-7cb0-4c75-8d2b-a7299bfda196,post,18c1d6d6-25ff-4aaa-8b87-0448ec405074,A,3.0,False
A-645,d17791e0-ab80-4f97-bfac-fb0cfea34df6,post,18ede9ee-bff6-4d7e-9b6f-790824b2195d,A,1.0,False
A-646,919611c5-c6cd-4c04-aa8b-15d1d4730edd,post,18ee3d44-c670-477a-9359-d82005cf6085,A,1.0,False
A-647,8f4e2a10-fb81-44d0-894a-055081a1dc8c,post,18f51ba5-b1a6-4d62-84f2-64d8beba9665,A,1.0,False
A-648,9fcad7d7-f507-4552-b3ab-2b618620ff13,post,18ff8e53-0bf7-4361-93c5-486d704813f4,A,1.0,False
A-649,176774cd-1a5b-44ee-a494-b4c0fcd23369,post,190bde45-9d04-4956-ae36-563c7b93ea64,A,2.0,False
A-650,ee2a6bf8-6568-42f0-a3fc-6e8384378c01,comment,190bde45-9d04-4956-ae36-563c7b93ea64,A,2.0,False
A-651,f2baa5ff-a646-4d60-a47d-9307d5fe3da8,post,190e5508-d06d-4250-b9a2-511718c63ac0,A,1.0,False
A-652,9950466e-e8a0-4b12-add5-cb23a4eedc57,post,191b32bb-2d44-4f86-b56a-60d8abf8d107,A,1.0,False
A-653,afe5f270-ef32-4738-984b-b12b42e68ad3,post,191efb99-8b84-4766-9928-189353ac3225,A,1.0,False
A-654,57f7509b-83ed-4591-a029-2972b7b43a6b,post,19251396-e7d3-4340-9a14-44a2ff01c8ca,A,1.0,False
A-655,23dc40bf-6fe3-46f1-8002-91f581c1a859,post,19309702-3348-44c3-aea1-7d8beae6cbab,A,1.0,False
A-656,502adabc-572d-45a8-b0b9-dcdb2665c805,comment,194c995c-8928-40ef-8e42-360241135c15,A,5.0,False
A-657,6849fe2c-0f4d-4b85-a305-af6ea4edce94,post,194c995c-8928-40ef-8e42-360241135c15,A,5.0,False
A-658,940327d2-a1ab-462f-9e73-323a453475fd,comment,194c995c-8928-40ef-8e42-360241135c15,A,5.0,False
A-659,c041c43c-ddfb-44da-8ebe-3f7f0815ca93,post,194c995c-8928-40ef-8e42-360241135c15,A,5.0,False
A-660,f66f4e7d-7903-452c-ac21-067b603cb3f8,post,194c995c-8928-40ef-8e42-360241135c15,A,5.0,False
A-661,4a6ad979-d7bb-4560-95b7-6dfb9c55aec9,post,196c2b86-24cd-4441-854a-5ec24fe4cbca,A,1.0,False
A-662,6e77c24b-ff03-4965-b9ab-70f68e15d93c,post,19719cf8-d3ab-414c-9f5f-506da1457429,A,1.0,False
A-663,dd4742dc-f024-4b2d-a095-de31ad884511,post,1985a0f5-cba4-4397-84bf-c304b17f3797,A,1.0,False
A-664,6d92619b-ffc1-4f6e-b0ec-0a695bf00bb6,comment,19adce8a-ca7a-4486-96f4-4928410212c1,A,1.0,False
A-665,083e58ac-4c23-43ae-a58a-d9d759138944,comment,19d2ae8b-c9bc-44f4-ab10-803b9ecaccb1,A,10.0,False
A-666,3b31351f-b856-41ae-a3be-6b6cbd1b04ff,post,19d2ae8b-c9bc-44f4-ab10-803b9ecaccb1,A,10.0,False
A-667,8a0b6e91-d9a8-47d9-859c-50e4584d96b0,comment,19d2ae8b-c9bc-44f4-ab10-803b9ecaccb1,A,10.0,False
A-668,8a644805-74bd-4f7c-9653-87ed0f52be00,comment,19d2ae8b-c9bc-44f4-ab10-803b9ecaccb1,A,10.0,False
A-669,9af78fe8-08ee-4f9a-a70e-de7cbc076d54,post,19d2ae8b-c9bc-44f4-ab10-803b9ecaccb1,A,10.0,False
A-670,a993a764-6116-4d75-b419-8123f4562d0d,comment,19d2ae8b-c9bc-44f4-ab10-803b9ecaccb1,A,10.0,False
A-671,b06c7faf-fe2d-45a5-a9af-e4c847dd3c28,comment,19d2ae8b-c9bc-44f4-ab10-803b9ecaccb1,A,10.0,False
A-672,cab119fa-8100-46b3-8aba-34a1697f50d1,post,19d2ae8b-c9bc-44f4-ab10-803b9ecaccb1,A,10.0,False
A-673,e910916c-d530-4fe8-b8e2-c16315492ac2,post,19d2ae8b-c9bc-44f4-ab10-803b9ecaccb1,A,10.0,False
A-674,ed6b98ca-8031-471e-a981-a6d6317f31ec,comment,19d2ae8b-c9bc-44f4-ab10-803b9ecaccb1,A,10.0,False
A-675,7eb25930-56bd-4def-857f-8c0fcfd89255,comment,19f38dc9-73f1-499e-9776-94d6f6907fd0,A,1.0,False
A-676,1d75a435-0d5e-490b-a60c-b08a282967f6,post,1a1acb21-eb23-450e-83db-09239e40c9ae,A,3.0,False
A-677,86da8149-146d-4234-b91e-1f71de28499b,post,1a1acb21-eb23-450e-83db-09239e40c9ae,A,3.0,False
A-678,c33083b7-548b-418a-b9cb-5c76bb04e076,post,1a1acb21-eb23-450e-83db-09239e40c9ae,A,3.0,False
A-679,d0f56094-e2f3-4bd5-b670-6711ec3d6c28,post,1a24435d-6a2f-428c-aa41-a5b4f5788dea,A,1.0,False
A-680,372de38b-2ae4-4dfa-bb57-a5234bb7d310,post,1a45e4b1-8660-407d-a549-3d4ac5c5dc37,A,1.0,False
A-681,10570670-3b0c-472c-b1cd-42dc27d538a8,comment,1a53b6f2-6fa0-4cd6-88fd-8f93c38f16c7,A,1.0,False
A-682,d470a0c4-f2b1-40c9-b0d5-65f0eeb15e2a,post,1a6237d7-0f53-4407-8410-34ef69d0f882,A,1.0,False
A-683,a65768e7-2bc5-4e07-bba0-9ac3230da90a,post,1a7e5ee3-6913-4881-b746-404d6c22b27d,A,1.0,False
A-684,94d7ad0c-1b88-45aa-82fb-23f45f1f72e6,post,1a864a7f-9025-4d20-a83a-d4bbcc18a05f,A,1.0,False
A-685,598127db-69d2-407a-8c87-4eada20beea4,post,1add52ad-98fd-4d63-b664-6c526a5c967e,A,1.0,False
A-686,6a58f396-18c1-4eb3-ac80-ab0212afc576,post,1aec644f-a5ce-4499-8e6c-0b9b9b915f1f,A,2.0,False
A-687,eee8d97f-2a60-4b22-9bac-72dcd1cc1421,post,1aec644f-a5ce-4499-8e6c-0b9b9b915f1f,A,2.0,False
A-688,73146184-c55c-4f24-bc5f-d0a13b43166f,post,1aef7536-a74e-4828-af41-383bfcb0dff7,A,1.0,False
A-689,6a88a20d-c100-4c3b-9748-f6f9a3c53b03,post,1b191ce5-43c2-426b-8466-7a6fff6ab5df,A,1.0,False
A-690,0a3fc864-7d65-4e74-9af5-85b5bc65e64a,post,1b2eb3b5-433b-458e-8870-7d65d02c8d58,A,1.0,False
A-691,5c5c0d3c-8e70-42c1-9ff2-0b17fa02bb66,comment,1b3e5761-1cfc-4aff-803a-3e94f332533a,A,2.0,False
A-692,8fbd3ab8-64b7-4d52-bcd3-df56ee22729b,post,1b3e5761-1cfc-4aff-803a-3e94f332533a,A,2.0,False
A-693,5e3088de-f7d5-4a7a-b1f9-7f479bdb1dbf,comment,1b47fba3-4fe4-4d30-8dea-7ee8eddc162a,A,1.0,False
A-694,1cb881dc-6006-4d84-afec-25375de20f53,post,1b88cbd4-db7e-4e21-8c17-6ecdcab5795c,A,5.0,False
A-695,c77f70a0-e269-48c7-978a-40a1bf2e82e2,post,1b88cbd4-db7e-4e21-8c17-6ecdcab5795c,A,5.0,False
A-696,ce2c5e9d-79c7-4c09-a3b9-a88ba9391231,post,1b88cbd4-db7e-4e21-8c17-6ecdcab5795c,A,5.0,False
A-697,dd13f7f2-c930-41ad-8c1b-c16e11bad0f1,post,1b88cbd4-db7e-4e21-8c17-6ecdcab5795c,A,5.0,False
A-698,e8a1ef02-14b1-4d6f-aaad-1be831b07625,post,1b88cbd4-db7e-4e21-8c17-6ecdcab5795c,A,5.0,False
A-699,058d57df-3e8a-4c65-b2f6-fa2056e3a5b5,post,1b8f545d-9b23-458d-8f4f-454b9753cd88,A,1.0,False
A-700,f71de34b-43d7-4515-ad0f-63bdbec715a8,post,1bab19ee-3981-43a6-aa72-780a299c5960,A,1.0,False
A-701,2f7beb24-712b-483c-9435-56c04cd51583,comment,1bc3d468-3cb8-4046-b756-0955c93089fb,A,10.0,False
A-702,33a5ad73-8fcb-40eb-a580-ca2cd7ce4e24,comment,1bc3d468-3cb8-4046-b756-0955c93089fb,A,10.0,False
A-703,517e52f4-ce8d-4b1a-ac29-2882fe1246e5,post,1bc3d468-3cb8-4046-b756-0955c93089fb,A,10.0,False
A-704,67e758e3-7583-4a31-ba0e-fcfbdeff39a0,comment,1bc3d468-3cb8-4046-b756-0955c93089fb,A,10.0,False
A-705,7bf0c679-abcf-41c0-a70f-f5eaf6f3e60e,comment,1bc3d468-3cb8-4046-b756-0955c93089fb,A,10.0,False
A-706,807ba4c0-eedd-4f16-8be3-d9c4cb76cf45,comment,1bc3d468-3cb8-4046-b756-0955c93089fb,A,10.0,False
A-707,a30108db-bfce-4106-8d04-e63fb6a4a3da,comment,1bc3d468-3cb8-4046-b756-0955c93089fb,A,10.0,False
A-708,a9e5f70d-fc2e-4ceb-ae54-e8882911f1c2,comment,1bc3d468-3cb8-4046-b756-0955c93089fb,A,10.0,False
A-709,bdebaa7b-a67b-4add-b284-011f0b1a0296,comment,1bc3d468-3cb8-4046-b756-0955c93089fb,A,10.0,False
A-710,f6320ed1-0f60-44db-822a-84f0a8f8f9f2,comment,1bc3d468-3cb8-4046-b756-0955c93089fb,A,10.0,False
A-711,e50be401-f423-4cdb-9cf6-21ca3238e126,comment,1bd3573b-7271-4eeb-b42f-b706518cad44,A,1.0,False
A-712,6e37d692-20bb-42fc-9c52-c770410f1db3,post,1bda868d-423d-48e2-bde8-5a87d870769e,A,3.0,False
A-713,b80e52da-28e3-4bac-92bd-e1884fd3961b,post,1bda868d-423d-48e2-bde8-5a87d870769e,A,3.0,False
A-714,ecda9e92-bea0-4782-b23c-d684fc1d5039,comment,1bda868d-423d-48e2-bde8-5a87d870769e,A,3.0,False
A-715,d05dda2c-fbd5-41c1-bf69-857e8488d5b3,post,1bdfb86d-99a2-4a01-a565-319544b40cb0,A,1.0,False
A-716,70211e09-6c55-47de-8265-008f65021e7b,post,1be71efc-c763-4d75-bcbb-abff3398365b,A,3.0,False
A-717,c3d4f307-2c14-4400-b2c8-c08aa8cce4ce,post,1be71efc-c763-4d75-bcbb-abff3398365b,A,3.0,False
A-718,d77c03bc-67a2-472e-be20-785ab553947d,post,1be71efc-c763-4d75-bcbb-abff3398365b,A,3.0,False
A-719,393fc335-0d70-4185-b5c8-64e037d505d4,comment,1c075309-5a1e-40c2-ba2d-0495f0bf259d,A,3.0,False
A-720,696df4b2-78f2-4dec-b91a-26b82133d713,post,1c075309-5a1e-40c2-ba2d-0495f0bf259d,A,3.0,False
A-721,add0eba5-02f8-4831-b037-e67f4bcc2d50,post,1c075309-5a1e-40c2-ba2d-0495f0bf259d,A,3.0,False
A-722,0744d352-0ec6-4d81-a418-310b99a43517,post,1c0d2aea-27e3-4853-808d-11aa34f9f8fc,A,2.0,False
A-723,be5a5d3d-1440-4225-b4cb-c49fcb434f50,post,1c0d2aea-27e3-4853-808d-11aa34f9f8fc,A,2.0,False
A-724,51f3c667-31d1-497f-9cf7-c8c873a2555d,post,1c101c90-bf46-435c-9bcd-a42989759adb,A,2.0,False
A-725,7e8344af-33d3-4be6-91ae-b64029809ea3,post,1c101c90-bf46-435c-9bcd-a42989759adb,A,2.0,False
A-726,88f0521f-92e6-4ea3-a77f-0d224b8c3473,post,1c22c2e7-4fe9-4176-8e3c-818995cb21c2,A,1.0,False
A-727,8c7eac8a-7942-41bb-907e-a91f6b7b8c13,post,1c4c37ca-83c7-4c65-9790-03109e7a4d22,A,1.0,False
A-728,b16e70c6-200a-4936-a91f-24fe6f2cba7a,post,1c4c9d46-6e0b-462f-84f8-3865edf19369,A,2.0,False
A-729,ba85846c-90ef-4782-846e-c7ab2f9911a0,comment,1c4c9d46-6e0b-462f-84f8-3865edf19369,A,2.0,False
A-730,60bb73fd-da5c-431c-9af3-dd656efd4340,post,1c9890b8-a15b-4878-bc27-693c1c28e957,A,2.0,False
A-731,c80e6e56-9670-429d-8ba0-6685b7d5a8d3,post,1c9890b8-a15b-4878-bc27-693c1c28e957,A,2.0,False
A-732,2291670b-43d1-4f07-99c7-5a9c283506fb,post,1c9e4f3e-02bf-4094-9daa-a847b0c0f96f,A,2.0,False
A-733,2e333cd6-b5f2-4f86-bc76-5f5bcad0e824,post,1c9e4f3e-02bf-4094-9daa-a847b0c0f96f,A,2.0,False
A-734,4be03187-6c7b-4eaa-b3b6-88143443f4e6,post,1cc1acb2-f6b2-402d-94dc-899282d99df5,A,1.0,False
A-735,97794901-63ba-46e4-aa22-999a06a241c0,comment,1d1068c1-9951-44df-a028-3cc370dec29a,A,2.0,False
A-736,f72543a3-9853-44ce-8e41-0781b41072ca,post,1d1068c1-9951-44df-a028-3cc370dec29a,A,2.0,False
A-737,d4ce0333-0419-4538-a26f-28783aff2ad3,post,1d912e2b-aace-4f75-9b59-473b737e45ee,A,1.0,False
A-738,5e05c9db-6cc8-4cd5-aaa5-cddf1bd65909,post,1d96459d-47be-47df-8b88-6ecf028b0ba1,A,1.0,False
A-739,73c4bed0-6295-4f79-b40f-604f1115d425,post,1dad0534-8837-4943-85ea-ac81da6e1b21,A,2.0,False
A-740,8dec4058-e5d7-4b5f-8979-2b074d969da3,post,1dad0534-8837-4943-85ea-ac81da6e1b21,A,2.0,False
A-741,dc387605-6907-40a5-bbab-82dff772d34d,post,1dad2ff5-137d-450a-8ad4-a1d43dd82ddb,A,1.0,False
A-742,37989571-495b-4398-8caa-d2f2a33edfbc,post,1de7aa76-5165-43fa-8e24-e101cfaa61ef,A,6.0,False
A-743,55376b57-e1f9-4f55-8847-b824b44af698,post,1de7aa76-5165-43fa-8e24-e101cfaa61ef,A,6.0,False
A-744,63f9d60b-c63b-410a-a722-866cd8a3f9d1,post,1de7aa76-5165-43fa-8e24-e101cfaa61ef,A,6.0,False
A-745,66a07c01-6a9c-417b-a431-98fb4d209d56,post,1de7aa76-5165-43fa-8e24-e101cfaa61ef,A,6.0,False
A-746,8d70445c-a596-4688-a6bb-c38cd342aa21,post,1de7aa76-5165-43fa-8e24-e101cfaa61ef,A,6.0,False
A-747,cc763d38-5caf-4b46-b48c-0ae2b3c9cede,comment,1de7aa76-5165-43fa-8e24-e101cfaa61ef,A,6.0,False
A-748,707213e7-b045-459f-b0cd-611ff53c176c,comment,1e3eca99-86b3-4eb5-b2f6-65e5c22abb66,A,2.0,False
A-749,ab0d9e00-c5b3-4a26-8959-3c092fc269f9,comment,1e3eca99-86b3-4eb5-b2f6-65e5c22abb66,A,2.0,False
A-750,1dddf118-7c38-4508-b408-c275eede0b64,post,1e4a3e2d-ffdc-4f2d-b558-3421e4087ec8,A,1.0,False
A-751,7bd92969-a869-4fab-a6bd-569e0e8a6c82,post,1e53cb03-3ec1-4e41-9d56-531f68f79714,A,2.0,False
A-752,f045ae74-88b7-4436-9aa8-b1abbf6c1084,post,1e53cb03-3ec1-4e41-9d56-531f68f79714,A,2.0,False
A-753,67b581c1-1d22-4773-ba3b-bd71c4e3c8bb,post,1e986d90-6153-451f-90b0-70afab642799,A,1.0,False
A-754,2a5fa29b-5e45-40de-bb45-d499c8a1a1f0,post,1ea1e922-7ae6-4487-acd6-91bdd580c6a3,A,1.0,False
A-755,539664af-5b68-4146-b393-0d7a65317ff3,post,1ec37acf-62a9-426c-95f5-a677070d8588,A,4.0,False
A-756,696ee26f-18ff-40cb-aecf-1a7f2a31b8fe,post,1ec37acf-62a9-426c-95f5-a677070d8588,A,4.0,False
A-757,c30a6b1f-0ad1-4c07-8080-02e7ce57d527,post,1ec37acf-62a9-426c-95f5-a677070d8588,A,4.0,False
A-758,d456aa6f-d28a-4ed0-b8bb-73689ab2a3a7,post,1ec37acf-62a9-426c-95f5-a677070d8588,A,4.0,False
A-759,7e568c42-f08d-4f59-b96a-8cea79199934,comment,1ecee2f7-27c5-4880-a0ff-667747559212,A,3.0,False
A-760,c9f8f4ce-0baa-4e87-9048-986fd0684c20,comment,1ecee2f7-27c5-4880-a0ff-667747559212,A,3.0,False
A-761,d96d6b7b-758b-447c-8bf9-1dee79cb7e9d,post,1ecee2f7-27c5-4880-a0ff-667747559212,A,3.0,False
A-762,2c2bacf0-0f16-4240-a907-fdd026b46c6b,post,1ed1df93-991d-4ceb-9e68-15eed31dbd36,A,1.0,False
A-763,1d56ef60-d2d1-42fe-bbef-1c5c8e6d2b78,post,1ed31b42-1af5-4e62-bf23-fa421540d81d,A,1.0,False
A-764,af9e712b-7334-4b84-9299-58d8b17dfe40,post,1eeceb19-5d3e-4968-a585-fadee373e08d,A,2.0,False
A-765,b5e0b211-dbbc-4bed-bc2b-1057c3dd8451,post,1eeceb19-5d3e-4968-a585-fadee373e08d,A,2.0,False
A-766,5ea3d2f3-5fe9-4851-a2bb-006e3506c59b,post,1f365654-2c00-4ece-989b-1725d3746c30,A,1.0,False
A-767,40d7ffc9-6eeb-4115-8ddb-b31c64b93e97,post,1f3d2e0a-3252-41f4-aade-7ae0dd45dcf5,A,1.0,False
A-768,2a2c300f-019e-4dc9-ac2f-743068831687,comment,1f4a81e8-ea62-412f-b1cb-881cae8d24b3,A,1.0,False
A-769,1592ecde-85f7-42a7-aaae-93c12564706b,comment,1f4c4f4e-141c-45ae-92f9-b120272f224c,A,11.0,False
A-770,27e268e1-95ac-41d2-a952-ed7a319b0420,comment,1f4c4f4e-141c-45ae-92f9-b120272f224c,A,11.0,False
A-771,3e7402dc-53c4-4cce-b385-c3f6a405586e,post,1f4c4f4e-141c-45ae-92f9-b120272f224c,A,11.0,False
A-772,425c54b3-5794-4cd0-a765-c61049800671,comment,1f4c4f4e-141c-45ae-92f9-b120272f224c,A,11.0,False
A-773,4e613741-9371-417d-88a0-2c450a032c18,comment,1f4c4f4e-141c-45ae-92f9-b120272f224c,A,11.0,False
A-774,6878942b-ab33-467e-9213-1a39d3e8bb5f,comment,1f4c4f4e-141c-45ae-92f9-b120272f224c,A,11.0,False
A-775,9056684e-501b-483c-9535-2d300d085f95,post,1f4c4f4e-141c-45ae-92f9-b120272f224c,A,11.0,False
A-776,9e571e7a-87db-44a5-9126-4e54f010facd,comment,1f4c4f4e-141c-45ae-92f9-b120272f224c,A,11.0,False
A-777,cd6ca586-5fc3-4d1c-91a7-bc68bf06a42b,post,1f4c4f4e-141c-45ae-92f9-b120272f224c,A,11.0,False
A-778,d60753d8-d1da-48d3-965d-8e5cb2125bae,comment,1f4c4f4e-141c-45ae-92f9-b120272f224c,A,11.0,False
A-779,fbf9b551-d8a7-477e-bfd1-7e5893267d51,comment,1f4c4f4e-141c-45ae-92f9-b120272f224c,A,11.0,False
A-780,8b33ef1b-b456-4139-9490-cf5a9cf3ee30,post,1f56c15c-e5dc-4f14-abce-6ec6fbb3eb3e,A,1.0,False
A-781,0bf715a4-2bd6-4bb4-91af-0b977fc45b06,post,1f67aa39-21c3-49ff-9b41-6f31daf3baff,A,5.0,False
A-782,125b9159-d9f0-44d4-a196-d2f7946fc883,post,1f67aa39-21c3-49ff-9b41-6f31daf3baff,A,5.0,False
A-783,6b8e3bfb-d18c-46bf-9282-a1409cbcbdf5,post,1f67aa39-21c3-49ff-9b41-6f31daf3baff,A,5.0,False
A-784,7c3a8c02-a135-438e-a6b6-4baa050b3a56,post,1f67aa39-21c3-49ff-9b41-6f31daf3baff,A,5.0,False
A-785,ccfe3061-5390-42f5-b2dd-7fad0fe2cf08,post,1f67aa39-21c3-49ff-9b41-6f31daf3baff,A,5.0,False
A-786,2cd2855c-886e-41da-9152-e4f10d55dfbd,post,1f708473-42d2-4297-bc53-16bb03ba75a3,A,2.0,False
A-787,e8d2746d-334e-432a-b20b-0a277433efd6,comment,1f708473-42d2-4297-bc53-16bb03ba75a3,A,2.0,False
A-788,4358754e-847a-440f-a905-f6605b7fe8f6,post,1f795a1b-9c0f-4139-a173-b44551a43b9b,A,1.0,False
A-789,be13d398-592b-4525-8be9-2ce8e4070ae7,post,1f93d6d7-4f70-403e-887e-674b987ba41c,A,1.0,False
A-790,0a1a0fdc-c3d9-4ca0-bb41-2109a509964b,comment,2017cce8-3b81-4bfb-9615-f0e8ed5576c1,A,11.0,False
A-791,23d41af2-3b44-4eb1-9ecf-d12f2a13f4c0,comment,2017cce8-3b81-4bfb-9615-f0e8ed5576c1,A,11.0,False
A-792,284c8e90-dcfe-418f-bb85-de0e1723ef16,comment,2017cce8-3b81-4bfb-9615-f0e8ed5576c1,A,11.0,False
A-793,56f37d89-4e0f-43e3-a369-21d2cdb69ce9,comment,2017cce8-3b81-4bfb-9615-f0e8ed5576c1,A,11.0,False
A-794,57e81790-87e0-435b-a678-55aa03d8198c,comment,2017cce8-3b81-4bfb-9615-f0e8ed5576c1,A,11.0,False
A-795,73105444-8eee-4c0c-9582-74dd95e964ab,comment,2017cce8-3b81-4bfb-9615-f0e8ed5576c1,A,11.0,False
A-796,8c6f07b0-f8fc-4b6e-bae3-373788c19930,comment,2017cce8-3b81-4bfb-9615-f0e8ed5576c1,A,11.0,False
A-797,9f4e1814-1d1b-4a14-a874-0e861ae5e301,comment,2017cce8-3b81-4bfb-9615-f0e8ed5576c1,A,11.0,False
A-798,c2414827-dab5-480e-8e18-2862b65d68a1,comment,2017cce8-3b81-4bfb-9615-f0e8ed5576c1,A,11.0,False
A-799,d623feb0-4c04-47ad-91ca-7219096bea11,post,2017cce8-3b81-4bfb-9615-f0e8ed5576c1,A,11.0,False
A-800,e8971539-e6b4-40c2-853b-ad7754727dc0,comment,2017cce8-3b81-4bfb-9615-f0e8ed5576c1,A,11.0,False
A-801,ca6c10d1-fa44-4704-a6df-8599acbeefc0,comment,201afc6f-2a44-4952-a1d5-101b96e9d3da,A,2.0,False
A-802,ee58290c-65d0-4d15-a510-fb4df5ecadb8,comment,201afc6f-2a44-4952-a1d5-101b96e9d3da,A,2.0,False
A-803,424a54ce-446d-41b0-97ea-0525fda6970c,post,20673842-02de-4cc0-9a71-4c07ebbc7d68,A,1.0,False
A-804,827f9a87-c7cf-433d-aab8-86ee144e8b55,post,20790215-a460-428b-8374-4c2c83d1e0ff,A,1.0,False
A-805,1a4cd009-cc04-496e-ad1c-c08f84469226,post,207b4931-5633-4eb1-be52-4b7a2768320b,A,1.0,False
A-806,b5d14a73-e2c0-4958-8868-fb54d3a97937,post,2081e82b-2708-4b8e-887b-cabfca4c1a3e,A,1.0,False
A-807,48f14998-8382-40cd-81b6-f587cdf675cf,post,209f6412-300c-4a79-a022-6df31b66f830,A,1.0,False
A-808,613c6220-d48d-4a2c-af00-2f82e839a789,post,20b68ec0-bf17-4ba1-a247-7197bc42608f,A,1.0,False
A-809,748bbd7f-ec65-4794-9a64-6feaef522ee1,post,212b94c0-4a4b-47ca-89d2-6d654df7a0e0,A,1.0,False
A-810,29269a7c-0d2e-40ff-bae7-c126d78d06c9,post,21325529-c470-4d8e-b6fc-62a0c13127f7,A,8.0,False
A-811,29dc9147-2c98-4bd9-96dc-3081c2df474f,comment,21325529-c470-4d8e-b6fc-62a0c13127f7,A,8.0,False
A-812,681d359d-d742-455b-93f4-0756e03f116f,comment,21325529-c470-4d8e-b6fc-62a0c13127f7,A,8.0,False
A-813,8c28f4c7-f363-4d36-bf9c-759944cfcb9d,comment,21325529-c470-4d8e-b6fc-62a0c13127f7,A,8.0,False
A-814,98e5cb78-cb0a-4979-8ce5-c55da303186a,post,21325529-c470-4d8e-b6fc-62a0c13127f7,A,8.0,False
A-815,a3996f42-6511-468d-93a7-88d44aa31bc3,comment,21325529-c470-4d8e-b6fc-62a0c13127f7,A,8.0,False
A-816,b0461e11-fd14-4d4b-9299-4fee9421c33f,comment,21325529-c470-4d8e-b6fc-62a0c13127f7,A,8.0,False
A-817,f56b16ca-2b44-4510-8a75-364b09643052,post,21325529-c470-4d8e-b6fc-62a0c13127f7,A,8.0,False
A-818,800504b9-49a0-4c07-a93c-27602c11752a,comment,21523bdb-2194-48d5-bcbe-055e5c9aa1d8,A,3.0,False
A-819,810c9e56-8a1e-48d8-b024-a23a03f47f0c,post,21523bdb-2194-48d5-bcbe-055e5c9aa1d8,A,3.0,False
A-820,df252ffa-8e88-4155-9886-d0f07724fe75,post,21523bdb-2194-48d5-bcbe-055e5c9aa1d8,A,3.0,False
A-821,3f1568db-4963-41da-b755-64e5904df11c,comment,215cd731-b0aa-4a73-87a0-40730ce14be6,A,2.0,False
A-822,bc48b0a3-257b-4f90-9659-621654690b38,post,215cd731-b0aa-4a73-87a0-40730ce14be6,A,2.0,False
A-823,765bfee7-026c-462e-b772-f45cc3dfcae3,comment,2188fcc2-ac68-4a35-9797-74b08c1c9d7c,A,3.0,False
A-824,892a94a7-42c0-4c4f-bdf1-7602f9deb500,comment,2188fcc2-ac68-4a35-9797-74b08c1c9d7c,A,3.0,False
A-825,ef819840-dcdc-43a8-b95f-8bbb37b8391f,comment,2188fcc2-ac68-4a35-9797-74b08c1c9d7c,A,3.0,False
A-826,a5fe1522-355b-4797-bee1-7204cf165db6,post,218e5fd0-9d4b-44ad-a612-403d18eb9996,A,1.0,False
A-827,1ec4c619-32d5-46d3-b13b-e6f98591a199,post,219ab9f4-0217-44d2-bb8f-7cb731eb446a,A,1.0,False
A-828,8b93f02e-61d3-4c89-b8d7-2238a4ba2a23,post,22252864-f8be-4ac9-bc38-8c60e3e26581,A,1.0,False
A-829,3ed7a82d-8899-4cef-b8c6-59d96d93ae96,post,226d8bef-716b-4226-b5c0-0c61b94588b5,A,1.0,False
A-830,2f241f34-2ee5-42f2-83fa-b4b581478777,comment,22708af9-7a8b-4f94-9bda-c2d858f1b120,A,4.0,False
A-831,9b130a98-b79c-4157-a046-13bcd24bb284,comment,22708af9-7a8b-4f94-9bda-c2d858f1b120,A,4.0,False
A-832,a8296017-1936-4f16-a70f-361d52e28cfb,comment,22708af9-7a8b-4f94-9bda-c2d858f1b120,A,4.0,False
A-833,a88741c6-4a1c-4997-9d9b-e84747f6edcb,comment,22708af9-7a8b-4f94-9bda-c2d858f1b120,A,4.0,False
A-834,1297859e-c562-4178-8acd-baea934a874e,comment,2277fd7e-ab70-42e4-965d-644cd9c48c2d,A,2.0,False
A-835,f45dc5a2-193c-4db9-9226-57dc9e8b0f9e,post,2277fd7e-ab70-42e4-965d-644cd9c48c2d,A,2.0,False
A-836,17e87ee7-c125-4e8e-a2fd-56b22f94d1d4,post,229956e2-c5f5-4bd5-8d61-90585be4b3cd,A,4.0,False
A-837,3f053d60-6a54-48c2-8e0e-56555fb53ef3,post,229956e2-c5f5-4bd5-8d61-90585be4b3cd,A,4.0,False
A-838,f0498a39-806e-47fb-b84e-d0e578c79781,comment,229956e2-c5f5-4bd5-8d61-90585be4b3cd,A,4.0,False
A-839,fcde7609-e0c6-492c-a999-725ff7a92aa2,comment,229956e2-c5f5-4bd5-8d61-90585be4b3cd,A,4.0,False
A-840,ae3d2d43-4b09-48b5-a2e8-835fc8b71a84,post,22a23a84-5ba1-4fb3-a72b-1620c245ce20,A,1.0,False
A-841,2cdc52aa-d286-4166-8c25-53bec94d6094,comment,22aa7250-f7fc-4d2a-b8a7-cf6ab3f170de,A,5.0,False
A-842,743e6917-3816-40d5-878c-0f73d9737b9d,comment,22aa7250-f7fc-4d2a-b8a7-cf6ab3f170de,A,5.0,False
A-843,b1871b4b-6d85-401d-a64e-1e085dc2086d,comment,22aa7250-f7fc-4d2a-b8a7-cf6ab3f170de,A,5.0,False
A-844,bb54093b-e7d6-456d-80cf-09c8b5ab0afe,comment,22aa7250-f7fc-4d2a-b8a7-cf6ab3f170de,A,5.0,False
A-845,d36213f9-de58-4c69-b40a-e29b67aedec6,comment,22aa7250-f7fc-4d2a-b8a7-cf6ab3f170de,A,5.0,False
A-846,6747998e-d463-4d20-be18-e5ce038dfded,post,22dcfe0c-9c75-4101-b4e1-9d7f312da92e,A,1.0,False
A-847,b28f28cc-d456-462f-bec9-2f5e027d0d97,post,22dda989-2c84-40ad-9cac-25fdfce63127,A,1.0,False
A-848,1c69ea63-329a-459e-8aec-53c66d691e41,post,22deb431-a5a6-4810-8b39-da08d55d7055,A,1.0,False
A-849,09cd2b17-ad84-4027-900e-d8e90c6f5a4b,post,22fc1c28-6d05-4b5c-87c2-c20ff05c1a5b,A,1.0,False
A-850,1dab69cf-2251-4431-bd22-b6573cd4a590,post,231de2e2-c649-4726-a796-8566d976d4a0,A,1.0,False
A-851,2834032c-6606-458d-9e4f-8161901d94cf,post,23206399-ed70-4ced-88af-0dce9e22a1ea,A,1.0,False
A-852,d8a03a6e-4955-4a4e-82f8-a2967531e623,post,2355a31f-7aee-4439-a613-237911623cf8,A,1.0,False
A-853,1139b020-2e83-48c0-a9ff-e7be2be9c204,post,23841e8e-efcc-44c5-8321-832cddd4eb8a,A,1.0,False
A-854,331e38a2-ccc8-4aef-9ad9-d8199e4594ef,post,2387f9e3-5292-4530-8719-8c6ee505a3f4,A,1.0,False
A-855,1c1c720f-4dd5-4e77-bece-3692914e97f5,comment,238d2233-fbd4-4d8f-bc26-bdf6e87fb9f1,A,6.0,False
A-856,24afb66b-5340-445f-b474-8f6483394fdd,comment,238d2233-fbd4-4d8f-bc26-bdf6e87fb9f1,A,6.0,False
A-857,75b65e4e-3058-438b-a5c4-aec957a54e2f,comment,238d2233-fbd4-4d8f-bc26-bdf6e87fb9f1,A,6.0,False
A-858,b0d12620-c358-4a6c-94c0-062dff7b0b44,post,238d2233-fbd4-4d8f-bc26-bdf6e87fb9f1,A,6.0,False
A-859,e4757878-0eb0-41fb-acb2-cf342478a2c1,post,238d2233-fbd4-4d8f-bc26-bdf6e87fb9f1,A,6.0,False
A-860,eb430950-b2fd-4ab8-ba7f-0f8ad44d92a8,comment,238d2233-fbd4-4d8f-bc26-bdf6e87fb9f1,A,6.0,False
A-861,223fb859-6d3c-41c0-a4ab-7aead0bbeb83,post,239d2c03-aa80-4194-9738-56d89475f46e,A,1.0,False
A-862,4b0355bd-27ee-4450-8039-dcacec8865ff,post,23b89ba8-71da-4773-be61-95158882091e,A,1.0,False
A-863,fa22499e-e9dc-4a4f-9ba8-ebbc1b906946,post,23c9ef65-e9b2-48ee-8a5b-e22210ddfaee,A,1.0,False
A-864,c0d96692-04d9-41ab-970f-2d2078bdf30c,comment,23cabe6c-a65b-473b-9a21-53c1099222a6,A,1.0,False
A-865,9ebd871c-7941-42db-b665-29bd47f4cab5,post,23f20c7d-5297-4b2e-859f-03f7be0d408b,A,1.0,False
A-866,7b5a94d1-484f-4450-8763-5261e104c8a7,post,23f5b556-1d29-45e0-b3c5-5112f7cd7ffe,A,1.0,False
A-867,15ddc38e-55d2-43c5-abfe-93ef4aa4a3e8,post,2414ef40-4261-4ea9-8794-f987a5392a9f,A,2.0,False
A-868,ac0ade58-48fa-4173-acea-2d3e6d864112,post,2414ef40-4261-4ea9-8794-f987a5392a9f,A,2.0,False
A-869,7672ed04-231d-4808-bb11-abe54a78eb21,post,241512aa-2733-4fa7-b550-50a8212bb8f0,A,1.0,False
A-870,6622e079-0a42-4b48-b4d6-86ba1a52a0a5,comment,241560a5-1740-4337-b47e-95592b3e9766,A,9.0,False
A-871,75e07be9-adfb-4153-bc64-5dbd613120a5,comment,241560a5-1740-4337-b47e-95592b3e9766,A,9.0,False
A-872,8307bca5-d855-498d-b7b0-73a832f43105,comment,241560a5-1740-4337-b47e-95592b3e9766,A,9.0,False
A-873,8e0f528f-ac34-4dfa-9cb2-bb198a929ebb,post,241560a5-1740-4337-b47e-95592b3e9766,A,9.0,False
A-874,b1c9c09c-6c77-4083-829c-5550e368100e,comment,241560a5-1740-4337-b47e-95592b3e9766,A,9.0,False
A-875,b526577b-b312-4ae3-8af9-34709bf03ab5,comment,241560a5-1740-4337-b47e-95592b3e9766,A,9.0,False
A-876,c2d0d8f9-a5b0-4ec5-939f-d28f1efcc240,comment,241560a5-1740-4337-b47e-95592b3e9766,A,9.0,False
A-877,db3a1083-662a-4b36-9915-6237b7e81b5d,comment,241560a5-1740-4337-b47e-95592b3e9766,A,9.0,False
A-878,ddd436f9-5a2f-4fdd-87d5-46eb2d929207,post,241560a5-1740-4337-b47e-95592b3e9766,A,9.0,False
A-879,a4754edf-b079-4baf-9bba-3f4bbfcbed08,comment,24161e52-8773-4311-831d-e9f1fb706e27,A,2.0,False
A-880,bc2b79d3-07c2-4db6-b8c0-6422ab468ae3,post,24161e52-8773-4311-831d-e9f1fb706e27,A,2.0,False
A-881,7f018b24-5043-45fd-97d7-7179891e3ce7,post,24223e49-c2bf-4108-9bde-1852c696d487,A,63.0,False
A-882,599f46be-e749-4cc7-bf75-1ed46ae25655,post,24223e49-c2bf-4108-9bde-1852c696d487,A,63.0,False
A-883,d0ca2dea-1c15-4267-ba82-0e4edfb2353d,post,24223e49-c2bf-4108-9bde-1852c696d487,A,63.0,False
A-884,9f3196f0-3c1d-49a3-8c9e-f640853d22d8,post,24223e49-c2bf-4108-9bde-1852c696d487,A,63.0,False
A-885,28913180-7b05-44d5-82f6-9fadaff731e1,post,24223e49-c2bf-4108-9bde-1852c696d487,A,63.0,False
A-886,ab9f2739-2669-4dc0-8aa9-cff79d9f9348,post,24223e49-c2bf-4108-9bde-1852c696d487,A,63.0,False
A-887,2abf7818-7c63-444a-af5c-a67eab9a12ab,post,24223e49-c2bf-4108-9bde-1852c696d487,A,63.0,False
A-888,2e3c6bff-8e5a-4428-aa73-2b229372f7a0,post,24223e49-c2bf-4108-9bde-1852c696d487,A,63.0,False
A-889,2810295a-eb1d-46b1-8b53-06028f03c4a3,comment,24223e49-c2bf-4108-9bde-1852c696d487,A,63.0,False
A-890,23866db3-fb92-4c63-954c-a565c593fef6,post,24223e49-c2bf-4108-9bde-1852c696d487,A,63.0,False
A-891,3b5bbfe3-4521-42a3-b4cd-db0cc06a97b4,post,24223e49-c2bf-4108-9bde-1852c696d487,A,63.0,False
A-892,744f4344-c1f0-469f-9ef1-3825502e1290,post,24223e49-c2bf-4108-9bde-1852c696d487,A,63.0,False
A-893,47baab66-1c4d-42a3-b8cb-d8f34c4eda15,post,24223e49-c2bf-4108-9bde-1852c696d487,A,63.0,False
A-894,f41789b9-81cc-4a28-8faf-5ac0cc823f07,post,24223e49-c2bf-4108-9bde-1852c696d487,A,63.0,False
A-895,7009e93b-93c8-4821-8775-2d243100c93d,post,24223e49-c2bf-4108-9bde-1852c696d487,A,63.0,False
A-896,a8acf6b2-24b2-43b5-8469-e1fcf81a4bd1,post,2426a3fa-2ba6-4b61-835d-ef0cac8ddcfd,A,1.0,False
A-897,000e8dd7-d24e-458c-85ac-45b2cb830eca,post,242ba1dd-fe9c-4915-bf12-1f477ff2c91e,A,1.0,False
A-898,26669b77-c3ca-4187-8864-e3b8b1a94025,comment,243b4279-da9f-45c5-abec-85c640a8c250,A,2.0,False
A-899,c0f26ea1-c9d3-4bcb-8d88-2deda5c4968d,comment,243b4279-da9f-45c5-abec-85c640a8c250,A,2.0,False
A-900,ba3792e1-eaab-4f24-834c-7f741cd1db03,post,243ec461-2cd3-4d52-afee-01e1104e71fd,A,1.0,False
A-901,69dec9be-a710-43fb-a904-e90fa14b4f34,post,244f5200-96d2-48dc-bdcf-b6860816e899,A,1.0,False
A-902,9b976d64-043c-4fa1-8c5f-3dba4ad0e74e,post,245dea53-f836-41e7-a200-72649681e7b9,A,2.0,False
A-903,be660843-a4d8-41d2-a6a4-e0cae260d612,post,245dea53-f836-41e7-a200-72649681e7b9,A,2.0,False
A-904,1fb3a15d-eb9b-4d1d-9b60-1f7672f507b1,post,2490bfa4-cc9d-47f5-ac3f-d3c0d2851f22,A,1.0,False
A-905,13b52e2f-39e1-4baa-8d2f-2f50fa56f492,post,249ab8e0-d88a-4a7d-8109-109610d77166,A,1.0,False
A-906,71187b74-5fc6-4eaf-b71b-9198180acf00,post,249d0d8d-f5ff-4aa7-a0e3-df041ed98bad,A,1.0,False
A-907,0649d1f0-6063-4f67-bc24-8a8a1ed992bf,post,24a3258b-6a31-4428-beb0-a362efea52c2,A,1.0,False
A-908,d40eb452-1c7f-4ac2-9f32-0e273459ba10,post,24af7f24-9f02-4fe4-9cdc-732afd2c4909,A,16.0,False
A-909,ed411e66-7aef-49e6-9546-9a0ccef51dd3,comment,24af7f24-9f02-4fe4-9cdc-732afd2c4909,A,16.0,False
A-910,7b523452-7373-4a37-b1d2-a5320e48d40f,post,24af7f24-9f02-4fe4-9cdc-732afd2c4909,A,16.0,False
A-911,607e4ceb-ac0f-456e-af8d-09e1e92b6505,comment,24af7f24-9f02-4fe4-9cdc-732afd2c4909,A,16.0,False
A-912,2236e883-c137-44fd-8c39-03d5957a563c,comment,24af7f24-9f02-4fe4-9cdc-732afd2c4909,A,16.0,False
A-913,a8671233-465b-4c4a-a432-0df03b4fe6ac,post,24af7f24-9f02-4fe4-9cdc-732afd2c4909,A,16.0,False
A-914,8228285c-9daf-4eb7-b5fb-5d486fbc1cba,comment,24af7f24-9f02-4fe4-9cdc-732afd2c4909,A,16.0,False
A-915,6ab40d9f-3fe4-4160-b920-3bbb6e49ce88,comment,24af7f24-9f02-4fe4-9cdc-732afd2c4909,A,16.0,False
A-916,a5de4c8a-6320-4cf3-9a90-1687f0a9078d,comment,24af7f24-9f02-4fe4-9cdc-732afd2c4909,A,16.0,False
A-917,1db2a9e9-7a27-4262-8da1-01f85aeeb5fb,post,24af7f24-9f02-4fe4-9cdc-732afd2c4909,A,16.0,False
A-918,10bf31da-5cf1-4884-8398-61f3355641f6,post,24af7f24-9f02-4fe4-9cdc-732afd2c4909,A,16.0,False
A-919,3c29cd73-5d4f-433d-97aa-3aacf8503ef6,comment,24af7f24-9f02-4fe4-9cdc-732afd2c4909,A,16.0,False
A-920,586316b0-4f20-4f5c-8f52-e4570b83eb68,comment,24af7f24-9f02-4fe4-9cdc-732afd2c4909,A,16.0,False
A-921,f8a9b733-7a4a-424c-8d5b-886db713bbe7,comment,24af7f24-9f02-4fe4-9cdc-732afd2c4909,A,16.0,False
A-922,9c38a472-8da0-4d95-88b2-ae5db9c11a04,comment,24af7f24-9f02-4fe4-9cdc-732afd2c4909,A,16.0,False
A-923,d42e123e-6a22-4851-ac4f-80dd11acee2f,post,24ba6e9d-c05f-4cd0-a38c-f1e348c8d39e,A,1.0,False
A-924,4ac429b1-8eb1-421b-af72-04c5313ac82b,post,24c37d72-dd7f-4b09-a31d-b546b114ac5b,A,2.0,False
A-925,4eb3118c-af4a-45ca-be0e-d5d757aab109,post,24c37d72-dd7f-4b09-a31d-b546b114ac5b,A,2.0,False
A-926,08b8f704-395e-41d9-8e16-cbc355db65eb,post,24ce0452-7af8-48ad-b86a-66a7b4d78b3c,A,1.0,False
A-927,828f825a-fc12-4bf4-aec0-da4c56a3864f,post,24d23c9b-4f22-418b-b875-a6c284fff259,A,1.0,False
A-928,7f5bb016-71fa-4444-b680-a8393fa9b102,post,24d4077c-fb9a-45a6-8b7b-be7e0b9119c9,A,1.0,False
A-929,930a2f9d-156f-428c-b3ef-c2b5af7c18fe,post,24fd9e89-c1be-41bf-8012-e60e14dff6b1,A,1.0,False
A-930,3d6ae90e-d840-4712-afe1-bcb904017cc6,post,2513ecf1-3a0e-4525-bca2-b4710ec297c3,A,4.0,False
A-931,5c81c28f-6c09-48a9-8e67-2c228788c5da,comment,2513ecf1-3a0e-4525-bca2-b4710ec297c3,A,4.0,False
A-932,9defb942-7faf-45f1-984b-fa88944a38b0,comment,2513ecf1-3a0e-4525-bca2-b4710ec297c3,A,4.0,False
A-933,c51999f8-18d1-45cf-aad8-183bc7f28b3c,post,2513ecf1-3a0e-4525-bca2-b4710ec297c3,A,4.0,False
A-934,55eab675-ab94-4037-989f-5745445e8347,post,25291db6-233b-4ee5-9df6-8e9cccf4f823,A,1.0,False
A-935,78b18406-a089-49bd-a996-6447072836c2,post,2554e651-337d-448c-b3a0-34fe5de6191b,A,2.0,False
A-936,c49643aa-5a05-4555-9853-cf8edada7b1f,post,2554e651-337d-448c-b3a0-34fe5de6191b,A,2.0,False
A-937,7e5303d2-a8b9-4d23-b486-79207255c706,post,255c1375-e469-4972-8c57-a7c0a4b791dc,A,1.0,False
A-938,145aece9-f79a-4441-8bbd-557aca39ac96,post,2569b33f-d6dc-4aff-adde-e7df38cb31c5,A,10.0,False
A-939,1d40e4ab-39f7-4a45-8be6-942a0a92f58e,post,2569b33f-d6dc-4aff-adde-e7df38cb31c5,A,10.0,False
A-940,2fa6915e-5eb5-46f3-aeab-3841067e5fbc,post,2569b33f-d6dc-4aff-adde-e7df38cb31c5,A,10.0,False
A-941,58bdf674-fda1-4789-adf5-59f41f3c8a9c,comment,2569b33f-d6dc-4aff-adde-e7df38cb31c5,A,10.0,False
A-942,86cc6627-8172-4f1e-97f3-c167f693c9f2,comment,2569b33f-d6dc-4aff-adde-e7df38cb31c5,A,10.0,False
A-943,9c2963d9-e1b8-4dd8-a610-2affc330f402,comment,2569b33f-d6dc-4aff-adde-e7df38cb31c5,A,10.0,False
A-944,ad2be46a-1d60-4af0-a423-9746c2ad9b9a,post,2569b33f-d6dc-4aff-adde-e7df38cb31c5,A,10.0,False
A-945,c2e588b7-85cc-478f-bb22-5c8dcdf903cc,post,2569b33f-d6dc-4aff-adde-e7df38cb31c5,A,10.0,False
A-946,dc24d635-1be8-41b0-b37f-3c8b4b8e0f31,post,2569b33f-d6dc-4aff-adde-e7df38cb31c5,A,10.0,False
A-947,dccc9e8f-ea24-486b-b5f8-8c84b94bfb9a,comment,2569b33f-d6dc-4aff-adde-e7df38cb31c5,A,10.0,False
A-948,f54625a1-61c7-4ec9-b1b9-11c884fa9185,post,25984f19-a374-4b08-ad9a-d36705cf72b6,A,1.0,False
A-949,3af5dd61-99a4-4a2e-9f93-5a5b70e2d1aa,comment,259b5091-743d-4235-abf2-d88e95efc1ae,A,1.0,False
A-950,6ec18791-fec4-43c7-ae38-c839d08a6e3e,comment,25b3390f-6bfc-46a6-aace-8596d3b9161e,A,3.0,False
A-951,7beac94b-d8ef-4fd4-9723-28453f3e33a8,comment,25b3390f-6bfc-46a6-aace-8596d3b9161e,A,3.0,False
A-952,9457facc-9d1f-4d6e-b526-25326b05d60d,comment,25b3390f-6bfc-46a6-aace-8596d3b9161e,A,3.0,False
A-953,dae9d208-8dd2-4a01-aacf-0a2674079eeb,comment,25c5be0e-fb4c-4133-9d77-20ae9f543b04,A,1.0,False
A-954,6eba6bd4-119d-4e24-bd36-3814e43a7020,comment,25c8221c-a9f3-4c43-8759-91ce148561e4,A,2.0,False
A-955,a739821a-fdcd-4180-8471-c5fc40df4509,comment,25c8221c-a9f3-4c43-8759-91ce148561e4,A,2.0,False
A-956,af4c1591-d65c-419a-b9d0-82037fdb1a0c,comment,25d567c5-16bb-419e-9a50-b6b4448a32c6,A,25.0,False
A-957,28c50fab-1091-4a8c-a173-ac05196e09a3,comment,25d567c5-16bb-419e-9a50-b6b4448a32c6,A,25.0,False
A-958,96cfbb58-7a1d-4fd5-8c95-7433587432bc,comment,25d567c5-16bb-419e-9a50-b6b4448a32c6,A,25.0,False
A-959,0f6db6a7-c88b-4ff5-b433-8263b84b7b04,comment,25d567c5-16bb-419e-9a50-b6b4448a32c6,A,25.0,False
A-960,2de4ec89-3bee-4e24-9ded-1b8ec2098645,comment,25d567c5-16bb-419e-9a50-b6b4448a32c6,A,25.0,False
A-961,31449ce9-3651-482a-9833-e3008e0d6e10,comment,25d567c5-16bb-419e-9a50-b6b4448a32c6,A,25.0,False
A-962,b5112cdd-85b1-4f87-88ae-3dcb4343e44c,comment,25d567c5-16bb-419e-9a50-b6b4448a32c6,A,25.0,False
A-963,d2034caf-19e7-493d-a5d7-c2f2d0e81a9d,comment,25d567c5-16bb-419e-9a50-b6b4448a32c6,A,25.0,False
A-964,a38b301e-c714-4811-aea0-1c86b1f73ad2,comment,25d567c5-16bb-419e-9a50-b6b4448a32c6,A,25.0,False
A-965,402c6572-0eaf-42e2-9ace-0c164543c6a2,comment,25d567c5-16bb-419e-9a50-b6b4448a32c6,A,25.0,False
A-966,dccbc750-1bb3-4fda-9943-18a8354345b1,comment,25d567c5-16bb-419e-9a50-b6b4448a32c6,A,25.0,False
A-967,d22ec8b2-82f1-46e2-9733-7166968591de,comment,25d567c5-16bb-419e-9a50-b6b4448a32c6,A,25.0,False
A-968,7b2907db-ac32-46ce-8bfe-526445e1b1a2,comment,25d567c5-16bb-419e-9a50-b6b4448a32c6,A,25.0,False
A-969,d860021e-deed-4101-acf1-19afca5a699b,comment,25d567c5-16bb-419e-9a50-b6b4448a32c6,A,25.0,False
A-970,fbf40c3f-7c1d-4a46-9905-18c93a7f6250,comment,25d567c5-16bb-419e-9a50-b6b4448a32c6,A,25.0,False
A-971,6096a189-f70b-4f56-8242-cc0e1ebb74be,comment,26138fc6-b592-4416-b6d5-df216f9f9da6,A,2.0,False
A-972,70b624fa-9e7f-4db6-a8cb-eeeb10fb7c6b,post,26138fc6-b592-4416-b6d5-df216f9f9da6,A,2.0,False
A-973,bb64d5c9-d8f2-4093-8042-a879ea1d0ad9,post,26335e9b-3b4a-40e0-8864-ced2cb257eb3,A,1.0,False
A-974,032c25b4-dd7c-4ec2-8512-bd784715bddf,comment,2644672d-1a2d-41e9-8714-a3550b456eaf,A,6.0,False
A-975,07e73425-ba71-46e7-b247-a66ecc19a3be,post,2644672d-1a2d-41e9-8714-a3550b456eaf,A,6.0,False
A-976,496a5637-09b7-4b09-adbc-640fc6036d1e,comment,2644672d-1a2d-41e9-8714-a3550b456eaf,A,6.0,False
A-977,58e78d4d-0dc3-47e7-a8ba-a0c4ded188f7,post,2644672d-1a2d-41e9-8714-a3550b456eaf,A,6.0,False
A-978,bbd69912-8290-44e4-87be-242217588b7b,comment,2644672d-1a2d-41e9-8714-a3550b456eaf,A,6.0,False
A-979,c510374c-aa04-4ee3-82e6-9aeb0dc6285d,comment,2644672d-1a2d-41e9-8714-a3550b456eaf,A,6.0,False
A-980,61f3a096-fbc3-4ae9-bf74-e3c9d6bd9ebb,post,265369cd-606d-4146-8c85-e402062a108f,A,1.0,False
A-981,522870d8-c65e-4c06-a3f3-4ed8665dde1e,post,2656b847-3d60-43a7-a84f-a54917fae774,A,5.0,False
A-982,867053db-e406-4bc4-ae74-665cc581bf7d,post,2656b847-3d60-43a7-a84f-a54917fae774,A,5.0,False
A-983,a16787cc-ea7a-4da7-8213-74abcaa5c827,comment,2656b847-3d60-43a7-a84f-a54917fae774,A,5.0,False
A-984,b4d884ee-6477-42c4-a8c3-6310c2d66766,post,2656b847-3d60-43a7-a84f-a54917fae774,A,5.0,False
A-985,fa318ea2-6f3b-4c8f-96ae-e0ec228317fb,comment,2656b847-3d60-43a7-a84f-a54917fae774,A,5.0,False
A-986,b226b4a2-a16e-4a26-9cfd-0f22746ff897,post,2662fa55-e8d4-420b-94fe-94bdf371bf7c,A,2.0,False
A-987,d70d1969-72c2-40f7-8d37-ff9b12fb5eed,post,2662fa55-e8d4-420b-94fe-94bdf371bf7c,A,2.0,False
A-988,10c46ff7-5aee-4786-827f-ff9b42fce1d9,comment,26839331-618a-4bb6-af88-b6f26520467c,A,4.0,False
A-989,48d41330-4e98-4768-9b80-ac88c57a9a00,post,26839331-618a-4bb6-af88-b6f26520467c,A,4.0,False
A-990,52c3ae4c-b8da-486b-a426-5826149305a9,post,26839331-618a-4bb6-af88-b6f26520467c,A,4.0,False
A-991,5d487470-65a8-41a2-abca-e894eaf5b00b,post,26839331-618a-4bb6-af88-b6f26520467c,A,4.0,False
A-992,2851135f-c968-45a2-88c2-e921aad8a2c9,post,2687d69d-31e2-4775-bec9-94be5a2c7112,A,2.0,False
A-993,9ebac59b-4171-4e7d-abca-3629fcbb289f,post,2687d69d-31e2-4775-bec9-94be5a2c7112,A,2.0,False
A-994,6e90daf1-6541-4ce9-b018-d7c4ea7d9321,post,268ceba2-01f4-4054-8626-53fdfef7b99e,A,1.0,False
A-995,1a571362-0e70-4efa-89a8-4be866fa363d,post,26b6a2b8-71d3-4aee-b177-210342e15146,A,1.0,False
A-996,18ebb00f-caa4-4a3e-948a-3c5e4bb8edcb,comment,26d517cf-d8c3-4512-84c9-18f1415c7107,A,4.0,False
A-997,2792136e-0284-417d-abe0-90ab79958ebd,post,26d517cf-d8c3-4512-84c9-18f1415c7107,A,4.0,False
A-998,4972a8fb-166a-4631-93e0-a6865cd511a1,comment,26d517cf-d8c3-4512-84c9-18f1415c7107,A,4.0,False
A-999,92de783b-a001-45fa-8598-761c5626047c,post,26d517cf-d8c3-4512-84c9-18f1415c7107,A,4.0,False
A-1000,67194d33-7b89-4301-bea6-38f0f778dae4,post,26d61bdd-d192-42a9-8328-abc5274168f7,A,1.0,False
A-1001,4478d234-e33f-43c6-ada7-4821bb23d512,post,27050b7a-e7e8-449b-8afe-72a62adeae0d,A,1.0,False
A-1002,22572786-be51-4ef7-be63-65c8c95005ff,comment,270a1331-457a-43a1-a16b-eb84558dbf49,A,3.0,False
A-1003,d9cae691-43f3-4457-8cf7-3375dc57f654,post,270a1331-457a-43a1-a16b-eb84558dbf49,A,3.0,False
A-1004,eced346e-2a41-474a-a66d-0eb27ace8b6b,comment,270a1331-457a-43a1-a16b-eb84558dbf49,A,3.0,False
A-1005,01e75467-33c9-4236-b3c0-e7e258ef3482,post,27400e9a-47a9-4155-b64e-b1345d6ea4dc,A,1.0,False
A-1006,9cd58635-c3fa-4744-9943-b4d52581a697,comment,275d30bc-44cb-4462-b4df-ac2f5cfe1166,A,2.0,False
A-1007,cda3ccbb-200d-4968-a3a3-d7c962680579,comment,275d30bc-44cb-4462-b4df-ac2f5cfe1166,A,2.0,False
A-1008,00103fb3-a1ad-4d34-b62d-16fccaa21423,post,275ecb1c-107b-4450-9ba7-fee15bdde038,A,1.0,False
A-1009,b617ead8-d974-4ea2-90f5-465bfe5cddec,post,277dd07b-6964-464e-9213-8396a5a2b63d,A,1.0,False
A-1010,128c0328-522e-4302-9cd4-96695843a95f,comment,2782494b-17b8-43f9-af12-02fda4ee099a,A,1.0,False
A-1011,080be3db-c942-48c2-9084-26f34704b964,comment,278ef789-25c1-449e-bde1-95b59ce1c1e4,A,8.0,False
A-1012,3ca833ce-b1a2-43ad-a12c-d30c72795552,post,278ef789-25c1-449e-bde1-95b59ce1c1e4,A,8.0,False
A-1013,68959518-7c5a-4764-887c-a9eae0d0d054,post,278ef789-25c1-449e-bde1-95b59ce1c1e4,A,8.0,False
A-1014,867c7e73-0be2-4453-bb2a-3c5610c7e3b9,post,278ef789-25c1-449e-bde1-95b59ce1c1e4,A,8.0,False
A-1015,9acc7a39-0d78-4525-bae0-172f532215eb,comment,278ef789-25c1-449e-bde1-95b59ce1c1e4,A,8.0,False
A-1016,a89d99fe-7fe8-4c11-a0ba-4e1d47beb756,comment,278ef789-25c1-449e-bde1-95b59ce1c1e4,A,8.0,False
A-1017,befa7e52-71d5-4e44-9d5e-6ac036bc2165,comment,278ef789-25c1-449e-bde1-95b59ce1c1e4,A,8.0,False
A-1018,ef22ac55-1e7f-4061-8743-335c6574edeb,comment,278ef789-25c1-449e-bde1-95b59ce1c1e4,A,8.0,False
A-1019,1c66766e-d21a-445d-acfa-c6e24ac78f3c,comment,279bc8fc-80ef-4885-802b-720f1301e738,A,4.0,False
A-1020,6341cabd-0d1b-4974-812e-b01e5c062412,post,279bc8fc-80ef-4885-802b-720f1301e738,A,4.0,False
A-1021,bb25e235-d369-4ec1-af5c-8e413c61c5c0,post,279bc8fc-80ef-4885-802b-720f1301e738,A,4.0,False
A-1022,cd3e3dd3-99fc-4722-bea9-fe1298078590,comment,279bc8fc-80ef-4885-802b-720f1301e738,A,4.0,False
A-1023,245db6c4-f1fc-419b-b7c7-fb4e566924ef,comment,27cec778-e8fe-4168-81b3-999335a77607,A,3.0,False
A-1024,74c99e59-cd49-4dce-9433-755ae98ebe01,post,27cec778-e8fe-4168-81b3-999335a77607,A,3.0,False
A-1025,9b394120-355b-4688-a793-4df3b64e3112,post,27cec778-e8fe-4168-81b3-999335a77607,A,3.0,False
A-1026,0950400e-c09b-42fa-a2c1-da1bd4bb9afe,comment,27cfc8b8-4816-4d89-916e-4e07332a4e91,A,3.0,False
A-1027,4ad100c8-5b83-4fc8-a537-ea119fa2aefe,comment,27cfc8b8-4816-4d89-916e-4e07332a4e91,A,3.0,False
A-1028,a8d7156e-f931-4175-a2f2-e63e9d99feff,post,27cfc8b8-4816-4d89-916e-4e07332a4e91,A,3.0,False
A-1029,4d79b450-4b2d-4625-a3a1-14481698dcd9,post,27d99d9d-5d9f-4868-b4c6-2b8d3072f44a,A,1.0,False
A-1030,e6ca1c24-e849-4f59-8ddd-80dbe6289986,comment,27e77e89-acfb-48a6-a5b8-389a977f05f2,A,1.0,False
A-1031,05c60382-de81-4639-89a0-1312e5778387,comment,27efd712-ec0a-4a60-a463-14048d27e793,A,2.0,False
A-1032,5d501bad-3b3d-463d-936f-b36d3b8187db,comment,27efd712-ec0a-4a60-a463-14048d27e793,A,2.0,False
A-1033,48d082ab-42c4-4239-9bf0-4316d77174b1,post,27f2fdf5-3287-4ea8-83b0-4b1cd64035d1,A,3.0,False
A-1034,a03d94c1-8838-4f24-af63-cc1855eae2ae,post,27f2fdf5-3287-4ea8-83b0-4b1cd64035d1,A,3.0,False
A-1035,dbb095bf-2e17-467f-8818-502b8bce8446,post,27f2fdf5-3287-4ea8-83b0-4b1cd64035d1,A,3.0,False
A-1036,c396f62a-0fc9-4ce1-a74e-ab68fda24c2c,post,27f3ed02-09e3-4e4b-beee-c13e8a1baf4d,A,1.0,False
A-1037,c75da584-cde9-4968-bdab-0ed4a73f09e6,comment,281fb97f-f89b-41e4-b582-ef7b385c9304,A,1.0,False
A-1038,039a5a8a-3cb7-47e8-8573-ff2ca5e647a0,comment,28347d97-6f3b-4243-9c14-e47798b4761f,A,10.0,False
A-1039,423d5d07-75e1-4e9b-8231-11feeef78a1d,comment,28347d97-6f3b-4243-9c14-e47798b4761f,A,10.0,False
A-1040,552aa7f1-f7f0-42c1-b5fb-fc3d52c33915,post,28347d97-6f3b-4243-9c14-e47798b4761f,A,10.0,False
A-1041,575f4b91-b80d-4ccf-a58d-099bac7880e1,post,28347d97-6f3b-4243-9c14-e47798b4761f,A,10.0,False
A-1042,6db3c56a-fb17-45e3-a891-52ab2f8d73ee,comment,28347d97-6f3b-4243-9c14-e47798b4761f,A,10.0,False
A-1043,8600d1ac-00aa-4c90-81c8-9bc721b2efe8,comment,28347d97-6f3b-4243-9c14-e47798b4761f,A,10.0,False
A-1044,9116f4a2-b6fa-443a-85be-6e81d15c1504,comment,28347d97-6f3b-4243-9c14-e47798b4761f,A,10.0,False
A-1045,a7a38301-9fe8-49b2-93f9-8d9d2a99e981,comment,28347d97-6f3b-4243-9c14-e47798b4761f,A,10.0,False
A-1046,cc5f94dd-050b-4855-bd0f-5e0a27f43608,post,28347d97-6f3b-4243-9c14-e47798b4761f,A,10.0,False
A-1047,e6e76094-d831-486a-a91f-411fbda3c21d,post,28347d97-6f3b-4243-9c14-e47798b4761f,A,10.0,False
A-1048,062c5958-023d-4bc7-bcac-15f0d901d2b8,post,28354192-232d-4264-b31a-1dbe3a4a7b07,A,11.0,False
A-1049,121c113f-a77f-4460-859e-a5e3b0c47fb7,post,28354192-232d-4264-b31a-1dbe3a4a7b07,A,11.0,False
A-1050,42a76c05-710a-4d1a-a2db-c3d8bd8c0938,post,28354192-232d-4264-b31a-1dbe3a4a7b07,A,11.0,False
A-1051,4b284670-cc93-47c3-9610-1bf79004b031,post,28354192-232d-4264-b31a-1dbe3a4a7b07,A,11.0,False
A-1052,5eaab8fa-16c0-4525-b6ef-a80d64681b64,comment,28354192-232d-4264-b31a-1dbe3a4a7b07,A,11.0,False
A-1053,6797626b-0446-4daf-a687-73ce0928df2f,post,28354192-232d-4264-b31a-1dbe3a4a7b07,A,11.0,False
A-1054,7656887e-1c33-474c-82bc-6fb3435e4ae2,post,28354192-232d-4264-b31a-1dbe3a4a7b07,A,11.0,False
A-1055,9ba6f3cc-814f-464f-96d3-8df250ce1b8f,post,28354192-232d-4264-b31a-1dbe3a4a7b07,A,11.0,False
A-1056,cd5a0bc4-03f4-41d6-a42f-5410f8a4eba0,comment,28354192-232d-4264-b31a-1dbe3a4a7b07,A,11.0,False
A-1057,ce2da3aa-72bd-4483-87be-3ef1a3300b65,comment,28354192-232d-4264-b31a-1dbe3a4a7b07,A,11.0,False
A-1058,d3e2f52d-c606-4b30-ba67-e362368d2bfd,post,28354192-232d-4264-b31a-1dbe3a4a7b07,A,11.0,False
A-1059,22c61f2c-d5f4-4ff5-b2a3-ea77cab493a8,post,286d419d-6718-47a1-a807-581849353e2a,A,3.0,False
A-1060,99cadb3b-b925-4179-a863-6136940d0097,comment,286d419d-6718-47a1-a807-581849353e2a,A,3.0,False
A-1061,ab08bdfe-1e82-414b-b500-caa8348aca31,comment,286d419d-6718-47a1-a807-581849353e2a,A,3.0,False
A-1062,3f60b5af-f301-4ed2-93be-e492e7189241,post,28741671-d145-4841-ab1c-cc425237f12f,A,4.0,False
A-1063,4ac31ad8-7e18-4e27-a693-ad08a7aba04a,post,28741671-d145-4841-ab1c-cc425237f12f,A,4.0,False
A-1064,7695c09a-a5f3-4ca8-8ad1-ef51238950ef,post,28741671-d145-4841-ab1c-cc425237f12f,A,4.0,False
A-1065,e97ccb81-14e0-4594-86da-75fa1117dd51,post,28741671-d145-4841-ab1c-cc425237f12f,A,4.0,False
A-1066,ba24265f-a6c7-4f70-bfa5-26f7cad5ea9e,post,287b87ba-685d-4f24-8836-bf41e50c2499,A,1.0,False
A-1067,3fe266e4-a6ca-492f-bdde-31d7e327d46b,comment,287bc6a1-a68e-4652-b255-ae3791952c80,A,11.0,False
A-1068,443555d8-719e-4829-b45b-5444a1cb75de,comment,287bc6a1-a68e-4652-b255-ae3791952c80,A,11.0,False
A-1069,45618646-8c34-4ef8-92a9-dc786c42385c,comment,287bc6a1-a68e-4652-b255-ae3791952c80,A,11.0,False
A-1070,47183225-2b14-4a44-8525-37169cc5ee3d,post,287bc6a1-a68e-4652-b255-ae3791952c80,A,11.0,False
A-1071,48cabce3-2282-4a29-ba9e-3e554105677c,post,287bc6a1-a68e-4652-b255-ae3791952c80,A,11.0,False
A-1072,57d3e997-eee3-4888-858d-8d547fa2d518,post,287bc6a1-a68e-4652-b255-ae3791952c80,A,11.0,False
A-1073,64afdf42-e681-41e9-b92e-6cb618472d64,comment,287bc6a1-a68e-4652-b255-ae3791952c80,A,11.0,False
A-1074,8a3a0cc6-899f-44c8-886a-12d4a527c338,comment,287bc6a1-a68e-4652-b255-ae3791952c80,A,11.0,False
A-1075,8d3858b2-a562-4e13-9979-8e24b96a3053,post,287bc6a1-a68e-4652-b255-ae3791952c80,A,11.0,False
A-1076,cbc3e8a5-f69f-4044-b976-263f0d1b80d3,post,287bc6a1-a68e-4652-b255-ae3791952c80,A,11.0,False
A-1077,ce8e1b96-bcd6-48f7-9d8c-05679c9d3ab2,comment,287bc6a1-a68e-4652-b255-ae3791952c80,A,11.0,False
A-1078,b52000ea-8c18-484f-a8fd-d7be2ecb30cd,post,287ff57b-83ca-4ff3-8a5e-4126e34b6a34,A,1.0,False
A-1079,834df3e6-fbb6-4c61-8318-96c7555bf891,comment,2896e3ac-a16b-4ea5-80e5-7bd6cd428e8c,A,3.0,False
A-1080,9d2bc406-00e9-4f14-a513-d6d201ba28e7,comment,2896e3ac-a16b-4ea5-80e5-7bd6cd428e8c,A,3.0,False
A-1081,f5bd5059-2844-41fc-8b7e-6426eb5db7a4,comment,2896e3ac-a16b-4ea5-80e5-7bd6cd428e8c,A,3.0,False
A-1082,ba806c3a-2b00-486c-a78d-a2d4211d7066,post,28992a40-0cde-4be1-a3d7-ba1692caae5b,A,1.0,False
A-1083,311afa17-73a6-4584-81b4-4ef61807ccb9,post,28a46362-630b-4e6b-af84-2183030d26cb,A,2.0,False
A-1084,4fb72c15-81ad-4b2d-baf4-ad38263552c7,post,28a46362-630b-4e6b-af84-2183030d26cb,A,2.0,False
A-1085,13ed194b-83af-45f8-9e91-98f444e75635,comment,28a9e09c-0ac2-4b5e-abb2-2626c3465cd0,A,3.0,False
A-1086,95eb5c08-1a0f-4eaf-a197-3f13e7709008,comment,28a9e09c-0ac2-4b5e-abb2-2626c3465cd0,A,3.0,False
A-1087,b945f0b5-fe5a-4f61-8eb8-98430f374d42,post,28a9e09c-0ac2-4b5e-abb2-2626c3465cd0,A,3.0,False
A-1088,a5a7478a-ae17-41a5-af46-5ed162c7a100,comment,28b90283-3635-445c-b2e4-a05d87f8a235,A,1.0,False
A-1089,ed40537b-2b76-422f-a164-d1a4b402ef49,post,28d0ec02-d9bb-40de-b53a-0fb29cffbb7d,A,1.0,False
A-1090,f734ddd7-9f16-4868-82b8-e8d2d97bf84c,post,28ddb2dd-fcc3-45ae-bf13-fc82e23aeec5,A,1.0,False
A-1091,41169a7b-b2ff-4204-90a8-e23ed656185d,comment,28e468b9-35bd-465c-b97a-023992581bc1,A,2.0,False
A-1092,456be080-49cb-49b0-a256-db50917bd33f,post,28e468b9-35bd-465c-b97a-023992581bc1,A,2.0,False
A-1093,aa04e9df-6881-4950-b997-f22396e669b7,comment,28f7ec46-06ec-49c6-b8a0-ab8d629c1d77,A,16.0,False
A-1094,9fe1da72-d4f7-4c3e-a815-d749528eaf28,comment,28f7ec46-06ec-49c6-b8a0-ab8d629c1d77,A,16.0,False
A-1095,6b280892-9835-4a27-aed3-4089c8920d82,comment,28f7ec46-06ec-49c6-b8a0-ab8d629c1d77,A,16.0,False
A-1096,a1ac9110-f37a-4e37-ad17-3fb79b5d1ff3,comment,28f7ec46-06ec-49c6-b8a0-ab8d629c1d77,A,16.0,False
A-1097,942de8c6-5f59-426f-9ccd-1eb8582e4e93,comment,28f7ec46-06ec-49c6-b8a0-ab8d629c1d77,A,16.0,False
A-1098,a752ae13-f7f8-46ce-b83d-38e51acc789f,comment,28f7ec46-06ec-49c6-b8a0-ab8d629c1d77,A,16.0,False
A-1099,e4ddcae2-a281-49e7-957a-f12d93c05958,comment,28f7ec46-06ec-49c6-b8a0-ab8d629c1d77,A,16.0,False
A-1100,8c031eb7-98b8-40f8-8d09-0746bd7d9132,comment,28f7ec46-06ec-49c6-b8a0-ab8d629c1d77,A,16.0,False
A-1101,86e9f944-abb6-4c6d-85cc-c4ef533a7f51,comment,28f7ec46-06ec-49c6-b8a0-ab8d629c1d77,A,16.0,False
A-1102,42a3c9af-476d-42da-9aad-c637caa3a790,comment,28f7ec46-06ec-49c6-b8a0-ab8d629c1d77,A,16.0,False
A-1103,b210842b-1779-4dc7-8aa6-797be6e6e1ec,comment,28f7ec46-06ec-49c6-b8a0-ab8d629c1d77,A,16.0,False
A-1104,cc841043-b9ce-4ffb-a4f1-0bb52e931aa1,comment,28f7ec46-06ec-49c6-b8a0-ab8d629c1d77,A,16.0,False
A-1105,d5e3ae7d-6dd5-4b3b-a8aa-13394a2c1817,comment,28f7ec46-06ec-49c6-b8a0-ab8d629c1d77,A,16.0,False
A-1106,7e3c2140-37fa-4113-9f39-f1275a96796c,comment,28f7ec46-06ec-49c6-b8a0-ab8d629c1d77,A,16.0,False
A-1107,2bb212e1-ca53-4958-94c6-46136dbb9111,comment,28f7ec46-06ec-49c6-b8a0-ab8d629c1d77,A,16.0,False
A-1108,b1dd8852-7eb5-4340-8571-8201d485798e,post,28f84b31-40ac-4c52-961b-67fac19f0b3a,A,1.0,False
A-1109,27e7e01d-1b60-48bf-9734-4d01d08d5f72,post,28feb882-6952-4557-a47d-b259243a410f,A,1.0,False
A-1110,359ba280-95c9-4b46-a1c7-cbeea805f06f,post,29031624-eb7a-41d4-8d42-42b11a2ecba9,A,1.0,False
A-1111,03e24c6e-bf41-4a67-9001-bad558dd52ef,post,29083aeb-08d5-4802-b4fc-70bbef84449b,A,2.0,False
A-1112,6b79f62e-e0e2-4514-b29d-dfd4d5243109,post,29083aeb-08d5-4802-b4fc-70bbef84449b,A,2.0,False
A-1113,420ac173-c910-44a8-85fe-78998319494b,post,2934e20c-943d-4f0a-bba7-eebf9d70f097,A,1.0,False
A-1114,3aef16e7-0cec-4dd3-8898-1bd8ce4e40be,post,29392303-5939-40c6-9c6b-7f9d4d009d17,A,1.0,False
A-1115,3166000f-ce6b-4259-8a3d-760838faff98,post,293d7f40-1df0-4e9e-8f49-0e69f8d868d9,A,1.0,False
A-1116,07b4588c-6348-4679-8476-5f1f4b3ace9c,post,294d5e35-257d-4999-b87f-0d00e5cf3ae2,A,2.0,False
A-1117,77b3f8ff-2b6a-43ad-807a-da8912805871,comment,294d5e35-257d-4999-b87f-0d00e5cf3ae2,A,2.0,False
A-1118,65ad28d0-51de-4c29-9488-59dcf696e93d,post,29908371-a30e-41d1-b35d-4b5f001d11b7,A,1.0,False
A-1119,c2bb1de4-e7ec-4ed6-8089-2399af2bddc6,post,29ca8cf4-49e8-47fc-bb5c-e93e774b2f38,A,1.0,False
A-1120,80ebc95d-2212-4781-80ee-24cd7767ae8e,post,29dfa0f4-d604-4303-9821-576a7c61073b,A,1.0,False
A-1121,79be34bd-8c35-4eef-b803-be1c0e0fbd3a,post,2a1b5a2e-fc2b-40b3-a38c-ce659bddf730,A,1.0,False
A-1122,3d7f884b-4d1f-4517-b883-1f77c80b93d4,post,2a30650c-da3a-4318-9ed6-f769ebf75dc0,A,1.0,False
A-1123,91cd0643-9c54-44a0-b489-eabb68e7df6e,post,2a3c769d-8f2b-4757-958b-79e7e3433918,A,1.0,False
A-1124,3ca76f2c-28b2-4c6b-a997-c755f5e70b40,post,2a4b322a-b387-4c5a-970f-ad3539c132f7,A,3.0,False
A-1125,8f11998a-901b-4086-9b06-35962c20e686,post,2a4b322a-b387-4c5a-970f-ad3539c132f7,A,3.0,False
A-1126,a2924896-2f0b-4551-9dc7-e260d93851e9,post,2a4b322a-b387-4c5a-970f-ad3539c132f7,A,3.0,False
A-1127,10879cf1-e79e-424a-a707-f39e3ad77035,post,2a6290da-2db0-422a-b4e8-33f8b69b7ded,A,3.0,False
A-1128,1d7bf211-1e70-4174-b363-390da8660b99,post,2a6290da-2db0-422a-b4e8-33f8b69b7ded,A,3.0,False
A-1129,77e3ffde-723d-4ed0-9d49-10f3b029e2f9,comment,2a6290da-2db0-422a-b4e8-33f8b69b7ded,A,3.0,False
A-1130,868b098f-efc3-4ebd-86f9-43c59b9073f1,post,2aace545-4423-4627-bdcd-fda5ff0b4657,A,1.0,False
A-1131,a245c949-c4b9-4241-abc9-1e7ec12bf13c,post,2aace72a-10d9-4a61-8596-71954d963f59,A,1.0,False
A-1132,4378d9bb-21e9-418a-a347-15884a03a5ad,comment,2abed41c-ea62-4e91-9e6c-c6c5d73cb987,A,4.0,False
A-1133,6c8d0be0-c5b5-4c6e-80ff-e7ba603c5bf5,post,2abed41c-ea62-4e91-9e6c-c6c5d73cb987,A,4.0,False
A-1134,81593384-7184-41be-8ad1-2c456935d271,post,2abed41c-ea62-4e91-9e6c-c6c5d73cb987,A,4.0,False
A-1135,e1c4ad91-6c2b-4c93-b98f-3af4ae97f47e,post,2abed41c-ea62-4e91-9e6c-c6c5d73cb987,A,4.0,False
A-1136,50b924bc-1dc2-4b35-b41a-f8c6f20608e4,post,2ac19e04-bc5c-4154-9277-ed4990397311,A,1.0,False
A-1137,0e9f289c-93f0-44c0-9bec-0ea4571111f1,post,2ad44a9b-8dc9-4d54-a380-595ac0797ac5,A,1.0,False
A-1138,71366b05-8577-4da9-92fb-5ee67f7a3f22,comment,2ae31e3b-7852-472d-b108-023c901e41a0,A,2.0,False
A-1139,7f81e0f7-92c4-4ca4-845f-996d6e559e89,comment,2ae31e3b-7852-472d-b108-023c901e41a0,A,2.0,False
A-1140,38aed562-f484-486f-b930-d93da360df08,post,2ae8af1e-9419-43d6-8b69-4af693b0abed,A,1.0,False
A-1141,cdc209e1-755c-4522-9be9-0832ed99c72c,post,2ae96b38-48dd-4d7e-a64c-aa3f10615cf5,A,1.0,False
A-1142,8692ae48-d517-4444-920b-f8eb136bcad5,post,2af73e28-831d-40e1-8337-3882c59e9303,A,1.0,False
A-1143,792910bb-1c9a-4f75-8d4c-9adeab86d4b5,post,2b0fa731-65df-46ba-8331-89bdab261701,A,1.0,False
A-1144,b5359450-5f8e-472c-abb3-132d7b4cd401,post,2b36b907-226c-408d-9fff-d6a90f1ab489,A,1.0,False
A-1145,b51c3cbf-decf-4129-b50c-ab8fc73e47d7,post,2b5b4223-c171-4c9e-9479-a2066b1f58e5,A,1.0,False
A-1146,59907f01-7a2b-4d25-83e1-3dc20e7bc5a4,comment,2b6c4b3f-b005-4d1b-a0e2-e4f683e8c55f,A,1.0,False
A-1147,bc655b5b-7ed1-4543-9cf2-18afc39afcfe,post,2b7c0456-7bdd-4ae0-b891-3fab292dc2ae,A,1.0,False
A-1148,e4c6b1d1-f872-4d05-b8ec-ee0791f7a427,post,2b9dbe7c-fc1e-472d-b872-ecaa5e19b619,A,1.0,False
A-1149,1ac8b2c0-3108-4941-af84-4e29740a84d3,post,2bfa2641-4ca3-4bca-9290-4b9428a492db,A,6.0,False
A-1150,73d84253-9e31-42fb-9b95-61ac116014bd,post,2bfa2641-4ca3-4bca-9290-4b9428a492db,A,6.0,False
A-1151,ab9fc28f-c78b-4157-a73b-ea6d383cdfdb,comment,2bfa2641-4ca3-4bca-9290-4b9428a492db,A,6.0,False
A-1152,c131f55c-dfd6-4692-85cd-45d8e7d4b7db,post,2bfa2641-4ca3-4bca-9290-4b9428a492db,A,6.0,False
A-1153,dd75b5e4-5371-4feb-9220-b51ddc732e71,comment,2bfa2641-4ca3-4bca-9290-4b9428a492db,A,6.0,False
A-1154,f863b679-1ffc-4e1b-958d-5c0b96ebbdf4,comment,2bfa2641-4ca3-4bca-9290-4b9428a492db,A,6.0,False
A-1155,bf8b3e77-9096-42a6-b50f-93c161951e0e,comment,2bfe9fdd-a1e8-4b68-9207-db72f0afc21a,A,1.0,False
A-1156,83373802-0aaf-4c02-ab6c-52f80b320dbf,post,2c02c034-8bef-40e2-bc84-af42c06e640f,A,2.0,False
A-1157,a6e9343e-1957-4744-b793-ba027f9f7ffb,comment,2c02c034-8bef-40e2-bc84-af42c06e640f,A,2.0,False
A-1158,51ec282e-08cb-40d7-9fc4-975a7c1c6b75,post,2c17814b-fae8-43ba-b3a6-71ced8d7ffa5,A,1.0,False
A-1159,772bedfd-5471-4a5f-857c-5b9fce4a5a64,post,2c3348d7-a0f1-4d86-be09-65d74c142261,A,1.0,False
A-1160,d573f63d-18e8-4a02-aa03-31330198a4f0,post,2c81cbdd-5619-44d4-b3e7-5770b813ce8f,A,2.0,False
A-1161,df468b5e-ee23-48d9-85b9-5b9904e46f15,post,2c81cbdd-5619-44d4-b3e7-5770b813ce8f,A,2.0,False
A-1162,22b4508e-3695-415d-834b-4d77beea177f,post,2c844666-f607-46e1-b1bd-a7ebc4166497,A,1.0,False
A-1163,01d34407-a43e-48c3-a354-5df875498112,post,2cace31b-bc30-4c62-9f89-588acfe13592,A,3.0,False
A-1164,34f93603-04a9-4ad9-bd27-10bbe5a5ec6e,post,2cace31b-bc30-4c62-9f89-588acfe13592,A,3.0,False
A-1165,b3c410d4-48ae-4422-bd22-c4687b351126,post,2cace31b-bc30-4c62-9f89-588acfe13592,A,3.0,False
A-1166,29cce912-d8f2-46e5-9af1-331033343dc2,post,2cc5765c-abf3-4315-ad7e-6db853e4aaac,A,2.0,False
A-1167,9901ce71-25b4-4fa8-b607-9867b6401cd7,comment,2cc5765c-abf3-4315-ad7e-6db853e4aaac,A,2.0,False
A-1168,13db1b09-9988-419a-9bce-92f05f54f2f0,post,2cd55620-4995-4808-b722-f8dffc5cbc79,A,2.0,False
A-1169,c4fdf68f-7869-4054-8514-06ea0a3a9c7b,comment,2cd55620-4995-4808-b722-f8dffc5cbc79,A,2.0,False
A-1170,5895327a-f756-401d-a20b-1cd144d91fb7,post,2d253d5f-67e8-425e-ab8a-66bc79498bbd,A,2.0,False
A-1171,8da63854-ba12-466a-ae3f-c38b04b5eb22,comment,2d253d5f-67e8-425e-ab8a-66bc79498bbd,A,2.0,False
A-1172,8e25cf2a-afef-4b6f-bc70-5dc8fb4f4497,post,2d2725e8-d47f-4d8b-af41-7c6784dd13e0,A,2.0,False
A-1173,c94e7c4a-cbb6-4252-b22e-666bb371d53c,post,2d2725e8-d47f-4d8b-af41-7c6784dd13e0,A,2.0,False
A-1174,5598a1be-a6c0-49b1-a4db-320a3db45b78,post,2d2f0f4e-5580-40c9-9064-f1978ffe660c,A,1.0,False
A-1175,1be892f1-459f-4866-8dce-fc17ae3e5214,post,2d587b00-1789-4db1-98f1-99bc0139d308,A,7.0,False
A-1176,6cac524a-5f1c-4b89-abdf-1b2994a2b001,comment,2d587b00-1789-4db1-98f1-99bc0139d308,A,7.0,False
A-1177,799e39db-b87e-47cf-b3da-f455752e7e67,comment,2d587b00-1789-4db1-98f1-99bc0139d308,A,7.0,False
A-1178,93879cef-b9c4-4129-9a71-18f5559288d9,post,2d587b00-1789-4db1-98f1-99bc0139d308,A,7.0,False
A-1179,b8d5f5bd-4345-4f81-b451-67b4c29d21ad,comment,2d587b00-1789-4db1-98f1-99bc0139d308,A,7.0,False
A-1180,bcb4124f-153f-4d2c-a798-8627a3604e91,post,2d587b00-1789-4db1-98f1-99bc0139d308,A,7.0,False
A-1181,de97f550-163b-450f-b9f3-14dd87e58300,post,2d587b00-1789-4db1-98f1-99bc0139d308,A,7.0,False
A-1182,18f5dda7-8534-49d0-8c1c-5af3fb548c22,post,2d5b3058-ec9c-4b2a-8546-82ef0ed2b2f2,A,3.0,False
A-1183,1d118ab8-7e8b-43b2-9f02-32ba7fa757db,post,2d5b3058-ec9c-4b2a-8546-82ef0ed2b2f2,A,3.0,False
A-1184,57b6c01d-aef1-48da-88e0-fea020bfd3c2,post,2d5b3058-ec9c-4b2a-8546-82ef0ed2b2f2,A,3.0,False
A-1185,02aa3d68-f50d-483b-8471-d8609a78ae88,post,2da357c7-4508-48d4-aadb-db0c011ca515,A,1.0,False
A-1186,0010157e-1166-457f-ae07-43c3112f9f91,comment,2db33b46-8a7a-4625-acfa-4464cda256d4,A,1.0,False
A-1187,2b7fb10a-dfe7-4641-bb82-1cc88313bb1d,post,2db9abd6-4b8a-4861-9fcd-124015153186,A,2.0,False
A-1188,7c3de457-abe1-4e50-9b09-d4e083a94e7b,post,2db9abd6-4b8a-4861-9fcd-124015153186,A,2.0,False
A-1189,2556b1c7-7676-407c-8795-c55c796a417a,post,2dbdc2ce-e094-4898-b02c-fde45fdc0049,A,4.0,False
A-1190,be618ffb-c7c1-49f6-807a-408186f50981,comment,2dbdc2ce-e094-4898-b02c-fde45fdc0049,A,4.0,False
A-1191,df9fd6af-32e7-49f1-a656-2135d5d1de90,post,2dbdc2ce-e094-4898-b02c-fde45fdc0049,A,4.0,False
A-1192,e0fba15d-5e30-43f7-8f07-aa06526668d9,post,2dbdc2ce-e094-4898-b02c-fde45fdc0049,A,4.0,False
A-1193,62f31333-51b8-4822-8343-cb0304e4cb76,post,2dda5e7d-4e73-48bc-ae3f-cf5e725f775c,A,1.0,False
A-1194,627e15a9-1104-402c-8a01-b00edf8cd2e9,post,2e09bb30-6313-4839-a6a6-51021ed1942c,A,4.0,False
A-1195,bce1b9b6-f0c1-4258-bad0-9a024ecc2b44,post,2e09bb30-6313-4839-a6a6-51021ed1942c,A,4.0,False
A-1196,e020ac70-f7f3-43cf-afbb-b8ecb6b3996b,post,2e09bb30-6313-4839-a6a6-51021ed1942c,A,4.0,False
A-1197,edd063bb-f813-4a05-9804-2ffe15d214a7,comment,2e09bb30-6313-4839-a6a6-51021ed1942c,A,4.0,False
A-1198,44811379-eedc-4a88-996d-67b8a2d3e235,comment,2e0ad0bf-50a7-4488-95f7-bbb8a7d2fc85,A,3.0,False
A-1199,d3a52462-7b3a-495c-b5cf-823504d33b8d,post,2e0ad0bf-50a7-4488-95f7-bbb8a7d2fc85,A,3.0,False
A-1200,d51a618c-c2bb-4ea1-9892-6af0de5628d3,comment,2e0ad0bf-50a7-4488-95f7-bbb8a7d2fc85,A,3.0,False
A-1201,0141dbe4-5c27-4a10-96e2-1cfd8a96e376,comment,2e317931-6242-4c24-87f6-c02307cd7711,A,4.0,False
A-1202,da689223-6e8d-488c-a614-fb2085874e4e,comment,2e317931-6242-4c24-87f6-c02307cd7711,A,4.0,False
A-1203,de037d39-7772-4cdc-a734-2209ff310b10,comment,2e317931-6242-4c24-87f6-c02307cd7711,A,4.0,False
A-1204,ef9ad599-dc0c-40bf-a771-f6de79cdb63c,comment,2e317931-6242-4c24-87f6-c02307cd7711,A,4.0,False
A-1205,40d37d99-e6a6-4627-9c7b-a50ff97a5fd1,post,2e520fb8-f039-4f1d-9ec4-03252c5dcc04,A,2.0,False
A-1206,5886ff89-7e84-46df-98fa-1a8e0fb19511,post,2e520fb8-f039-4f1d-9ec4-03252c5dcc04,A,2.0,False
A-1207,124a7886-e6b9-465f-bf18-41a9aa47f677,post,2eacb378-5de1-4d40-a193-3114ad57c30f,A,6.0,False
A-1208,2eedf647-2299-463c-92b2-fba4902873f6,comment,2eacb378-5de1-4d40-a193-3114ad57c30f,A,6.0,False
A-1209,37187821-59fa-40d2-a20d-e4fb66f3fee4,comment,2eacb378-5de1-4d40-a193-3114ad57c30f,A,6.0,False
A-1210,b767db0d-2fee-41d7-8855-11b91e114d8c,comment,2eacb378-5de1-4d40-a193-3114ad57c30f,A,6.0,False
A-1211,c121633e-6d4a-48d1-959f-b60de683d482,comment,2eacb378-5de1-4d40-a193-3114ad57c30f,A,6.0,False
A-1212,ca688c6c-6cc5-494c-ab32-8ad2df9cfbb2,comment,2eacb378-5de1-4d40-a193-3114ad57c30f,A,6.0,False
A-1213,fd5c9db1-c789-428c-bcf1-d11b775a6cde,post,2eacc3f3-b28f-4978-8ad4-1e777f436fca,A,1.0,False
A-1214,ffe88a3d-fbba-43ce-bcbd-d6d12afdd32f,post,2eb4d198-3d9f-4a95-b8eb-201545cfe7ba,A,1.0,False
A-1215,3dd554c0-f489-4c44-893e-7df652bf34e8,post,2ed36425-2ee5-4a5c-827c-6938ce1bfe34,A,1.0,False
A-1216,0189d3dd-4d0d-4ccb-8355-dd5ea2f9da49,post,2efa0fda-e2b3-43da-911e-6f3dd5020466,A,9.0,False
A-1217,0747c161-229f-4c07-80cc-2173889ee269,post,2efa0fda-e2b3-43da-911e-6f3dd5020466,A,9.0,False
A-1218,0bee58e8-367a-4586-9cb0-fb1b785248e9,post,2efa0fda-e2b3-43da-911e-6f3dd5020466,A,9.0,False
A-1219,84a334a2-cf57-45ff-9eb6-9e081bd0ad09,comment,2efa0fda-e2b3-43da-911e-6f3dd5020466,A,9.0,False
A-1220,9d64956c-ffbd-490f-ae30-65fdb7151ef6,comment,2efa0fda-e2b3-43da-911e-6f3dd5020466,A,9.0,False
A-1221,b2bac97d-12ae-4257-bb89-4cbe5078a184,post,2efa0fda-e2b3-43da-911e-6f3dd5020466,A,9.0,False
A-1222,ba5c8e02-c955-41d8-be0b-f5d0ca014a4e,comment,2efa0fda-e2b3-43da-911e-6f3dd5020466,A,9.0,False
A-1223,bd723bcc-1dfd-4315-9a02-811581f7576e,post,2efa0fda-e2b3-43da-911e-6f3dd5020466,A,9.0,False
A-1224,fb2e22c0-bc5f-4c48-b7ad-c1de552db7b8,post,2efa0fda-e2b3-43da-911e-6f3dd5020466,A,9.0,False
A-1225,60ddce1d-3c09-4403-9d6b-e17bb0835939,post,2f0b80ce-252c-4100-acdc-11d89313e162,A,1.0,False
A-1226,6e7de91f-0014-4d00-9f6b-650f8978e5ab,post,2f1e6ba0-efb1-4ce2-91fe-7f60bf2b8b2e,A,2.0,False
A-1227,f993a66c-6177-48c6-bd1a-4d88db9e94ad,comment,2f1e6ba0-efb1-4ce2-91fe-7f60bf2b8b2e,A,2.0,False
A-1228,a09180fd-0312-44a0-b6dc-8924dbfff698,post,2f2232b2-4694-4e90-b2a6-1c25f3e95cce,A,3.0,False
A-1229,c482c7ee-352a-461f-a86b-562adcd4144c,post,2f2232b2-4694-4e90-b2a6-1c25f3e95cce,A,3.0,False
A-1230,c703bdf8-6654-47fe-b925-b8e2d796fca9,comment,2f2232b2-4694-4e90-b2a6-1c25f3e95cce,A,3.0,False
A-1231,223accdb-eb1f-4df8-8525-c3942e583a38,post,2f49a507-6844-469c-9273-881a94b385d5,A,1.0,False
A-1232,42c8258c-6d8d-44b1-895e-3827cda47d74,comment,2f57695a-56f4-42b6-ad1b-0df949064f1f,A,29.0,False
A-1233,8684c357-38ca-40de-931f-d719fb2e1290,post,2f57695a-56f4-42b6-ad1b-0df949064f1f,A,29.0,False
A-1234,0fcae897-7deb-4488-9508-d1892a19cc26,comment,2f57695a-56f4-42b6-ad1b-0df949064f1f,A,29.0,False
A-1235,92ea8d4a-2872-4b94-9cab-643b4f5d43c6,comment,2f57695a-56f4-42b6-ad1b-0df949064f1f,A,29.0,False
A-1236,d2f0ca07-9d51-4475-aeb1-9f9e528e754b,post,2f57695a-56f4-42b6-ad1b-0df949064f1f,A,29.0,False
A-1237,91541d5e-e64b-4087-bc86-3da36ed98f58,post,2f57695a-56f4-42b6-ad1b-0df949064f1f,A,29.0,False
A-1238,27fbe2ce-bdaa-4952-94b4-a48f36d39550,post,2f57695a-56f4-42b6-ad1b-0df949064f1f,A,29.0,False
A-1239,df4d4ae1-a272-48cf-9b1f-28da85e288ed,post,2f57695a-56f4-42b6-ad1b-0df949064f1f,A,29.0,False
A-1240,ae1b361f-fb30-45a7-abca-6db90ab0498f,post,2f57695a-56f4-42b6-ad1b-0df949064f1f,A,29.0,False
A-1241,950f1537-3ff6-4598-88ec-39caa6020201,post,2f57695a-56f4-42b6-ad1b-0df949064f1f,A,29.0,False
A-1242,7c99fc22-c3f4-418f-af37-a5edb28a1adc,post,2f57695a-56f4-42b6-ad1b-0df949064f1f,A,29.0,False
A-1243,03b2617e-ba49-4601-8ca0-00d31e10e32f,comment,2f57695a-56f4-42b6-ad1b-0df949064f1f,A,29.0,False
A-1244,4be33f0c-010e-4445-b423-d2241b335df0,comment,2f57695a-56f4-42b6-ad1b-0df949064f1f,A,29.0,False
A-1245,4f09fb58-f6b0-4b23-98e5-b1ab95e21ff9,comment,2f57695a-56f4-42b6-ad1b-0df949064f1f,A,29.0,False
A-1246,8bac7d8f-4a11-41f8-a6f9-3414304592b5,comment,2f57695a-56f4-42b6-ad1b-0df949064f1f,A,29.0,False
A-1247,5ff9ef18-37be-481d-980e-d08277cc6adc,post,2f67ec85-1840-4716-8fa1-f7d401d36eeb,A,3.0,False
A-1248,cb143208-3641-49ba-b322-893c58aad4b7,post,2f67ec85-1840-4716-8fa1-f7d401d36eeb,A,3.0,False
A-1249,dbdd08d7-234e-4f89-b7b6-5c7e2955b34b,post,2f67ec85-1840-4716-8fa1-f7d401d36eeb,A,3.0,False
A-1250,2fe8dc41-322d-40f0-8d41-40c2608b069e,comment,2f7d2415-a99f-49ad-b98a-5955fd401318,A,10.0,False
A-1251,3f87bd23-44ce-44b9-823c-54b9a4c522f3,comment,2f7d2415-a99f-49ad-b98a-5955fd401318,A,10.0,False
A-1252,5244f9eb-ca0c-4e05-9fe6-bd3daab37dbe,comment,2f7d2415-a99f-49ad-b98a-5955fd401318,A,10.0,False
A-1253,68435bbf-9756-4bd8-8eff-a5104a84f52e,comment,2f7d2415-a99f-49ad-b98a-5955fd401318,A,10.0,False
A-1254,6edbf008-2489-4272-a8e2-eba6946e214b,comment,2f7d2415-a99f-49ad-b98a-5955fd401318,A,10.0,False
A-1255,7a0d397a-1057-48ab-89c4-141528ecd996,comment,2f7d2415-a99f-49ad-b98a-5955fd401318,A,10.0,False
A-1256,8d848cae-a88e-48bc-ab25-7d0cfd18f942,post,2f7d2415-a99f-49ad-b98a-5955fd401318,A,10.0,False
A-1257,a59b027d-be6d-4ec4-ac8f-93b66c2f8b0e,comment,2f7d2415-a99f-49ad-b98a-5955fd401318,A,10.0,False
A-1258,a5f7cd5c-ba03-468c-a8ae-2225ad273ba0,comment,2f7d2415-a99f-49ad-b98a-5955fd401318,A,10.0,False
A-1259,dc8def06-8c88-4c22-bbc4-d2ec83bd43a4,comment,2f7d2415-a99f-49ad-b98a-5955fd401318,A,10.0,False
A-1260,6c8bbfff-595a-4873-bfab-7a189ed37704,post,2f8e0818-d424-447c-a7a6-a9e29c1400d9,A,1.0,False
A-1261,4488f480-2366-4d03-b674-878bd7537fd4,comment,2f9d6e16-22e1-437e-96dc-ac61379a47a7,A,164.0,False
A-1262,8f23e1a2-7790-4e8d-b089-d6f43bde653d,comment,2f9d6e16-22e1-437e-96dc-ac61379a47a7,A,164.0,False
A-1263,130c1664-6a83-4cff-865e-9e42307696a1,comment,2f9d6e16-22e1-437e-96dc-ac61379a47a7,A,164.0,False
A-1264,1f5aba9f-ae51-4b50-a6b2-b3f9a0aacf96,comment,2f9d6e16-22e1-437e-96dc-ac61379a47a7,A,164.0,False
A-1265,f0891f92-9083-42c1-97c4-0a8343d96bd4,comment,2f9d6e16-22e1-437e-96dc-ac61379a47a7,A,164.0,False
A-1266,fca9b883-5197-4fde-953d-3800b3a79d17,comment,2f9d6e16-22e1-437e-96dc-ac61379a47a7,A,164.0,False
A-1267,2eefbe04-b1ca-4d0d-9a8d-e1ddabd83806,comment,2f9d6e16-22e1-437e-96dc-ac61379a47a7,A,164.0,False
A-1268,0543d9e6-e9cc-46cf-a6e3-ae9b2ed1384b,comment,2f9d6e16-22e1-437e-96dc-ac61379a47a7,A,164.0,False
A-1269,db0da6ec-0789-4daf-8cd0-7f156cb6799c,comment,2f9d6e16-22e1-437e-96dc-ac61379a47a7,A,164.0,False
A-1270,4ae68da9-6ebd-4e7f-8cd5-5b878c63994a,comment,2f9d6e16-22e1-437e-96dc-ac61379a47a7,A,164.0,False
A-1271,768113f0-85b0-4920-98a3-6a487daecef3,comment,2f9d6e16-22e1-437e-96dc-ac61379a47a7,A,164.0,False
A-1272,f51d2d5b-0143-4a42-80a6-d08388b3135e,comment,2f9d6e16-22e1-437e-96dc-ac61379a47a7,A,164.0,False
A-1273,6a360011-d3a9-4c23-b9e2-286dc0fa6657,comment,2f9d6e16-22e1-437e-96dc-ac61379a47a7,A,164.0,False
A-1274,4fbd4426-46b6-4356-9117-dd552563acea,comment,2f9d6e16-22e1-437e-96dc-ac61379a47a7,A,164.0,False
A-1275,e88f3e42-f2ab-4f6c-a568-04f82cf049b3,comment,2f9d6e16-22e1-437e-96dc-ac61379a47a7,A,164.0,False
A-1276,e3a05f82-5e53-4859-af14-6a29616cdbc6,comment,2fabed45-ef91-46a0-9085-5b3ddd2e5df6,A,17.0,False
A-1277,77871f9c-d78b-4293-a833-d729289aba1d,comment,2fabed45-ef91-46a0-9085-5b3ddd2e5df6,A,17.0,False
A-1278,2fcc6859-2aa9-4c57-810f-590c6858f34f,comment,2fabed45-ef91-46a0-9085-5b3ddd2e5df6,A,17.0,False
A-1279,574b928e-e0df-40e4-a9bd-c660bea9d9af,comment,2fabed45-ef91-46a0-9085-5b3ddd2e5df6,A,17.0,False
A-1280,4f1a21a2-8274-4827-9819-b365f58e6223,post,2fabed45-ef91-46a0-9085-5b3ddd2e5df6,A,17.0,False
A-1281,dc4f2266-d5e6-4491-9770-3a847e80abc4,comment,2fabed45-ef91-46a0-9085-5b3ddd2e5df6,A,17.0,False
A-1282,ebd078ab-e6ed-44a6-ae07-ee309096a83e,comment,2fabed45-ef91-46a0-9085-5b3ddd2e5df6,A,17.0,False
A-1283,2a062d56-f6eb-49f0-bc2d-c825be1078a9,comment,2fabed45-ef91-46a0-9085-5b3ddd2e5df6,A,17.0,False
A-1284,d5639dde-c893-45bd-9768-36fb8f0ff0a2,comment,2fabed45-ef91-46a0-9085-5b3ddd2e5df6,A,17.0,False
A-1285,b3c6dd8a-8407-4739-a33e-6bf66dbe8f1e,comment,2fabed45-ef91-46a0-9085-5b3ddd2e5df6,A,17.0,False
A-1286,8cfb266a-58e9-43f6-89d3-f93b59ccec2b,comment,2fabed45-ef91-46a0-9085-5b3ddd2e5df6,A,17.0,False
A-1287,b246a543-12f8-4bfd-95ec-761657f00b65,comment,2fabed45-ef91-46a0-9085-5b3ddd2e5df6,A,17.0,False
A-1288,321e56d0-a226-46dc-af19-fd7fddaee6d6,comment,2fabed45-ef91-46a0-9085-5b3ddd2e5df6,A,17.0,False
A-1289,617d0221-fd2b-41e9-8fee-72abb2edfe93,comment,2fabed45-ef91-46a0-9085-5b3ddd2e5df6,A,17.0,False
A-1290,11ba83ad-5216-40ff-b353-622027182db0,comment,2fabed45-ef91-46a0-9085-5b3ddd2e5df6,A,17.0,False
A-1291,97b9403a-b02f-4aa9-9aec-8533850cca26,post,2fd22d5c-2d30-40d5-a31c-33c6c26831af,A,1.0,False
A-1292,ea385101-2db0-44a0-8dc6-38d3e9c1381a,post,2fd82be2-aa52-43ad-b837-d5faa95f079d,A,1.0,False
A-1293,a8ced9d6-b4b7-47fd-b5ef-96a925c342ef,post,2feabda8-6700-4973-8262-e2945714eade,A,1.0,False
A-1294,564744db-5b3f-47ee-8ff0-44ba2d856418,post,2ff808a2-1552-4a3b-a022-f47a70b8f47b,A,1.0,False
A-1295,02b792b2-6912-476a-9f99-bcebae76742b,comment,30096cb7-1929-4311-a708-36101015c7f6,A,4.0,False
A-1296,0d948a94-2015-4001-811f-7832fd3e6fb0,comment,30096cb7-1929-4311-a708-36101015c7f6,A,4.0,False
A-1297,95739bd4-fe6d-4121-9fc7-b8b3ae96e2dd,comment,30096cb7-1929-4311-a708-36101015c7f6,A,4.0,False
A-1298,a917af99-3b24-4ad0-982d-a28043237fab,comment,30096cb7-1929-4311-a708-36101015c7f6,A,4.0,False
A-1299,727b94cd-141a-46e3-b50e-aa31044ea14a,post,3030a9da-e266-43f6-a2f8-273cb0369b3c,A,1.0,False
A-1300,782a34ad-2fbf-44a6-893e-97807de3c292,post,30335f3d-f799-420e-8fbf-613dca772a93,A,1.0,False
A-1301,32254833-dfe5-4786-b58c-6f424d96a071,comment,3067877c-d876-4d88-89f2-d465c2e7847c,A,5.0,False
A-1302,56675b57-27b9-4374-94c0-b70a19309ba7,comment,3067877c-d876-4d88-89f2-d465c2e7847c,A,5.0,False
A-1303,65bcfe94-f019-4d87-b2a2-39f86060c2a8,comment,3067877c-d876-4d88-89f2-d465c2e7847c,A,5.0,False
A-1304,baa1e6c6-0b08-4322-8430-a6c766e1c788,post,3067877c-d876-4d88-89f2-d465c2e7847c,A,5.0,False
A-1305,f6f4e427-f8fd-4c03-9dd9-7a94d10ad9fc,comment,3067877c-d876-4d88-89f2-d465c2e7847c,A,5.0,False
A-1306,6e271024-25c3-457c-af61-e9f98cca2e03,post,306e38b7-ed2b-4ac3-a240-668cba21ffa9,A,1.0,False
A-1307,7dc30c98-7d02-4df8-a440-2aa66e0653d6,post,30743c7c-a427-4e85-871d-32035e972437,A,4.0,False
A-1308,8c36f0f9-123c-40d9-a14a-c2b02b5fe2fa,post,30743c7c-a427-4e85-871d-32035e972437,A,4.0,False
A-1309,c86e5007-56c1-4772-ab3b-514fb85432c3,comment,30743c7c-a427-4e85-871d-32035e972437,A,4.0,False
A-1310,f0ea6e8c-7a03-484b-b856-3ece0dc7cebf,comment,30743c7c-a427-4e85-871d-32035e972437,A,4.0,False
A-1311,8abbd117-f687-4cf7-87a9-5ad643100cc2,post,309eaa71-6f80-425e-a456-b7d6fd0c1b3c,A,3.0,False
A-1312,90e4360b-fe80-4ede-ba2b-f4db091f133a,post,309eaa71-6f80-425e-a456-b7d6fd0c1b3c,A,3.0,False
A-1313,a37bde25-72c5-4ae7-8bc4-a8f18cd5ba35,post,309eaa71-6f80-425e-a456-b7d6fd0c1b3c,A,3.0,False
A-1314,113c53ee-6050-4e02-b4b6-2d55c2cd03cf,post,30a0aaf3-1d9a-4a59-bda7-51ca18527dfd,A,1.0,False
A-1315,14a52f6e-9710-42ab-8182-6eb4c0a1f1bc,post,30b2f9c1-d245-4f59-a8cf-49069050fe58,A,6.0,False
A-1316,8a8d0de9-a83d-442a-8e3e-26499afa4935,post,30b2f9c1-d245-4f59-a8cf-49069050fe58,A,6.0,False
A-1317,b5217bdc-8eb7-41fc-87a7-b4785cfecd2b,comment,30b2f9c1-d245-4f59-a8cf-49069050fe58,A,6.0,False
A-1318,dc1c8306-f8b1-4f83-8799-f33800d78feb,post,30b2f9c1-d245-4f59-a8cf-49069050fe58,A,6.0,False
A-1319,e1ae53e4-808d-4ef1-9c99-9a2083df87ad,post,30b2f9c1-d245-4f59-a8cf-49069050fe58,A,6.0,False
A-1320,f432047c-9992-4f2f-b054-5beefe7b2975,post,30b2f9c1-d245-4f59-a8cf-49069050fe58,A,6.0,False
A-1321,2c1c3dc8-f599-45a5-9e34-545b38a8167e,post,30d8dba0-c823-408d-aabc-e1f30a24bd6a,A,2.0,False
A-1322,4ce31edd-d197-458c-b7de-4c6460965ac7,post,30d8dba0-c823-408d-aabc-e1f30a24bd6a,A,2.0,False
A-1323,2ac4d465-e9e7-4510-8d32-2fc51ababf51,post,30da76e0-52e1-42a3-95f4-4464d9563328,A,2.0,False
A-1324,dc4138a5-f8e2-43b8-b9c8-cd3fab4c5d38,post,30da76e0-52e1-42a3-95f4-4464d9563328,A,2.0,False
A-1325,4e60a7d9-4672-4803-8324-3f2d3f2d191c,post,30dfa57a-dd82-4436-a9bc-3344e3265b2f,A,1.0,False
A-1326,1d55b2db-db5d-4abe-aaf8-db850bda0bb9,post,31098ea8-6190-4fa1-901c-b9a0f00d380c,A,4.0,False
A-1327,40bae512-aad5-4442-8656-8dbe488da60e,post,31098ea8-6190-4fa1-901c-b9a0f00d380c,A,4.0,True
A-1328,42eb47dd-8efe-4a8f-a97d-5853c66b637f,post,31098ea8-6190-4fa1-901c-b9a0f00d380c,A,4.0,False
A-1329,438f8680-fd23-41e9-896d-9dc0052fbcb0,post,31098ea8-6190-4fa1-901c-b9a0f00d380c,A,4.0,False
A-1330,b315bf58-027a-4094-92c7-7ae937cdc645,post,315763e6-bef9-402f-97f6-f44a0f4ac5cf,A,1.0,False
A-1331,c5ec28c4-27ad-42cb-a73d-751b4ee4897f,post,318c1c63-3854-46aa-a9f7-f79e012b15ba,A,1.0,False
A-1332,8733c661-5e15-4c4d-ba41-4986373aef88,post,31ab47d1-fe69-4142-98f7-51fdf0f814db,A,1.0,False
A-1333,14493ea9-fcb4-4041-8dba-a1b74f317cd6,comment,31c8d2a1-dc8d-484a-89d7-8e7b43c19530,A,8.0,False
A-1334,1e41d84d-9789-43cf-913e-bae81ca345ca,post,31c8d2a1-dc8d-484a-89d7-8e7b43c19530,A,8.0,False
A-1335,23ceda00-34ce-43f5-b2b5-585a8a9a1e5e,comment,31c8d2a1-dc8d-484a-89d7-8e7b43c19530,A,8.0,False
A-1336,53cacbb0-61d5-452e-9f2f-ce47e5394d64,comment,31c8d2a1-dc8d-484a-89d7-8e7b43c19530,A,8.0,False
A-1337,5476d326-edaf-4828-adb8-4cf35a7ae151,post,31c8d2a1-dc8d-484a-89d7-8e7b43c19530,A,8.0,False
A-1338,5c10817c-97cd-4b1f-b52f-0df3a1c39a70,comment,31c8d2a1-dc8d-484a-89d7-8e7b43c19530,A,8.0,False
A-1339,d2c65080-8e95-4da9-a3e9-c2be73ae5630,post,31c8d2a1-dc8d-484a-89d7-8e7b43c19530,A,8.0,False
A-1340,fe339fa5-3034-4df9-bdf2-e9e62e4bf7d6,post,31c8d2a1-dc8d-484a-89d7-8e7b43c19530,A,8.0,False
A-1341,c1153cfa-4882-46fe-9b3e-3b52051a21b1,post,31d0e8d5-d529-405c-8056-9d7e1d38a140,A,1.0,False
A-1342,7d7100b7-e2f2-45e8-ba7a-139aaece6cbd,post,31da33ee-0f2a-40c7-ac64-45238f030747,A,1.0,False
A-1343,d04eddfd-073f-448b-97f1-da4e0ddd4f04,post,31dc03b1-a580-4270-a4c8-62de9d307636,A,1.0,False
A-1344,331e3754-cf6a-418f-a46a-aed2ef443f8a,comment,31e7d443-ceca-43a2-8832-1e46966830d1,A,4.0,False
A-1345,5f5444b3-c8bb-466c-8f9c-0f066c6e2676,comment,31e7d443-ceca-43a2-8832-1e46966830d1,A,4.0,False
A-1346,e03a8793-48de-43ec-a1eb-8b63004efe65,comment,31e7d443-ceca-43a2-8832-1e46966830d1,A,4.0,False
A-1347,fd138011-df48-4dc3-8472-4bc9601f7a57,comment,31e7d443-ceca-43a2-8832-1e46966830d1,A,4.0,False
A-1348,2c2dccac-c1c6-4c8b-962c-4b72890ac5fb,post,31ed22f1-3d7c-4706-9f7f-fa92b0976a6d,A,2.0,False
A-1349,9bc0a82d-274a-4f29-89e8-0ac8947758e7,post,31ed22f1-3d7c-4706-9f7f-fa92b0976a6d,A,2.0,False
A-1350,2e55a2d9-03a2-4e92-a8be-f7848214df0d,post,32663b4d-4e22-4f00-bfb5-d107a714c2fa,A,4.0,False
A-1351,64ff83bd-3b0a-4712-92ab-2ac38b6de84b,post,32663b4d-4e22-4f00-bfb5-d107a714c2fa,A,4.0,False
A-1352,8537e384-c124-4888-a8b0-e161c3dea39e,comment,32663b4d-4e22-4f00-bfb5-d107a714c2fa,A,4.0,False
A-1353,cf02509e-7c06-4a5e-8cc0-4d34b49117b8,comment,32663b4d-4e22-4f00-bfb5-d107a714c2fa,A,4.0,False
A-1354,66217932-eaa8-4cb1-aaf2-c4d545105950,post,326d0eff-e1f8-400a-96a5-f170b8e8e8be,A,1.0,False
A-1355,3a2cbfaf-60e4-45c1-94d0-029cc0d38c2b,post,32c35349-8d48-4492-8132-06b0e7fb6dc8,A,1.0,False
A-1356,717febb4-d7ae-4681-af94-5dd1002db44e,post,32dfbfe0-064f-4a26-9946-f5548848355f,A,1.0,False
A-1357,3dfa90e3-2381-4bb1-aeb2-5a9ad1f506f7,post,32e3c8c8-c13f-4e27-9798-ff650952ac41,A,2.0,False
A-1358,b950ecde-aae3-4fc7-a13a-bff0d39104e1,comment,32e3c8c8-c13f-4e27-9798-ff650952ac41,A,2.0,False
A-1359,0cd59c36-1c58-4ddb-b209-c19744e33015,comment,330c5d8c-24b6-43bb-b501-d4f9acd14f4f,A,5.0,False
A-1360,4b98b63e-6920-44f1-8874-deceb841c8f7,comment,330c5d8c-24b6-43bb-b501-d4f9acd14f4f,A,5.0,False
A-1361,55d06c0a-e2fa-4a9e-9119-c55ca425f378,post,330c5d8c-24b6-43bb-b501-d4f9acd14f4f,A,5.0,False
A-1362,8b03e5ec-ca8e-47c4-a187-d027ce339b4a,post,330c5d8c-24b6-43bb-b501-d4f9acd14f4f,A,5.0,True
A-1363,e9c2b01f-0622-4393-8cc9-e3c4ef0f813e,post,330c5d8c-24b6-43bb-b501-d4f9acd14f4f,A,5.0,False
A-1364,39a8abc2-e883-4c64-a1cf-d77c69e77f52,post,330dc609-fbd6-4ce4-8ed9-f33062fed2b8,A,6.0,False
A-1365,3e43183f-0760-463a-95b6-373307738b55,post,330dc609-fbd6-4ce4-8ed9-f33062fed2b8,A,6.0,False
A-1366,d3afc633-76a0-4f0c-bd17-018e6954d44a,post,330dc609-fbd6-4ce4-8ed9-f33062fed2b8,A,6.0,False
A-1367,d5dd2c21-c8f6-4d64-a981-b801187af254,post,330dc609-fbd6-4ce4-8ed9-f33062fed2b8,A,6.0,False
A-1368,e8c4d801-83f7-4040-b02b-5c598c0727e2,post,330dc609-fbd6-4ce4-8ed9-f33062fed2b8,A,6.0,False
A-1369,ea20151c-1126-4018-8769-1bc718e87a6b,post,330dc609-fbd6-4ce4-8ed9-f33062fed2b8,A,6.0,False
A-1370,184e24a3-da74-47f6-b5b9-a83b97173dcd,post,33102398-7a25-445d-b400-10f3b52bb0e3,A,1.0,False
A-1371,1f26dae1-11c1-42fc-80ca-71618bac733a,post,3310998b-087d-4064-b535-0a588b1ad184,A,2.0,False
A-1372,4d0aab64-afe6-4b32-b87a-c2bc6ff97fbd,post,3310998b-087d-4064-b535-0a588b1ad184,A,2.0,False
A-1373,43eda173-5153-4c1d-a8d6-6e42cfe6d453,post,33160b18-09d3-425c-9ccf-1826d7d0d45e,A,4.0,False
A-1374,7318ed07-03a9-48c9-8119-46a08952d98d,comment,33160b18-09d3-425c-9ccf-1826d7d0d45e,A,4.0,False
A-1375,ac6b0147-5144-44e6-84f5-8063c0faa576,comment,33160b18-09d3-425c-9ccf-1826d7d0d45e,A,4.0,False
A-1376,e87e170f-019b-4817-bbdc-e8df3cf3d21e,post,33160b18-09d3-425c-9ccf-1826d7d0d45e,A,4.0,False
A-1377,856c0b52-a093-4582-9796-c0354072cce8,comment,3322ac56-7abe-4da1-9ec0-e3d98913950d,A,1.0,False
A-1378,0cc08b6e-4ea0-4e18-8b46-ba72f060a64c,post,33288ece-2e84-4715-8c65-c656d16cee2e,A,1.0,False
A-1379,2eaf8000-691a-4c06-acd6-26003bf3bbec,comment,332af455-8888-42dc-89c8-d3bd6855f3f7,A,2.0,False
A-1380,d881807d-30dd-41af-9b63-abf524cdf08d,post,332af455-8888-42dc-89c8-d3bd6855f3f7,A,2.0,False
A-1381,b9fdd20a-675e-4389-aa94-a2b4b4dafe20,comment,334557d2-a0d1-4e83-85e6-a4b1245e5522,A,2.0,False
A-1382,d19f58e1-087a-47f7-b670-dfc5962b016d,post,334557d2-a0d1-4e83-85e6-a4b1245e5522,A,2.0,False
A-1383,b90cca8f-a060-485c-b1ed-5de173084845,comment,335f4cb4-c8f6-493b-bfc2-b65b7e2025f5,A,1.0,False
A-1384,a65ce5ba-696a-42ce-b56a-12856124267a,post,339a8f58-32f2-42d2-b929-35697d52525b,A,1.0,False
A-1385,827bc13b-b841-4f7b-a6f4-b458ca71d741,comment,33a00d85-3d5b-4b80-8ba9-eeb46cd3fde6,A,83.0,False
A-1386,3d96d5dd-e926-4c32-a551-8ca1c679ea87,comment,33a00d85-3d5b-4b80-8ba9-eeb46cd3fde6,A,83.0,False
A-1387,ed801003-00bc-4535-9265-438c0e3193ce,comment,33a00d85-3d5b-4b80-8ba9-eeb46cd3fde6,A,83.0,False
A-1388,787abcfe-7376-4c01-8347-1c63a64b4bb0,comment,33a00d85-3d5b-4b80-8ba9-eeb46cd3fde6,A,83.0,False
A-1389,211c94fd-c7c4-44bb-8344-ec765a352dfb,comment,33a00d85-3d5b-4b80-8ba9-eeb46cd3fde6,A,83.0,False
A-1390,cd3eaf48-9746-4a84-99b3-b48b35d8aca8,comment,33a00d85-3d5b-4b80-8ba9-eeb46cd3fde6,A,83.0,False
A-1391,687c0f59-8f27-46d1-9a08-8b072b0ec052,comment,33a00d85-3d5b-4b80-8ba9-eeb46cd3fde6,A,83.0,False
A-1392,51816092-3fe2-46be-affc-34a074a0855c,comment,33a00d85-3d5b-4b80-8ba9-eeb46cd3fde6,A,83.0,False
A-1393,382f65ca-c9df-49a9-9e82-59911f18574f,comment,33a00d85-3d5b-4b80-8ba9-eeb46cd3fde6,A,83.0,False
A-1394,eb4193c2-4655-489e-bbe3-9ef6a4366dc8,comment,33a00d85-3d5b-4b80-8ba9-eeb46cd3fde6,A,83.0,False
A-1395,a7fb5836-4348-4c8c-87c3-94b6fe1d6da0,comment,33a00d85-3d5b-4b80-8ba9-eeb46cd3fde6,A,83.0,False
A-1396,4fdc2dd7-dbf0-4d41-8a76-7487b91992ad,comment,33a00d85-3d5b-4b80-8ba9-eeb46cd3fde6,A,83.0,False
A-1397,9db79255-3d73-48f9-8240-7272eb8654a9,comment,33a00d85-3d5b-4b80-8ba9-eeb46cd3fde6,A,83.0,False
A-1398,7f3544e3-0e57-4cc5-8c31-cbebcf2fbd99,comment,33a00d85-3d5b-4b80-8ba9-eeb46cd3fde6,A,83.0,False
A-1399,fa0cd1fc-0231-4a4a-bf84-31681d7653e0,comment,33a00d85-3d5b-4b80-8ba9-eeb46cd3fde6,A,83.0,False
A-1400,030a4f22-1f7d-45fa-a527-d03610781f82,post,33a9ea98-c313-47b0-af7a-c5a45fc8e420,A,2.0,False
A-1401,71799a2a-382f-4b3f-8445-e419c8242a17,comment,33a9ea98-c313-47b0-af7a-c5a45fc8e420,A,2.0,False
A-1402,7de3f8c3-9f5a-465c-9223-841ef98ccdde,post,33b4ec75-8a7f-4217-8a45-dc862b935574,A,3.0,False
A-1403,a6edb81a-9c90-477a-af6a-38d3f5ea00ab,comment,33b4ec75-8a7f-4217-8a45-dc862b935574,A,3.0,False
A-1404,e24ba0a0-6117-4cbe-9dfd-e14805031143,comment,33b4ec75-8a7f-4217-8a45-dc862b935574,A,3.0,False
A-1405,77c42de9-a067-44de-8c40-34a10156b1fe,comment,33bf81b3-cb5b-4aef-936f-3f3d1d5d3a56,A,17.0,False
A-1406,d0da1029-5263-436b-a8b2-d859a35e9b39,comment,33bf81b3-cb5b-4aef-936f-3f3d1d5d3a56,A,17.0,False
A-1407,cc88f8d6-ed74-4bdd-bcd4-e85d1d9d0026,post,33bf81b3-cb5b-4aef-936f-3f3d1d5d3a56,A,17.0,False
A-1408,fea3d85d-3765-4fa4-b9e9-e759b1583a00,comment,33bf81b3-cb5b-4aef-936f-3f3d1d5d3a56,A,17.0,False
A-1409,e998560f-ca4a-43b2-9f35-0bfb04c9e4c7,comment,33bf81b3-cb5b-4aef-936f-3f3d1d5d3a56,A,17.0,False
A-1410,4003ba52-13cb-4618-a706-0b43542ea5a5,comment,33bf81b3-cb5b-4aef-936f-3f3d1d5d3a56,A,17.0,False
A-1411,9b470299-3279-4df4-b386-ecf005e78dd8,comment,33bf81b3-cb5b-4aef-936f-3f3d1d5d3a56,A,17.0,False
A-1412,5b596751-cb29-4157-a8d0-9b297e5eb5e9,comment,33bf81b3-cb5b-4aef-936f-3f3d1d5d3a56,A,17.0,False
A-1413,b5201fcb-3352-4408-869b-eb3f40f5edd8,comment,33bf81b3-cb5b-4aef-936f-3f3d1d5d3a56,A,17.0,False
A-1414,2464cadc-eb38-46a1-881b-d3d41374d04c,comment,33bf81b3-cb5b-4aef-936f-3f3d1d5d3a56,A,17.0,False
A-1415,5b40b536-a8da-415b-ae97-f6bc68864df7,comment,33bf81b3-cb5b-4aef-936f-3f3d1d5d3a56,A,17.0,False
A-1416,93240493-59da-4baa-ac30-34e44fe8f3fd,comment,33bf81b3-cb5b-4aef-936f-3f3d1d5d3a56,A,17.0,False
A-1417,c99bc932-76c3-4834-924f-bf3998b2c552,comment,33bf81b3-cb5b-4aef-936f-3f3d1d5d3a56,A,17.0,False
A-1418,9169d192-fa70-4eb9-a7c3-eb4774a0e919,comment,33bf81b3-cb5b-4aef-936f-3f3d1d5d3a56,A,17.0,False
A-1419,4dae2e86-d5ab-4efb-ba91-f26dce274251,comment,33bf81b3-cb5b-4aef-936f-3f3d1d5d3a56,A,17.0,False
A-1420,0b99b885-5551-448b-b5e0-25a9bbb9a438,comment,33dac18d-3b75-47a4-b84d-ecd2d77e1880,A,10.0,False
A-1421,14f17db4-393d-4798-992b-43bc668cd935,post,33dac18d-3b75-47a4-b84d-ecd2d77e1880,A,10.0,False
A-1422,19d1de65-ea13-4bba-b7d8-c8164afc0726,post,33dac18d-3b75-47a4-b84d-ecd2d77e1880,A,10.0,False
A-1423,6cae3211-224b-4406-aef4-1f0f4030164c,comment,33dac18d-3b75-47a4-b84d-ecd2d77e1880,A,10.0,False
A-1424,8565ebc9-f715-4229-8ef4-934beed87b0e,comment,33dac18d-3b75-47a4-b84d-ecd2d77e1880,A,10.0,False
A-1425,9dfd17d2-9fe6-4288-97ac-82100ebb572d,comment,33dac18d-3b75-47a4-b84d-ecd2d77e1880,A,10.0,False
A-1426,b5d90b8f-253a-479a-a2ca-30f09af37050,comment,33dac18d-3b75-47a4-b84d-ecd2d77e1880,A,10.0,False
A-1427,c71f1cd6-a6aa-4652-9b73-146b24e351ad,comment,33dac18d-3b75-47a4-b84d-ecd2d77e1880,A,10.0,False
A-1428,cad44578-28dd-4dbf-a730-e8592cd87fd9,comment,33dac18d-3b75-47a4-b84d-ecd2d77e1880,A,10.0,False
A-1429,cb3964fa-3e4e-42aa-8fa4-1358d7523c8b,post,33dac18d-3b75-47a4-b84d-ecd2d77e1880,A,10.0,False
A-1430,d7c885cb-99bb-4dde-bb4c-563136a118cb,post,33dae55d-7333-414e-a45d-c720f422355c,A,2.0,False
A-1431,de24a5f2-397d-4f47-9334-26de44ca7da5,post,33dae55d-7333-414e-a45d-c720f422355c,A,2.0,False
A-1432,fd05a607-9cc7-4418-a7d6-884b73341d05,post,33f684d2-69fc-4369-bc5f-d20b737bdea1,A,1.0,False
A-1433,5d535005-ff05-440a-a597-dbb912d7b76f,comment,33fd0a4a-6892-4f49-8a3c-d27f21a45001,A,1.0,False
A-1434,ff1767a1-7b22-4c33-a7fd-9395e3a84f40,post,34042590-fd6a-404e-a0fa-a995367ffb3f,A,1.0,False
A-1435,00c1a282-c418-4126-828c-7011a59dc06e,post,340fda0c-2ef1-4fa3-9882-000e8fb4b563,A,4.0,False
A-1436,28bdb8d4-9ea3-411b-8216-e119dbdfd730,comment,340fda0c-2ef1-4fa3-9882-000e8fb4b563,A,4.0,False
A-1437,7d09912c-b2c5-494a-a1b0-0e8349996d6a,comment,340fda0c-2ef1-4fa3-9882-000e8fb4b563,A,4.0,False
A-1438,a05a88fa-e4dc-4d62-a7b3-6a31ff63178e,post,340fda0c-2ef1-4fa3-9882-000e8fb4b563,A,4.0,False
A-1439,451de87d-0dc9-4749-8d72-ab0a29977334,post,34423d57-607b-401f-8af4-a8beea0cb821,A,1.0,False
A-1440,928c83eb-6cfb-453a-808c-fd86f37face2,post,345a35d4-e82a-46c5-9c27-ab7f5150ce1f,A,1.0,False
A-1441,1c8fb056-5436-44ec-b5ac-57c7835e9546,post,346eb739-9cd1-40ec-90de-34da08fbed40,A,5.0,False
A-1442,5dc72e37-6bf3-43e6-9db1-8a45a664f8a8,post,346eb739-9cd1-40ec-90de-34da08fbed40,A,5.0,False
A-1443,8240d2cc-ffc5-4747-aaed-cb5445413e80,comment,346eb739-9cd1-40ec-90de-34da08fbed40,A,5.0,False
A-1444,bbd38332-b57f-41e3-b699-506344772c83,post,346eb739-9cd1-40ec-90de-34da08fbed40,A,5.0,False
A-1445,ee6fcfc0-36b2-42c9-bddd-24f66ef0cc44,comment,346eb739-9cd1-40ec-90de-34da08fbed40,A,5.0,False
A-1446,8267be39-ce17-4794-9132-3d7b502c6333,comment,34816b6e-795a-4033-8984-e3b51d99cb81,A,2.0,False
A-1447,8dc4b70c-7523-47fc-9068-821e9e29c1f7,post,34816b6e-795a-4033-8984-e3b51d99cb81,A,2.0,False
A-1448,2c88c389-50e0-4921-842f-e979798695e4,post,3488b4e0-8d24-4865-8f1e-5dde2871e43c,A,3.0,False
A-1449,4e002714-5dff-4de6-83d5-b95ff54ff78b,post,3488b4e0-8d24-4865-8f1e-5dde2871e43c,A,3.0,False
A-1450,fdc8c825-2f12-4c01-83e6-bef8682c5c60,post,3488b4e0-8d24-4865-8f1e-5dde2871e43c,A,3.0,False
A-1451,370261a7-1319-4a81-90f6-476954a7ca93,comment,3490630d-8e21-4499-a265-29e89079ae62,A,6.0,False
A-1452,6f9531c8-3149-4b20-a771-afd3ce857d5f,post,3490630d-8e21-4499-a265-29e89079ae62,A,6.0,False
A-1453,72c199c5-0be8-492a-9ea0-ab758bac55ff,post,3490630d-8e21-4499-a265-29e89079ae62,A,6.0,False
A-1454,86b50c2a-733b-4684-a794-8c5e7136e7aa,post,3490630d-8e21-4499-a265-29e89079ae62,A,6.0,False
A-1455,a8cdc37d-ebf8-4a6f-b233-fcc781576bf2,post,3490630d-8e21-4499-a265-29e89079ae62,A,6.0,False
A-1456,b6d52287-c878-4de1-be67-75960f943c4c,comment,3490630d-8e21-4499-a265-29e89079ae62,A,6.0,False
A-1457,7c72d418-b48d-4397-96c7-9bb00ed6be07,post,3492434d-147f-4a68-af4e-7498f4efade4,A,1.0,False
A-1458,71be27ce-811a-41bf-92ab-c76616c745d0,post,34a4f031-2a30-49ab-b172-5d74a5c3ddab,A,1.0,False
A-1459,d1158ffa-73e5-4862-82bd-803dd71bdb6e,post,34a64941-a327-4bcf-84e0-117ab8b8a00e,A,1.0,False
A-1460,7b6c6eaf-a20f-427d-a593-9f57ee206170,post,34c526ca-3701-4709-ae7d-d0f12f37cd4b,A,1.0,False
A-1461,015a829a-0cab-4c37-9ef2-490ac78f1fdb,post,34d78af3-b57a-48dc-b371-c28e4951f119,A,2.0,False
A-1462,37ea4299-0baa-49d6-874a-7b9a73ed607a,post,34d78af3-b57a-48dc-b371-c28e4951f119,A,2.0,False
A-1463,6a6889d6-b320-46f7-b300-d6ea0d29c8d4,comment,34d7e480-20f8-4192-8a6a-0cdb35c42541,A,1.0,False
A-1464,3cecd7df-a19c-4c8b-a569-eedbbce6c61b,post,34e223fd-0cb7-4102-8bad-9f9cabcf2876,A,2.0,False
A-1465,b2169cfe-739e-4708-957d-5c9089a2d597,post,34e223fd-0cb7-4102-8bad-9f9cabcf2876,A,2.0,False
A-1466,a8b461c5-52d7-4e9c-bd1d-aed8486f3d51,post,34f24b87-990d-4da4-b306-254300500665,A,1.0,False
A-1467,c8da8105-64f3-43d9-8c82-d047500991c4,post,34f43510-3010-4968-b241-e59e7e4526c2,A,1.0,False
A-1468,ddf16387-2045-478d-8ac6-c8df54fd370d,post,351763fe-26ef-441d-9738-d2815d06a16d,A,1.0,False
A-1469,871be4df-3e87-451a-9347-457178e151e9,post,3519434e-d882-47c6-8630-6c2d142d9db8,A,3.0,False
A-1470,c1a1e693-43b1-41dd-96fd-eadba8ad9a2f,post,3519434e-d882-47c6-8630-6c2d142d9db8,A,3.0,False
A-1471,ca2cb421-0a80-4fc9-aaa7-1c66a520720d,comment,3519434e-d882-47c6-8630-6c2d142d9db8,A,3.0,False
A-1472,f9ba3d04-122b-487d-b02f-e0d267afc188,post,351f574c-a083-4a70-93d2-314f2e9587f7,A,1.0,False
A-1473,91c821ed-471f-4bb0-80b9-2c8414aa1b42,post,3534fbf1-0b88-43a4-aa26-0c3cbc09f441,A,1.0,False
A-1474,9ef260ec-498b-4dbe-8958-471ccfb7efea,post,3539fda6-4e54-4993-95b6-acc6b0f2c89c,A,1.0,False
A-1475,b119e727-d283-41c3-85c0-486a5d39851a,post,3554f943-f473-4e0d-ac0e-c5871faa8400,A,1.0,False
A-1476,6d57d5e7-a738-4710-a882-51960213ad19,post,3566b1cf-2426-4514-9c07-642438d4df4d,A,1.0,False
A-1477,06c54550-baa8-4d4b-9c50-be5392138b0d,post,356fa1cc-0750-44ee-91eb-917906f72c95,A,13.0,False
A-1478,1745df9d-5d34-4265-b666-6bdca9d6ea16,post,356fa1cc-0750-44ee-91eb-917906f72c95,A,13.0,False
A-1479,23512f1e-fa7e-41b4-83cd-a4b786332385,comment,356fa1cc-0750-44ee-91eb-917906f72c95,A,13.0,False
A-1480,477117c9-25a1-4863-862f-14d8bd0c0620,post,356fa1cc-0750-44ee-91eb-917906f72c95,A,13.0,False
A-1481,546cd3f0-524e-4f28-910b-a39a016ed09d,post,356fa1cc-0750-44ee-91eb-917906f72c95,A,13.0,False
A-1482,5f9404c3-8676-4b68-93c1-6073435e9e13,post,356fa1cc-0750-44ee-91eb-917906f72c95,A,13.0,False
A-1483,67c52d78-802f-44a8-a435-838a85c7f478,post,356fa1cc-0750-44ee-91eb-917906f72c95,A,13.0,False
A-1484,69cf39f8-a538-4e07-bb2a-0239e5104079,post,356fa1cc-0750-44ee-91eb-917906f72c95,A,13.0,False
A-1485,a77c161a-e022-42c8-ae56-f2de3def0036,post,356fa1cc-0750-44ee-91eb-917906f72c95,A,13.0,False
A-1486,c2abec75-692a-4d3c-9e47-8964921796fb,post,356fa1cc-0750-44ee-91eb-917906f72c95,A,13.0,False
A-1487,dbd625a3-be9d-414e-bf99-0ecf78344f0e,post,356fa1cc-0750-44ee-91eb-917906f72c95,A,13.0,False
A-1488,e414e5d6-4cb0-4205-8f11-cabd7c82523f,post,356fa1cc-0750-44ee-91eb-917906f72c95,A,13.0,False
A-1489,f4cc299c-ea76-49e4-875e-d12b61b963d1,post,356fa1cc-0750-44ee-91eb-917906f72c95,A,13.0,False
A-1490,3b7c0980-3d0b-4280-abb8-a357e9177827,post,35d9d25a-7dba-4d08-9f0e-29e718a05e6a,A,8.0,False
A-1491,57094a99-10da-4582-9461-427d5ff14ace,post,35d9d25a-7dba-4d08-9f0e-29e718a05e6a,A,8.0,False
A-1492,5c89b160-538d-43f6-a082-521a6ea3d83f,post,35d9d25a-7dba-4d08-9f0e-29e718a05e6a,A,8.0,False
A-1493,863f7392-a36a-4834-a290-e155b8870b9a,post,35d9d25a-7dba-4d08-9f0e-29e718a05e6a,A,8.0,False
A-1494,93565378-6936-46ce-a05b-02d9b4b5d991,comment,35d9d25a-7dba-4d08-9f0e-29e718a05e6a,A,8.0,False
A-1495,a4dc3cd8-5838-4088-bb65-06b7f95577b3,post,35d9d25a-7dba-4d08-9f0e-29e718a05e6a,A,8.0,False
A-1496,da0695ed-e6c9-4561-a3de-37ae076c8337,comment,35d9d25a-7dba-4d08-9f0e-29e718a05e6a,A,8.0,False
A-1497,e89de89d-2831-4d12-a02e-c26b3e730ec2,post,35d9d25a-7dba-4d08-9f0e-29e718a05e6a,A,8.0,False
A-1498,1d136e6a-d30e-4ca4-aa96-6dd016198a77,post,35e71780-07a0-4590-90ae-8a7c3519dd77,A,11.0,False
A-1499,52b8dd47-2919-4b01-a768-999fdd8db3bc,comment,35e71780-07a0-4590-90ae-8a7c3519dd77,A,11.0,False
A-1500,5626f8c3-61f4-48c5-a975-2c4d2f20fa3b,post,35e71780-07a0-4590-90ae-8a7c3519dd77,A,11.0,False
A-1501,5bf3aa19-3402-4d9f-bcbc-918844cd7760,comment,35e71780-07a0-4590-90ae-8a7c3519dd77,A,11.0,False
A-1502,5cfc992e-7ced-4394-8f61-9cf13cd3d8ca,post,35e71780-07a0-4590-90ae-8a7c3519dd77,A,11.0,False
A-1503,5e08e1a5-573d-4a05-9f8d-b1a29da798d5,comment,35e71780-07a0-4590-90ae-8a7c3519dd77,A,11.0,False
A-1504,a6c5e82c-01ab-4f45-bc66-ecc53eceaf28,comment,35e71780-07a0-4590-90ae-8a7c3519dd77,A,11.0,False
A-1505,ac34686a-dc1e-474f-b427-a18c40364232,comment,35e71780-07a0-4590-90ae-8a7c3519dd77,A,11.0,False
A-1506,b807c42b-49b3-4ec6-a84a-b179779de8b9,comment,35e71780-07a0-4590-90ae-8a7c3519dd77,A,11.0,False
A-1507,ce459541-49e1-4bf9-9e36-145de69ab327,comment,35e71780-07a0-4590-90ae-8a7c3519dd77,A,11.0,False
A-1508,fe7d1d06-0d7f-4ea0-acc4-da05a1f489ab,comment,35e71780-07a0-4590-90ae-8a7c3519dd77,A,11.0,False
A-1509,d624a809-6829-4530-8882-b7a2b4cbd9a9,post,361d63a4-8863-474a-97a3-2606b0ea02bd,A,1.0,False
A-1510,0a9bf346-f88a-41e1-b334-8f20c7c3e50b,comment,3638800b-5787-4ff1-a202-458028c77e9d,A,14.0,False
A-1511,1c44e330-dc4c-4076-8d5a-ecc6e58cd516,post,3638800b-5787-4ff1-a202-458028c77e9d,A,14.0,False
A-1512,2c57033e-8004-42a7-8256-2a5b869cf072,post,3638800b-5787-4ff1-a202-458028c77e9d,A,14.0,False
A-1513,315e9dcf-7294-4751-928c-eb0428e6aab9,post,3638800b-5787-4ff1-a202-458028c77e9d,A,14.0,False
A-1514,4f1befac-3007-4973-8470-0cbeedc04fd3,comment,3638800b-5787-4ff1-a202-458028c77e9d,A,14.0,False
A-1515,5292af48-1ceb-42a8-82ae-9a202b5867a1,post,3638800b-5787-4ff1-a202-458028c77e9d,A,14.0,False
A-1516,66c5ff66-e60a-4aff-9045-6308ee1f47fc,post,3638800b-5787-4ff1-a202-458028c77e9d,A,14.0,False
A-1517,90f4357c-7639-40c7-8796-7c484daee6fc,post,3638800b-5787-4ff1-a202-458028c77e9d,A,14.0,False
A-1518,b76bd328-ab8c-4ded-917e-76854273fedb,post,3638800b-5787-4ff1-a202-458028c77e9d,A,14.0,False
A-1519,c058ce07-17d9-4d3d-b18e-be95aed4ee88,post,3638800b-5787-4ff1-a202-458028c77e9d,A,14.0,False
A-1520,dd3fe174-15d2-4122-9f8b-982bb9682f96,post,3638800b-5787-4ff1-a202-458028c77e9d,A,14.0,False
A-1521,dfc853ae-198c-4b53-93a1-cbd3492f9d87,comment,3638800b-5787-4ff1-a202-458028c77e9d,A,14.0,False
A-1522,e0bbc2c7-d7ab-4d91-9c63-677b19bca45c,post,3638800b-5787-4ff1-a202-458028c77e9d,A,14.0,False
A-1523,e70293fa-f59d-4cf8-821e-7419641cbb69,post,3638800b-5787-4ff1-a202-458028c77e9d,A,14.0,False
A-1524,dcc8c09a-a7ca-4f9a-a9fd-0ff8484f05a7,post,363ac363-3451-470d-8c27-76470e64fc83,A,1.0,False
A-1525,2faedd05-9500-4d2a-90cb-954c04ee36cb,comment,364cd076-b6bf-4707-9e64-3db0fb686e71,A,4.0,False
A-1526,c6c84194-2f41-4704-9083-d40aadc38ec8,comment,364cd076-b6bf-4707-9e64-3db0fb686e71,A,4.0,False
A-1527,c74f5c93-52b2-4433-96b8-d6c248d08ae7,post,364cd076-b6bf-4707-9e64-3db0fb686e71,A,4.0,False
A-1528,d383ec2a-a338-4178-9717-c63eb64eab23,post,364cd076-b6bf-4707-9e64-3db0fb686e71,A,4.0,True
A-1529,458842bb-8690-4597-904b-c640b036177a,comment,366c142a-e4d5-4add-a1b0-25e2aad7f32f,A,2.0,False
A-1530,90e3aea9-37de-498c-8f33-006e1c52fca3,comment,366c142a-e4d5-4add-a1b0-25e2aad7f32f,A,2.0,False
A-1531,3bbda90d-e107-4dbb-bc35-b518891732ef,comment,3692848c-6879-4d47-913d-b5f005c97b0d,A,28.0,False
A-1532,c0eff609-3c00-4858-9b1c-696021fba40f,comment,3692848c-6879-4d47-913d-b5f005c97b0d,A,28.0,False
A-1533,e6ec5a00-d680-4cd2-8a31-2fc7a3449b19,comment,3692848c-6879-4d47-913d-b5f005c97b0d,A,28.0,False
A-1534,e14443a1-e25e-4460-ba35-74cdc70df736,comment,3692848c-6879-4d47-913d-b5f005c97b0d,A,28.0,False
A-1535,fc8fffde-20cd-40a0-8c5d-99ef8b5468b0,comment,3692848c-6879-4d47-913d-b5f005c97b0d,A,28.0,False
A-1536,b875aba7-a675-4d47-a012-1b9ac4b05bb7,comment,3692848c-6879-4d47-913d-b5f005c97b0d,A,28.0,False
A-1537,296f901c-9217-4b34-984c-05cf924c2352,comment,3692848c-6879-4d47-913d-b5f005c97b0d,A,28.0,False
A-1538,b6c8839d-f91a-4517-8e2c-5b248bcf5d67,comment,3692848c-6879-4d47-913d-b5f005c97b0d,A,28.0,False
A-1539,d55b776a-392e-4a5b-bfc3-fafa786735c9,comment,3692848c-6879-4d47-913d-b5f005c97b0d,A,28.0,False
A-1540,3e5c4951-1fe9-4fe0-bf87-028a219dc1fe,comment,3692848c-6879-4d47-913d-b5f005c97b0d,A,28.0,False
A-1541,6a9d62f4-496e-401e-8c67-bdcfe9439f82,comment,3692848c-6879-4d47-913d-b5f005c97b0d,A,28.0,False
A-1542,aa5f55bc-2d00-4a3a-b918-9e3b2bb2b40d,comment,3692848c-6879-4d47-913d-b5f005c97b0d,A,28.0,False
A-1543,beb0a1d2-77d8-4ed4-9fbb-3d8acc7b462f,comment,3692848c-6879-4d47-913d-b5f005c97b0d,A,28.0,False
A-1544,0f2685f5-f972-47fa-b9bf-81d66567d84d,comment,3692848c-6879-4d47-913d-b5f005c97b0d,A,28.0,False
A-1545,194c53f1-18a2-4e61-8fcf-4836a79f130b,comment,3692848c-6879-4d47-913d-b5f005c97b0d,A,28.0,False
A-1546,3a11af14-9d6a-4009-be8a-be523a468266,post,36a75fb0-f398-40aa-a60c-06c7bb9c7860,A,1.0,False
A-1547,31a0624e-6202-4337-bdf4-a28b35fdf8b2,post,36a8bc7f-5578-4d2e-adce-2ed1e0d0841c,A,1.0,False
A-1548,9a70286c-c933-4a56-93d3-28f24bdeda40,post,36b43366-44e9-49a5-ac79-5d446320eb43,A,1.0,False
A-1549,46d1351d-a7ab-47cb-bbee-1546a8de5445,post,36b8841b-5ae0-4ba5-a18b-8c9e343560ea,A,1.0,False
A-1550,3140892d-796e-4fb2-a4ce-db9a7bfe631b,post,36bd3a30-1321-4771-9f7a-a1757cc5cf00,A,2.0,False
A-1551,980909b5-521a-45ca-bad3-48460e56967f,comment,36bd3a30-1321-4771-9f7a-a1757cc5cf00,A,2.0,False
A-1552,0f82b3da-c7c4-489f-9082-0c32ec3b91e0,post,3700ae50-e4d8-4330-a7ab-8f744dae927c,A,1.0,False
A-1553,8d7f66ed-8df0-4b11-b912-4da2201cfdc0,comment,37072bcf-33b5-4d4b-a22c-4652fec1d4a3,A,1.0,False
A-1554,73066702-0a6d-4e2d-b6f8-7c3e2682a112,comment,37138822-5847-4e06-9500-f4e9842ff94a,A,3.0,False
A-1555,7cd6d28a-e9d2-4007-a79e-530f2020c299,post,37138822-5847-4e06-9500-f4e9842ff94a,A,3.0,False
A-1556,8377d131-a404-4781-af2f-1edc380e8bdb,post,37138822-5847-4e06-9500-f4e9842ff94a,A,3.0,False
A-1557,4a35d87e-429c-4810-987a-1ac9305d5a97,comment,3717c60c-31a1-4210-93fc-781a258e6e48,A,1.0,False
A-1558,12f144d9-8db0-4c69-9600-9bac2b6b6bb6,post,3732a5fa-41f6-45ac-932c-857d8d2793db,A,4.0,False
A-1559,677f99f7-37fb-4585-878d-f980d7bb09f9,comment,3732a5fa-41f6-45ac-932c-857d8d2793db,A,4.0,False
A-1560,7b0d91a0-45d4-4f12-9260-84edfcef9374,comment,3732a5fa-41f6-45ac-932c-857d8d2793db,A,4.0,False
A-1561,f02c15c8-5215-438c-b6df-92b27feda480,post,3732a5fa-41f6-45ac-932c-857d8d2793db,A,4.0,False
A-1562,112da505-a077-4401-9808-9f15839a0cf9,post,374b5b42-f6c5-4d72-9df5-8c2df935aea5,A,2.0,False
A-1563,8361b0bf-be56-4b07-8770-26012225bc3b,post,374b5b42-f6c5-4d72-9df5-8c2df935aea5,A,2.0,False
A-1564,392b0428-fbea-40dd-99ad-cb187fec7856,comment,377e9536-b074-4102-994a-c9ac4220bf45,A,3.0,False
A-1565,903072c6-5d24-45aa-b3f1-046cc26faba8,comment,377e9536-b074-4102-994a-c9ac4220bf45,A,3.0,False
A-1566,df726384-6238-4841-ace3-788a043fba84,post,377e9536-b074-4102-994a-c9ac4220bf45,A,3.0,False
A-1567,7d27659c-e7e4-4b0a-9fdc-a9f0e8d966a3,post,378587ae-4cc7-472e-bc40-4b065f3c8571,A,1.0,False
A-1568,59e76878-37f6-4058-9114-da88236a9663,post,378a555d-de7d-422b-ba37-2bcd2f83ab7f,A,3.0,False
A-1569,69ba59ca-55b8-4d89-85c5-12547e6e48a9,post,378a555d-de7d-422b-ba37-2bcd2f83ab7f,A,3.0,False
A-1570,7fc60bfc-6b2b-4081-b09e-01d1f52451b8,post,378a555d-de7d-422b-ba37-2bcd2f83ab7f,A,3.0,False
A-1571,07b43b90-c5f1-4cef-917f-6eaec2ce246a,comment,379a6a27-4969-4069-b0f9-54f71213c5ce,A,1.0,False
A-1572,c4dc0f0c-d71c-4bc8-a682-a90b77069cdb,post,37a52fd4-6e64-438f-b049-4fd1b9b20528,A,1.0,False
A-1573,bbe29961-b260-4055-a82c-5d5abc2921a0,post,37abb7bf-716e-4e06-91fd-2bc5ab70c289,A,1.0,False
A-1574,2afeb96e-f6de-49de-8265-766082834a65,post,37afe745-cdcd-4af8-a706-8e7d163752da,A,2.0,False
A-1575,c1913dac-1d25-449e-a203-5b341ea24922,post,37afe745-cdcd-4af8-a706-8e7d163752da,A,2.0,False
A-1576,a910bc49-5690-4a68-95d2-196c506a09d1,post,37b8ece0-8e40-4617-bf29-801671a14c74,A,2.0,False
A-1577,d8284417-e982-42fa-bd4a-50263a01313f,post,37b8ece0-8e40-4617-bf29-801671a14c74,A,2.0,False
A-1578,9ad30231-9660-4a2d-8a06-9ddc6796c5df,post,37cef729-6d9e-44c8-afa4-cc9c141e427f,A,1.0,False
A-1579,3f557c00-1ddc-4513-b308-cffd219eee1b,comment,37e91930-55a0-406a-9735-ead9cb7e9ef3,A,3.0,False
A-1580,4b69f90d-fa63-46ee-938b-57d5c5311f75,post,37e91930-55a0-406a-9735-ead9cb7e9ef3,A,3.0,False
A-1581,896895b8-e794-4d5d-9a42-0de901b6721d,comment,37e91930-55a0-406a-9735-ead9cb7e9ef3,A,3.0,False
A-1582,438f4518-b1a6-40ac-b47d-78e180c79fda,post,381c1083-a798-4b35-99e2-da65867da418,A,2.0,False
A-1583,9aa49f6c-7933-4415-8392-19e49bd21cec,post,381c1083-a798-4b35-99e2-da65867da418,A,2.0,False
A-1584,0841d576-d43c-4fb9-be59-c3055b4cec32,comment,38242d5c-a3ad-4d36-a848-06956c22d756,A,6.0,False
A-1585,1dc5e84a-9080-44e0-9ab4-da3cb9bddd8c,comment,38242d5c-a3ad-4d36-a848-06956c22d756,A,6.0,False
A-1586,2cd30dfc-ce3c-43a4-a389-bfe48a1e6e1a,post,38242d5c-a3ad-4d36-a848-06956c22d756,A,6.0,False
A-1587,44f4e1a4-0773-468f-b58a-334eee0c10bf,post,38242d5c-a3ad-4d36-a848-06956c22d756,A,6.0,False
A-1588,8cbb8f4a-d0bf-42a3-8653-14dd3d50f3ee,post,38242d5c-a3ad-4d36-a848-06956c22d756,A,6.0,False
A-1589,c6fbe75b-9a90-4617-9686-da171b08055c,comment,38242d5c-a3ad-4d36-a848-06956c22d756,A,6.0,False
A-1590,ec26a441-d0e6-49f2-9abc-4ec084fc6713,post,382610d0-911f-4227-ab5e-c41a96f03af8,A,1.0,False
A-1591,a121758c-b234-437c-9d79-d2457c7872dd,post,382655f2-b32b-4c1c-8a26-fb37aee6ba89,A,1.0,False
A-1592,79782333-9db0-409d-bd6d-098d8ab0dc2d,post,38436c51-dc1e-4da8-8370-f2a8a2280afd,A,2.0,False
A-1593,dd27b47f-5d9c-4897-b1c9-a957f7d13d14,comment,38436c51-dc1e-4da8-8370-f2a8a2280afd,A,2.0,False
A-1594,246f915a-fc5e-4359-bba1-478257a81185,post,3846c6d1-85a3-4025-b0c7-71f5f31cf3ab,A,3.0,False
A-1595,8adc996c-f265-4dfb-a47f-dec5b0c91afa,post,3846c6d1-85a3-4025-b0c7-71f5f31cf3ab,A,3.0,False
A-1596,d2ca0de7-5360-4c22-972a-a84b8af526f9,comment,3846c6d1-85a3-4025-b0c7-71f5f31cf3ab,A,3.0,False
A-1597,d40775c6-2213-450b-8543-55770c4bd002,post,386c020f-eac8-441e-a565-318bb5bdba05,A,1.0,False
A-1598,09926f79-1402-42bf-b15f-0b1d61040fb6,post,387dc672-5eb4-4447-b38c-4a7fc227eece,A,1.0,False
A-1599,f056e3dd-3f17-4bce-b165-6d483849732b,post,38a1139c-e702-42ad-abb3-e3b1e7c93eab,A,1.0,False
A-1600,efa4af9e-5e0e-4376-a374-47dafe066855,post,38b9c504-0dca-4e02-ade2-19b6fa76e2d4,A,1.0,False
A-1601,2fafeb65-d8cf-408b-8b1b-e07178ca8a39,post,38dc1e1d-e55d-4528-8e32-6bfea7247a22,A,2.0,False
A-1602,89aec425-00fe-4f60-8fe7-1c2ba26ffa26,post,38dc1e1d-e55d-4528-8e32-6bfea7247a22,A,2.0,False
A-1603,34209d3d-d360-4cf3-a9be-4dcfb1138b7d,post,38e8bf26-3e5b-4697-a0ce-b3712b021e00,A,2.0,False
A-1604,f43ac0a6-d83c-43f3-89ab-05320935e6de,post,38e8bf26-3e5b-4697-a0ce-b3712b021e00,A,2.0,False
A-1605,1fa5d1b6-2a8f-4952-8938-0d3d7fefcfb3,comment,390c8a72-9e22-43d3-a258-622386f53f7b,A,12.0,False
A-1606,2ae3fa41-a7fa-4e1b-bdb9-dc26fda48e32,post,390c8a72-9e22-43d3-a258-622386f53f7b,A,12.0,False
A-1607,5f758e5c-805c-4773-91e9-6df5008e60f4,post,390c8a72-9e22-43d3-a258-622386f53f7b,A,12.0,False
A-1608,6ec66967-6ebd-4835-99a8-db3158319653,post,390c8a72-9e22-43d3-a258-622386f53f7b,A,12.0,False
A-1609,a68d7b74-bb65-4eae-bf79-b39283fe985b,comment,390c8a72-9e22-43d3-a258-622386f53f7b,A,12.0,False
A-1610,a68eaca9-5d9b-4a49-a4ce-fd252a94d959,post,390c8a72-9e22-43d3-a258-622386f53f7b,A,12.0,False
A-1611,bd3751b2-a006-460e-91ee-9489786d3b02,post,390c8a72-9e22-43d3-a258-622386f53f7b,A,12.0,False
A-1612,c4826ced-9340-45f3-88d8-f09b754b862b,comment,390c8a72-9e22-43d3-a258-622386f53f7b,A,12.0,False
A-1613,dd9495f6-c489-4e0e-9138-7fa887cea71a,post,390c8a72-9e22-43d3-a258-622386f53f7b,A,12.0,False
A-1614,e03bee59-d47d-4006-8381-ce209c2266f2,post,390c8a72-9e22-43d3-a258-622386f53f7b,A,12.0,False
A-1615,e4d21c54-f609-4304-b34c-c667abf83a8e,comment,390c8a72-9e22-43d3-a258-622386f53f7b,A,12.0,False
A-1616,f8418312-7712-4737-946c-7f125402d081,post,390c8a72-9e22-43d3-a258-622386f53f7b,A,12.0,False
A-1617,7e287d9a-059c-40a2-9e2b-6c91444339bb,post,3921f526-eb90-4519-b43b-a06e6f9b5564,A,1.0,False
A-1618,3273838f-9f18-4ec6-b9d6-5f06b3203da0,post,393d5405-b212-4f2c-b985-c21e438654be,A,1.0,False
A-1619,1029bdd9-d46f-4a52-9b3b-657f0696b464,post,395e4fbb-4ac5-4518-87e4-44d315c85789,A,1.0,False
A-1620,07c96596-389f-4355-ba0a-c613bde2653c,comment,397debfa-c912-4164-883b-cd415fd8bf5e,A,1.0,False
A-1621,4b0807aa-a4b3-497c-bbea-be78e7f7217e,post,39859b82-d0d6-4be9-8766-1e6acac89549,A,2.0,False
A-1622,81e4f483-2355-4a4c-a969-678636cdfd07,comment,39859b82-d0d6-4be9-8766-1e6acac89549,A,2.0,False
A-1623,79c7220a-4f8d-4227-83a9-8ac18a810617,comment,39ba11df-810a-4367-97c4-1f2266bf632a,A,1.0,False
A-1624,4694e874-d152-428e-8db6-3a85bac92af8,comment,39da349a-2c19-4253-822d-c3957f49168e,A,2.0,False
A-1625,62d92b72-d175-4c02-b7dd-dec35c911c75,comment,39da349a-2c19-4253-822d-c3957f49168e,A,2.0,False
A-1626,7401f427-010f-4bed-8321-cf5d30ee4595,post,3a222a1e-23dd-4d33-ac7e-01beb5ed6f60,A,1.0,False
A-1627,cde12645-45c9-4ced-a81e-837365e5f1e1,post,3a4e9a5f-e908-437d-a9ba-be9cf5583961,A,1.0,False
A-1628,a948aa4c-7ca1-43a8-a91d-7455e42cb284,post,3a6dda50-c775-4750-bb24-e2e6fb0b854c,A,1.0,False
A-1629,646e0645-52ca-4ea6-8efc-2780444147a6,post,3a6dfe1e-7a82-482b-a6ff-85d0d321c5fa,A,2.0,False
A-1630,93a57df9-874b-4fcd-809f-088d80602014,post,3a6dfe1e-7a82-482b-a6ff-85d0d321c5fa,A,2.0,False
A-1631,069d00f9-9b2e-4259-959d-f99f74cb2632,post,3a6f2247-b657-4a5e-abf2-d2c454bd5428,A,4.0,False
A-1632,8d062363-0b12-41bb-b8fe-53a6b7de64c9,post,3a6f2247-b657-4a5e-abf2-d2c454bd5428,A,4.0,False
A-1633,a613bc79-56dc-4eb5-8a0f-6c8780689a04,comment,3a6f2247-b657-4a5e-abf2-d2c454bd5428,A,4.0,False
A-1634,fb6777ec-957f-44dc-ba00-32050b8a130e,post,3a6f2247-b657-4a5e-abf2-d2c454bd5428,A,4.0,False
A-1635,43312ea5-d49f-4343-b6ce-6c57363851c8,comment,3a8aa17e-7d3a-4a1b-a881-c4cf6742a589,A,1.0,False
A-1636,a6bf899c-7f0d-4580-8db7-4c59abb3f00a,post,3aa80745-e2ab-40ea-8bf3-be87a1c65f6c,A,1.0,False
A-1637,9f1d5ac5-5092-4638-986d-9f973d109e8a,post,3aae7ee0-0007-452a-94df-cd38486e5e97,A,1.0,False
A-1638,b3b08295-beb9-445a-b930-26c4b3969b0a,post,3ab28f9e-fb03-4081-8eb7-624906d9c8ff,A,1.0,False
A-1639,137c72d2-fc1b-44ee-aad3-6fd852ec72e3,comment,3ab9b3f5-b38e-482d-9ceb-f89fe35a307a,A,12.0,False
A-1640,3c673ff1-9416-471d-9f1a-e5419fb8ac22,post,3ab9b3f5-b38e-482d-9ceb-f89fe35a307a,A,12.0,False
A-1641,459b7664-f614-4c3f-b1a0-277e0ad91ed0,comment,3ab9b3f5-b38e-482d-9ceb-f89fe35a307a,A,12.0,False
A-1642,4ef554f6-c216-4bcb-8aea-828114d7a8ee,comment,3ab9b3f5-b38e-482d-9ceb-f89fe35a307a,A,12.0,False
A-1643,6c9aa100-55db-49fd-a5a7-874d9970380d,comment,3ab9b3f5-b38e-482d-9ceb-f89fe35a307a,A,12.0,False
A-1644,7d55d4b1-890a-4b00-94b4-cf2bf90e3520,comment,3ab9b3f5-b38e-482d-9ceb-f89fe35a307a,A,12.0,False
A-1645,82f1519f-961c-408f-b9ab-1c479daaaf66,comment,3ab9b3f5-b38e-482d-9ceb-f89fe35a307a,A,12.0,False
A-1646,90b1daf7-88e8-4b59-a59b-82694eae9f61,comment,3ab9b3f5-b38e-482d-9ceb-f89fe35a307a,A,12.0,False
A-1647,aa4b7518-5537-4d07-a7f7-651ab46c3742,comment,3ab9b3f5-b38e-482d-9ceb-f89fe35a307a,A,12.0,False
A-1648,aca79031-8ee7-4ecd-99ba-842bdac6642e,comment,3ab9b3f5-b38e-482d-9ceb-f89fe35a307a,A,12.0,False
A-1649,bda80d0c-8440-4174-bf3c-16a32b74efa0,comment,3ab9b3f5-b38e-482d-9ceb-f89fe35a307a,A,12.0,False
A-1650,e69a395b-8fbd-44a5-8d51-f1c91743b032,comment,3ab9b3f5-b38e-482d-9ceb-f89fe35a307a,A,12.0,False
A-1651,c99412ca-9065-45f6-bc4b-c5483653fa4b,comment,3ae47d31-22ae-4682-9194-173111d12209,A,28.0,False
A-1652,5195e333-c13d-42dc-84b4-0e026487261e,comment,3ae47d31-22ae-4682-9194-173111d12209,A,28.0,False
A-1653,7145182b-ad4f-4b87-a55f-c0118de563b8,comment,3ae47d31-22ae-4682-9194-173111d12209,A,28.0,False
A-1654,efc0c645-e2ed-4bd6-af64-920a368c7336,post,3ae47d31-22ae-4682-9194-173111d12209,A,28.0,False
A-1655,7740eae3-9a3d-4319-a080-855478369332,comment,3ae47d31-22ae-4682-9194-173111d12209,A,28.0,False
A-1656,5a2e057e-d6b0-4345-b9df-d62210d8fec7,comment,3ae47d31-22ae-4682-9194-173111d12209,A,28.0,False
A-1657,c2d82106-87eb-4a44-87db-bc8176bb4ce1,post,3ae47d31-22ae-4682-9194-173111d12209,A,28.0,False
A-1658,81a517af-7aa3-4430-b7d6-9006f04c8a7c,post,3ae47d31-22ae-4682-9194-173111d12209,A,28.0,False
A-1659,80f604cc-f8bc-4a02-8cd6-5b6dd3479581,post,3ae47d31-22ae-4682-9194-173111d12209,A,28.0,False
A-1660,048b116f-8e93-46c9-b1a1-b3990f31c1ca,comment,3ae47d31-22ae-4682-9194-173111d12209,A,28.0,False
A-1661,19e5d095-4750-46fe-9a8c-9b20ac587fab,post,3ae47d31-22ae-4682-9194-173111d12209,A,28.0,False
A-1662,5f7e9b48-afc4-4500-8fa1-8abf46b51a1d,comment,3ae47d31-22ae-4682-9194-173111d12209,A,28.0,False
A-1663,9be1a876-a859-457a-aa50-df7066f99cb9,comment,3ae47d31-22ae-4682-9194-173111d12209,A,28.0,False
A-1664,7f820761-f118-4a37-b281-7d8ed8696b99,comment,3ae47d31-22ae-4682-9194-173111d12209,A,28.0,False
A-1665,1ce80641-6e1c-4a35-886f-c08f19e6a60e,comment,3ae47d31-22ae-4682-9194-173111d12209,A,28.0,False
A-1666,1ae89f27-1c6a-4e35-8176-eb6226b2f269,post,3ae52901-16ed-4d75-9604-4dc8a10fd2c3,A,1.0,False
A-1667,3ea1b8de-37b4-4399-9fc8-1d13a4d371a8,post,3aec9068-2628-4cc3-928f-e80c11655e65,A,1.0,False
A-1668,42471e5a-a467-4a29-9b9e-67af6ea27469,comment,3aefdf44-ce6b-424d-808d-63d810599ca0,A,3.0,False
A-1669,719bd26a-6e53-4132-9000-bc1d6ea7ef12,comment,3aefdf44-ce6b-424d-808d-63d810599ca0,A,3.0,False
A-1670,b11c96c1-35ec-44c6-b3ad-177d8c965832,post,3aefdf44-ce6b-424d-808d-63d810599ca0,A,3.0,False
A-1671,d35ca780-12bd-43dc-b857-c26f6bcdb08a,post,3af3b4ee-9c19-41fb-8658-a2fdb22b7e1a,A,1.0,False
A-1672,436ed425-64b3-447d-9b72-8edd3fed8bf7,post,3b01cd5b-b163-4348-a69e-f912deec36df,A,2.0,False
A-1673,ed5429c9-58fd-44bb-adb2-d43b175f3900,post,3b01cd5b-b163-4348-a69e-f912deec36df,A,2.0,False
A-1674,cd1e29e1-5efe-46aa-a417-5c1658dec5c0,post,3b169b40-edec-46b8-a895-d1544abc1aef,A,1.0,False
A-1675,c7ae76fe-d103-4221-937d-7623735ef006,post,3b591d4b-112b-4989-8e9e-6aad652cd0cf,A,1.0,False
A-1676,6869932a-d1a5-4104-ade7-1dc1a907f0ca,post,3b7f3c26-7337-4fe3-a1ac-e29b30575d62,A,2.0,False
A-1677,74fa8c1a-3d56-4ef0-ab67-4cb615bdca6b,post,3b7f3c26-7337-4fe3-a1ac-e29b30575d62,A,2.0,False
A-1678,bf035afa-4230-43c0-bc73-f027af3698ad,post,3b816927-7cae-4f30-93b8-5189386bc7d2,A,2.0,False
A-1679,fc3a2ba2-c45d-486c-823c-c3e704c655ec,post,3b816927-7cae-4f30-93b8-5189386bc7d2,A,2.0,False
A-1680,148e74ec-8b22-45f1-ba01-7597470984fd,post,3b8c3bb3-ae7d-4ed2-a21a-37b0df03b9c1,A,2.0,False
A-1681,dacb147b-1489-4797-b7c2-495065e2f3b8,post,3b8c3bb3-ae7d-4ed2-a21a-37b0df03b9c1,A,2.0,False
A-1682,220bb7de-e35a-4bd7-8dd5-e56f727561b8,post,3bb119e0-edfb-44b3-bd63-f02bb6e30211,A,1.0,False
A-1683,6009ebc1-9b48-4313-b43d-d1225a5bae5d,post,3bb5f155-518a-4515-a627-36f27b4cb0e1,A,1.0,False
A-1684,2347469c-87ff-4abe-9b26-c9f534daf527,post,3bcff9e8-7c77-40aa-a9a0-93a2aecb15ea,A,1.0,False
A-1685,2253b6b5-9646-471c-a33a-0138d214a85a,post,3bd4ffee-b0a7-48c0-a106-38a9026ff626,A,3.0,False
A-1686,7b45b1d0-306e-4f2b-9693-dd06826fa78b,post,3bd4ffee-b0a7-48c0-a106-38a9026ff626,A,3.0,False
A-1687,97baba23-aa43-4b28-9e63-e1785bba70d2,post,3bd4ffee-b0a7-48c0-a106-38a9026ff626,A,3.0,False
A-1688,8802cdb1-725d-416a-9b6f-8d0f8a93c84b,post,3bdce4d8-fd55-4092-bdcc-bd768ebc2b46,A,1.0,False
A-1689,a6fbefdb-e79c-439c-a177-7d26d865cc43,post,3bf0c63a-1848-4edb-a0e6-ae34bf843e0b,A,1.0,False
A-1690,d2e46ec2-d6f1-40c4-804d-7548e7fe5bba,post,3c22d5d5-2475-4c6a-9667-e1cc7fefe72b,A,1.0,False
A-1691,fe235e05-2cd7-4cbc-91f9-9c377eb2c593,comment,3c2c720d-cfc8-4899-8f5a-896cd798c202,A,1.0,False
A-1692,45e44df0-19e3-4622-84ba-956768ffb9f1,post,3c5aea9a-bf22-46a5-a3db-1da0a9cd1463,A,5.0,False
A-1693,822aa4ea-ca17-4138-8924-dfd4502f5856,post,3c5aea9a-bf22-46a5-a3db-1da0a9cd1463,A,5.0,False
A-1694,a17dd3fa-71a6-49ff-9642-989f473a7ea2,post,3c5aea9a-bf22-46a5-a3db-1da0a9cd1463,A,5.0,False
A-1695,eae8f7a5-d3d2-4acb-981e-df8bbdb3c6f2,comment,3c5aea9a-bf22-46a5-a3db-1da0a9cd1463,A,5.0,False
A-1696,ebf06179-c162-474f-8758-900240b85cee,comment,3c5aea9a-bf22-46a5-a3db-1da0a9cd1463,A,5.0,False
A-1697,42f83168-634a-4222-9541-a5d712713e6d,post,3c814d8b-1466-4d9b-86b2-32ff95aeca14,A,1.0,False
A-1698,4ce09617-445c-441c-8f1b-b89f6aff208e,post,3c8719a6-b159-4a9f-943c-ed9f85f064bc,A,1.0,False
A-1699,3a856cd4-c009-42aa-8a27-8cb805c9dad1,comment,3c890a79-9814-4c44-8e23-5b65769ab469,A,5.0,False
A-1700,6e9d9751-ef25-4581-bff4-f9520ef675f8,post,3c890a79-9814-4c44-8e23-5b65769ab469,A,5.0,False
A-1701,a38168a4-5d68-4038-aa3a-b752ec05dd30,comment,3c890a79-9814-4c44-8e23-5b65769ab469,A,5.0,False
A-1702,aa677d06-39b3-44e1-aade-080b4428f2a3,comment,3c890a79-9814-4c44-8e23-5b65769ab469,A,5.0,False
A-1703,af62e322-9bad-46bb-ad42-b9ae95b12af8,comment,3c890a79-9814-4c44-8e23-5b65769ab469,A,5.0,False
A-1704,2aec6b9e-5e30-4c91-acf9-47827a382054,comment,3c9cfcfa-5f3f-45fa-ac27-e653bdf9532f,A,7.0,False
A-1705,4f107927-de1b-4ef4-ae63-a3a2bec6a76d,post,3c9cfcfa-5f3f-45fa-ac27-e653bdf9532f,A,7.0,False
A-1706,63979a79-3d85-441d-8270-e74dfd76564f,comment,3c9cfcfa-5f3f-45fa-ac27-e653bdf9532f,A,7.0,False
A-1707,7cac8755-6be4-46a3-a346-fdb0aaa5bd29,comment,3c9cfcfa-5f3f-45fa-ac27-e653bdf9532f,A,7.0,False
A-1708,caabf2ff-71c7-42f4-a047-71d4bbf7cb95,post,3c9cfcfa-5f3f-45fa-ac27-e653bdf9532f,A,7.0,False
A-1709,d0a70cd4-549d-4b88-8139-648207263ff0,comment,3c9cfcfa-5f3f-45fa-ac27-e653bdf9532f,A,7.0,False
A-1710,e4c4e5e5-09c5-479b-b75a-2f42c84e18a4,comment,3c9cfcfa-5f3f-45fa-ac27-e653bdf9532f,A,7.0,False
A-1711,56d977d0-8c84-41b6-8bc1-beb8b5f16bca,comment,3caffe02-2ec9-479c-8d05-d27801dc61fb,A,16.0,False
A-1712,f35fd865-0aa5-48d7-a417-24c9fef0e00a,post,3caffe02-2ec9-479c-8d05-d27801dc61fb,A,16.0,False
A-1713,a7ac5510-af91-40df-bc22-ced15470388e,comment,3caffe02-2ec9-479c-8d05-d27801dc61fb,A,16.0,False
A-1714,cf990185-068d-4712-9d60-3fd3724668d6,post,3caffe02-2ec9-479c-8d05-d27801dc61fb,A,16.0,False
A-1715,6f54bb4d-22e0-4ea7-9846-b4f4a482bdf3,comment,3caffe02-2ec9-479c-8d05-d27801dc61fb,A,16.0,False
A-1716,fc37adcf-a7a2-4f40-ae9a-945ef3015ea1,comment,3caffe02-2ec9-479c-8d05-d27801dc61fb,A,16.0,False
A-1717,02450c33-7baa-4de6-a9b0-f0a08d1acd06,comment,3caffe02-2ec9-479c-8d05-d27801dc61fb,A,16.0,False
A-1718,64cb52c1-aa09-4520-8128-4a89c4cc00ec,post,3caffe02-2ec9-479c-8d05-d27801dc61fb,A,16.0,False
A-1719,37097773-2d6a-40e3-ba02-87ad6ae4266b,post,3caffe02-2ec9-479c-8d05-d27801dc61fb,A,16.0,False
A-1720,566d83f0-cd3a-4414-9dcc-e4cb3dfdf1ea,post,3caffe02-2ec9-479c-8d05-d27801dc61fb,A,16.0,False
A-1721,e6ea7610-7fe9-4dd3-b77a-f052d0dbe1ca,comment,3caffe02-2ec9-479c-8d05-d27801dc61fb,A,16.0,False
A-1722,527dfc45-07f4-4520-b36c-5a758f123262,comment,3caffe02-2ec9-479c-8d05-d27801dc61fb,A,16.0,False
A-1723,3c45077c-e648-4e10-a934-00b1a1078209,comment,3caffe02-2ec9-479c-8d05-d27801dc61fb,A,16.0,False
A-1724,acb03e71-a7b5-4f93-af6e-f3c0f18c198d,post,3caffe02-2ec9-479c-8d05-d27801dc61fb,A,16.0,False
A-1725,8befcec1-0ce7-4e33-8b76-c71ce65bd59e,comment,3caffe02-2ec9-479c-8d05-d27801dc61fb,A,16.0,False
A-1726,72bb36c3-8897-4269-88f9-32a58dbba12c,post,3cb4766a-9f67-474a-b96f-116b10355644,A,1.0,False
A-1727,0b1c7e07-1150-4ad6-b240-5c87572d2c02,post,3cc9c287-36d4-4ba2-a648-d34329d2e59f,A,8.0,False
A-1728,17949db5-afa6-4a5b-87d9-ffd5b9e999d5,post,3cc9c287-36d4-4ba2-a648-d34329d2e59f,A,8.0,False
A-1729,5ebce74f-db22-49a1-a0fa-0f6aa1565b33,post,3cc9c287-36d4-4ba2-a648-d34329d2e59f,A,8.0,False
A-1730,9638cd4b-c399-4ae0-8600-5352551e2b39,post,3cc9c287-36d4-4ba2-a648-d34329d2e59f,A,8.0,False
A-1731,99675dd7-a519-4f22-bfcd-1e67bf399a3f,post,3cc9c287-36d4-4ba2-a648-d34329d2e59f,A,8.0,False
A-1732,b1b3331c-a3da-4f09-a386-7df981a6b6fd,post,3cc9c287-36d4-4ba2-a648-d34329d2e59f,A,8.0,False
A-1733,b3e27a0f-2a8e-4cf6-8db6-4432dfa37783,post,3cc9c287-36d4-4ba2-a648-d34329d2e59f,A,8.0,False
A-1734,fb81c790-53d3-49ba-be7c-acbaa83b7394,comment,3cc9c287-36d4-4ba2-a648-d34329d2e59f,A,8.0,False
A-1735,ea409e52-28b3-4c37-80b6-ece03fa50ba4,post,3ce0a4b2-4140-40c2-8654-bba710c4566b,A,1.0,False
A-1736,2bc42978-c408-4d90-8dcd-f66c2b1ab480,comment,3d170d0c-f3ac-4b14-8871-7c84e22897c1,A,1.0,False
A-1737,6ebb3106-5160-492f-a337-591dbbd2665d,post,3d256759-c013-4ce9-a69a-d2b976f5dab9,A,1.0,False
A-1738,5c2adf5c-e977-4ab6-b759-f6a570bc03e6,post,3d3145c0-13e6-484f-994b-e3a4e8170338,A,1.0,False
A-1739,de9d022a-5eb3-49e7-83b6-10cd349947ce,post,3d33883f-957c-4dd2-84b8-7b12e7bf671d,A,1.0,False
A-1740,34d39fd8-4c33-469f-b160-5919ce737f3f,post,3d38d998-c328-438f-b82f-32803efac450,A,1.0,False
A-1741,5e62a97b-d21e-48fa-a4f7-6a8fd21353d3,post,3d61ed4b-96c9-4330-a098-81774142e7c4,A,1.0,False
A-1742,5c3e79e9-6f31-4c2d-a21b-ba8681f3adc7,post,3d811917-e7d1-4c23-a7ce-c17a4daf908a,A,1.0,False
A-1743,5b76e36b-5da9-4f98-b963-88b442044238,comment,3da6127c-186b-4c27-9786-aa86a43034f8,A,2.0,False
A-1744,cb8abb01-7d76-4925-9a56-a00949d840cc,post,3da6127c-186b-4c27-9786-aa86a43034f8,A,2.0,False
A-1745,00892b04-cbe0-432d-b3de-a3b66c14ec55,post,3da8877f-44a1-4845-b1e0-ff41ab7a70b1,A,1.0,False
A-1746,39a9da37-9323-4dc5-90a0-750317a4a6c1,comment,3db9e6fe-8bc9-44c5-b3d4-771371a777a6,A,1.0,False
A-1747,51de2e25-df30-46f3-9358-4c8a9b39c78e,post,3dbafe09-1eb2-46d0-a3a7-493d4115fe0e,A,1.0,False
A-1748,95917731-e75c-4f7a-8afd-798e107f4675,post,3dbc6463-0ffe-432b-9620-9a287e28fc66,A,1.0,False
A-1749,8e51e2af-1086-4737-ac1f-537ff2b2ed34,post,3df59194-c774-4054-bd17-d86603f5d869,A,3.0,False
A-1750,b64690ae-b4a1-46d3-9aab-0eca881a28ea,post,3df59194-c774-4054-bd17-d86603f5d869,A,3.0,False
A-1751,f1754861-d58a-4019-9634-f13f40d59d65,post,3df59194-c774-4054-bd17-d86603f5d869,A,3.0,False
A-1752,d823d964-2610-461d-a1e1-c05817bada7d,post,3e19c571-ab6d-481d-bf8a-ca8f68d4b345,A,1.0,False
A-1753,9b9df7b5-87cd-48a4-b9db-d3704004d38b,post,3e1fcb0a-347e-4bdf-8180-40a7ea543ad2,A,1.0,False
A-1754,cada8889-af3d-40c7-8709-ca2e9033f629,comment,3e314c8d-1120-4ff8-933c-d6fb0430e76e,A,1.0,False
A-1755,58a0f5dd-e486-4d7c-b2ec-def43ed10388,post,3e37f403-8c5e-44b6-bc94-baba9eed7293,A,1.0,False
A-1756,407a49a0-87dc-4f1d-b609-46d3c9fa6ddf,comment,3e40a550-fcc0-4c89-a580-b3a1d9c82736,A,9.0,False
A-1757,71afbc0c-e66e-4143-be06-a5d702cf4c7c,post,3e40a550-fcc0-4c89-a580-b3a1d9c82736,A,9.0,False
A-1758,915ae386-8921-4d55-9630-3d28b2f1adcf,comment,3e40a550-fcc0-4c89-a580-b3a1d9c82736,A,9.0,False
A-1759,a6bf9e27-3604-4912-bebd-3812edfe8c7e,post,3e40a550-fcc0-4c89-a580-b3a1d9c82736,A,9.0,False
A-1760,b2d57fcd-c70c-4a4b-ac9c-f01b6604b14e,comment,3e40a550-fcc0-4c89-a580-b3a1d9c82736,A,9.0,False
A-1761,bfdbb45e-4778-425d-a3b1-4e8bd4fb3065,comment,3e40a550-fcc0-4c89-a580-b3a1d9c82736,A,9.0,False
A-1762,ce7d4094-da40-4e74-ae45-50402a844563,post,3e40a550-fcc0-4c89-a580-b3a1d9c82736,A,9.0,False
A-1763,e62beb4a-524f-459c-b831-efdc1f18ee25,comment,3e40a550-fcc0-4c89-a580-b3a1d9c82736,A,9.0,False
A-1764,fb599b95-6973-4ad9-939b-821bab8d6ca5,comment,3e40a550-fcc0-4c89-a580-b3a1d9c82736,A,9.0,False
A-1765,644af058-da14-4d96-94b0-7e34c7b482a9,comment,3e5e22af-ab43-4b8f-9c7a-97c65dfd058f,A,3.0,False
A-1766,6a73f91f-7b8f-4370-866f-1daf306618c8,comment,3e5e22af-ab43-4b8f-9c7a-97c65dfd058f,A,3.0,False
A-1767,b50253f0-ff41-430c-b62c-d17692bd0339,comment,3e5e22af-ab43-4b8f-9c7a-97c65dfd058f,A,3.0,False
A-1768,d54550cb-bcc2-494f-9757-30aec9f6c582,post,3e7ee352-b617-4b01-bed7-1aa707b893d6,A,1.0,False
A-1769,91061d28-d85f-4d84-b98a-bcec4bc4ebf7,post,3ea3e391-52c3-4d9b-a2ff-ce4d8c0a7c06,A,1.0,False
A-1770,809df02c-7ea7-4619-9002-7c63f8b1a414,post,3ea489fc-dcd3-4b57-a274-766a699c3f91,A,1.0,False
A-1771,c195abf6-b1e4-4129-85ab-df816aa77955,comment,3ea5e634-14e5-4085-8fea-7caa59eb125f,A,3.0,False
A-1772,e3700300-68e5-4cce-8cb8-1103530ecaca,post,3ea5e634-14e5-4085-8fea-7caa59eb125f,A,3.0,False
A-1773,ed37be3c-3836-49f3-8d9a-695e4fc492c0,post,3ea5e634-14e5-4085-8fea-7caa59eb125f,A,3.0,False
A-1774,53ce87d2-c6b7-48b9-b458-9944299d25df,post,3ec782da-5387-422d-8ea7-9daac459fe54,A,1.0,False
A-1775,60cb5496-1ac9-45c4-933b-1fbc87981989,post,3efa533b-1d2e-4044-8017-1823b317467f,A,1.0,False
A-1776,793ccda7-2201-427d-a5de-10f4a87829e4,post,3f1e823c-d47a-41d9-a6be-63cf5dbefcc2,A,1.0,False
A-1777,0489623e-e160-496e-a23d-33c104d05610,post,3f2e2fde-cb68-4fba-b823-10d82a8c3f63,A,5.0,False
A-1778,16e30bfc-e6fd-4d47-bbc6-7a152fcac0ad,post,3f2e2fde-cb68-4fba-b823-10d82a8c3f63,A,5.0,False
A-1779,25313dd2-6a13-4863-a04d-ba30270de71a,post,3f2e2fde-cb68-4fba-b823-10d82a8c3f63,A,5.0,False
A-1780,a7f1283b-c9ca-4466-8046-978e238bfb04,post,3f2e2fde-cb68-4fba-b823-10d82a8c3f63,A,5.0,False
A-1781,e93c6888-05a2-4014-bbc8-1ea64a324fa6,post,3f2e2fde-cb68-4fba-b823-10d82a8c3f63,A,5.0,False
A-1782,83a9f8c4-7ed6-43fd-8944-49dd7754b7ad,post,3f4409df-bc2c-4fbf-9204-a069916ef79d,A,2.0,False
A-1783,d6734e2d-ff5f-45aa-ac5b-fb490a701211,comment,3f4409df-bc2c-4fbf-9204-a069916ef79d,A,2.0,False
A-1784,0d289e96-9c87-408f-9144-67edb6cf7c6a,post,3f59a96d-a8ee-47ee-a9d3-9ac57cc3918e,A,3.0,False
A-1785,9e47c231-9367-4c42-b8db-0af44258d12d,comment,3f59a96d-a8ee-47ee-a9d3-9ac57cc3918e,A,3.0,False
A-1786,e48bf683-c12c-4c6e-9621-b35c7d2b5e79,post,3f59a96d-a8ee-47ee-a9d3-9ac57cc3918e,A,3.0,False
A-1787,7c896b97-cfaf-4528-a0ea-3a8dbadf0221,post,3f728248-4779-4c79-82b4-1a0fa75e571e,A,2.0,False
A-1788,a0bd5f9d-a269-48a7-9171-0ee4caaa71c2,post,3f728248-4779-4c79-82b4-1a0fa75e571e,A,2.0,False
A-1789,d2911d1a-716e-485e-8156-106884730f75,post,3f9a11c1-6306-44f5-95ac-8e0fc5f1ccf0,A,1.0,False
A-1790,3d086ab7-41c4-4f1b-b173-f5289315ac92,post,3fb3e0c8-d99d-4ca6-8db2-5fd682225ba3,A,2.0,False
A-1791,e5c77605-a30a-417e-9e66-b31509e2789e,post,3fb3e0c8-d99d-4ca6-8db2-5fd682225ba3,A,2.0,False
A-1792,e178a168-ae3c-446c-b64e-976e0a15a88a,post,3fbdeeb5-eb7c-4e86-9531-bac9e533fb00,A,1.0,False
A-1793,80e158f7-6af7-438c-a2f9-9a8dbb41d468,post,3fcbf3de-6c93-4a41-ae65-8906b81b8d84,A,2.0,False
A-1794,ba793c04-19f2-4630-aeae-4bc565901a7e,comment,3fcbf3de-6c93-4a41-ae65-8906b81b8d84,A,2.0,False
A-1795,1024394c-6bdf-441d-b80a-9d80f9e80684,comment,3fd0933e-8d90-4cac-a448-25fea6259c2d,A,4.0,False
A-1796,4a322fdc-5980-46b3-94d5-763f63d29b83,post,3fd0933e-8d90-4cac-a448-25fea6259c2d,A,4.0,False
A-1797,78717dc3-f579-42ca-9703-c74cb7c83fe4,comment,3fd0933e-8d90-4cac-a448-25fea6259c2d,A,4.0,False
A-1798,c682e175-0f10-46cb-ada4-0473427396a1,comment,3fd0933e-8d90-4cac-a448-25fea6259c2d,A,4.0,False
A-1799,92d97a75-95f7-47ea-bea0-c4533c5af340,post,40184b9e-4858-461d-bd10-0cab597e7266,A,1.0,False
A-1800,70089f88-6d9e-4dd3-a78c-2142e4612625,comment,406bdae1-2aaf-478e-9c9c-7a6201c76be1,A,1.0,False
A-1801,a9a9de74-289b-482c-9a80-af9c79b1ec35,comment,40b6d731-e3e6-4752-ade6-5f5932f7c3cc,A,1.0,False
A-1802,38c8f1e2-ccde-4a41-9215-d6cee9e68199,comment,40b9ed75-487e-4ff4-bbb9-13d69e2480db,A,3.0,False
A-1803,570bbf78-cb2c-4129-8121-aa0a58e4dc04,post,40b9ed75-487e-4ff4-bbb9-13d69e2480db,A,3.0,False
A-1804,f3645ca0-a8b1-42d2-9689-a7c25d42adae,post,40b9ed75-487e-4ff4-bbb9-13d69e2480db,A,3.0,False
A-1805,68de08a5-cf44-4191-886d-e4580d4a726f,post,40bac7ee-aaa3-40e8-a3d6-717aa7f7a9f9,A,1.0,False
A-1806,0eefa7d1-3521-4209-8ca9-2905f37b6fc2,comment,40bb5bb1-4807-4d99-a82a-cd0165f3c1aa,A,2.0,False
A-1807,1987cd4f-07bd-4a0e-95c6-28f952d84d7d,post,40bb5bb1-4807-4d99-a82a-cd0165f3c1aa,A,2.0,False
A-1808,6454a6b8-b3d8-4b90-876d-fcab7a049bba,post,40c03670-c82c-4e33-9a3c-bb07a7390d5c,A,4.0,False
A-1809,72cfd234-103b-49ca-bfcc-8733585e8836,post,40c03670-c82c-4e33-9a3c-bb07a7390d5c,A,4.0,False
A-1810,e57ca8e6-f1be-4850-983e-bf3e1e81a609,post,40c03670-c82c-4e33-9a3c-bb07a7390d5c,A,4.0,False
A-1811,e66f6d85-2a31-4da9-afd9-2318f46a02b9,post,40c03670-c82c-4e33-9a3c-bb07a7390d5c,A,4.0,False
A-1812,4291b1a2-bd6f-4259-9a06-59bdc8aed3e7,post,40ccf5c5-4835-4680-9b14-0271a6445446,A,1.0,False
A-1813,052a3165-8880-40c3-80f1-6cb8054083e3,comment,40f7a02c-34ff-4211-9e9e-606221988290,A,4.0,False
A-1814,19d31d27-9b55-465e-89b4-0326d51b9a9e,post,40f7a02c-34ff-4211-9e9e-606221988290,A,4.0,False
A-1815,59c969c2-1608-4114-831a-bcc643034d48,comment,40f7a02c-34ff-4211-9e9e-606221988290,A,4.0,False
A-1816,b2878ced-5a06-4c0a-828c-ff9ce120e245,post,40f7a02c-34ff-4211-9e9e-606221988290,A,4.0,False
A-1817,dda4ee78-396e-4fef-95c6-4ca8faa48e1e,post,41154fe9-c575-496e-9fc8-fbe1becf378d,A,1.0,False
A-1818,0701fc58-2f6f-48c0-a2d3-fcb70fe851df,post,41158371-7b80-43fe-8065-028a0f4f4829,A,7.0,False
A-1819,388f67a8-bf41-459b-a1a4-aa31714fd2b1,post,41158371-7b80-43fe-8065-028a0f4f4829,A,7.0,False
A-1820,4b5ffb47-5b3f-4648-b56f-f5d94c5559fa,comment,41158371-7b80-43fe-8065-028a0f4f4829,A,7.0,False
A-1821,77961ee3-9f48-4497-b01b-691d1750776d,comment,41158371-7b80-43fe-8065-028a0f4f4829,A,7.0,False
A-1822,d6a87ec0-2ed0-4def-bf7c-5f4f047f1f77,comment,41158371-7b80-43fe-8065-028a0f4f4829,A,7.0,False
A-1823,e6aa857a-c187-49fc-9bc3-7deb799f49f5,post,41158371-7b80-43fe-8065-028a0f4f4829,A,7.0,False
A-1824,eb8c113f-c533-4e36-a98b-dc91356b12a8,post,41158371-7b80-43fe-8065-028a0f4f4829,A,7.0,False
A-1825,36469e51-2d9a-48bc-95e1-e79a4e67ea96,post,4133560d-a023-4005-aeb9-d48f54f67e53,A,1.0,False
A-1826,cef8660e-e525-4de7-b192-124d61023ea2,post,41373cac-03cc-4a10-b677-8757267eb70d,A,1.0,False
A-1827,828d589b-a535-4821-a7ae-53b191441eca,post,416e1ca1-e3cf-4738-bf58-f0d74191f12c,A,1.0,False
A-1828,c85e92cc-8d2e-4565-baae-cb14cc11edf0,post,418d10b1-c0a3-4fe4-94d0-a3e0006aae63,A,2.0,False
A-1829,d023a92a-9896-4ecb-a15a-939d96721875,post,418d10b1-c0a3-4fe4-94d0-a3e0006aae63,A,2.0,False
A-1830,6bba8557-3fcf-43e6-8eec-f6421469e3b4,post,419867b7-b77d-49a6-8c8d-e8829b4eb662,A,1.0,False
A-1831,2a021be2-f59f-4c50-864b-9bb337499f09,post,41b17263-469e-41fc-adcd-1686915c207a,A,8.0,False
A-1832,2f5ffde4-0d3a-4342-aadc-e3ccc01dd765,post,41b17263-469e-41fc-adcd-1686915c207a,A,8.0,False
A-1833,5628ee69-366e-4ac8-b775-e7ddbb9c39b2,post,41b17263-469e-41fc-adcd-1686915c207a,A,8.0,False
A-1834,63eaf601-5ceb-47c1-a472-f2ea643bcc8c,post,41b17263-469e-41fc-adcd-1686915c207a,A,8.0,False
A-1835,7846ee7f-e9aa-43a8-bbaf-cdb557ff4a3e,comment,41b17263-469e-41fc-adcd-1686915c207a,A,8.0,False
A-1836,af14097f-cd32-4d1f-bdce-d1d0cbaeb02d,post,41b17263-469e-41fc-adcd-1686915c207a,A,8.0,False
A-1837,b0bd615d-044c-4fe2-b3df-51386a28c869,post,41b17263-469e-41fc-adcd-1686915c207a,A,8.0,False
A-1838,c9140b0a-3f10-4771-bf09-c6394c590a30,comment,41b17263-469e-41fc-adcd-1686915c207a,A,8.0,False
A-1839,85200aeb-3b7a-4b34-9370-6eabcd026cde,post,41bbc114-d777-49dc-8821-34b5c0c6809a,A,1.0,False
A-1840,745b8f97-749c-4293-a58d-521ef713de5e,comment,41c70238-dec4-49c6-bb20-66e5b1e25352,A,4.0,False
A-1841,924b202f-d3a3-4d6a-93cb-e75e62839e93,post,41c70238-dec4-49c6-bb20-66e5b1e25352,A,4.0,False
A-1842,ea3fdc44-a0f7-40b1-a69d-de843d7b0e90,post,41c70238-dec4-49c6-bb20-66e5b1e25352,A,4.0,False
A-1843,fe1a6a6e-b301-4260-b3f9-f2e161372d40,post,41c70238-dec4-49c6-bb20-66e5b1e25352,A,4.0,False
A-1844,9a8b02be-fe4d-469e-8bf9-d6fd59430f68,post,41d6243d-5dff-4842-b6c2-621333e42ae1,A,1.0,False
A-1845,3dde3f95-d8be-4540-bf9f-906541be2934,post,42358d0c-b3a0-4849-ad8f-be9216983cff,A,1.0,False
A-1846,070026c7-7acc-4585-9791-e643ebf60749,comment,425eddb6-46f3-4649-91fd-75dac31028e0,A,6.0,False
A-1847,586759a4-bd24-45ad-beb6-70a1d6e8d4aa,post,425eddb6-46f3-4649-91fd-75dac31028e0,A,6.0,False
A-1848,61e42ca1-9303-4d6d-afdc-f8383af6799d,comment,425eddb6-46f3-4649-91fd-75dac31028e0,A,6.0,False
A-1849,b434c6d7-cb86-427b-9251-ae246c2ea2b7,comment,425eddb6-46f3-4649-91fd-75dac31028e0,A,6.0,False
A-1850,fca3c248-c117-44d4-93b9-890b58009cb7,comment,425eddb6-46f3-4649-91fd-75dac31028e0,A,6.0,False
A-1851,ff298256-60fb-4d29-9d7a-9ea89ed89850,comment,425eddb6-46f3-4649-91fd-75dac31028e0,A,6.0,False
A-1852,72b739da-fec1-4713-a7fc-66cf9904742e,post,42aea8bb-720f-41f2-92a3-7b122a0cbf96,A,1.0,False
A-1853,b2b1a9b0-921b-47b2-8f69-edcb8aa03ca2,post,42c4430f-df22-445b-bac8-ab2eca819147,A,1.0,False
A-1854,d4ef9449-b2a0-4932-9035-b64a33be5ac7,post,4302cb76-6fff-4473-8998-6bbf24bfd250,A,1.0,False
A-1855,9c16a5bf-bd28-44b1-80a0-0c4539649a8c,comment,43233769-945d-4175-92b3-9aa916b149f8,A,1.0,False
A-1856,14b9af90-6d3f-44a3-ac22-9073d8582a9f,comment,4372c651-8e9e-4ba9-9eae-e41b7cfcf405,A,8.0,False
A-1857,8fa56e20-2e2f-4657-9384-4fbdae44bea1,post,4372c651-8e9e-4ba9-9eae-e41b7cfcf405,A,8.0,False
A-1858,b29d0d25-ddf9-4049-a696-7a122b47f236,post,4372c651-8e9e-4ba9-9eae-e41b7cfcf405,A,8.0,False
A-1859,e0ab80a7-e75c-4ce8-a702-976fd06aab3a,comment,4372c651-8e9e-4ba9-9eae-e41b7cfcf405,A,8.0,False
A-1860,eb56e9f2-7518-49c6-98c2-c5d55dd7ff0e,post,4372c651-8e9e-4ba9-9eae-e41b7cfcf405,A,8.0,False
A-1861,ed36704e-830e-4a0a-9436-d342f75aade6,comment,4372c651-8e9e-4ba9-9eae-e41b7cfcf405,A,8.0,False
A-1862,fd32c9ed-8ea9-4997-b339-3d4ba6fa7d57,comment,4372c651-8e9e-4ba9-9eae-e41b7cfcf405,A,8.0,False
A-1863,fe561d22-1717-4a8d-a70c-d76f189a5dc7,comment,4372c651-8e9e-4ba9-9eae-e41b7cfcf405,A,8.0,False
A-1864,5d981c4d-e6fc-40d1-9e05-87941cd6976a,post,4374faf9-8f02-40fe-aaec-2bef4fed808d,A,2.0,False
A-1865,82d014b1-f229-4467-ba3f-c7f1fcba88f5,post,4374faf9-8f02-40fe-aaec-2bef4fed808d,A,2.0,False
A-1866,7cd48209-eb07-4ac0-afcb-238f8ceac3e2,post,43912892-1370-41cd-abd3-15bd85525253,A,1.0,False
A-1867,301732d0-90c7-437b-8cc9-5c68f6ac99d4,comment,439ed769-ac51-48dd-8d12-3307d57d2e21,A,7.0,False
A-1868,41c0370e-ef56-4a76-8b42-e231669f007a,comment,439ed769-ac51-48dd-8d12-3307d57d2e21,A,7.0,False
A-1869,714f87a3-8c9f-4a32-b17e-f770621c3700,post,439ed769-ac51-48dd-8d12-3307d57d2e21,A,7.0,False
A-1870,9c9f1146-48b6-4cf1-a1a6-ba484a18d22a,post,439ed769-ac51-48dd-8d12-3307d57d2e21,A,7.0,False
A-1871,ce235cb4-e891-4071-b79f-aee84264bd97,post,439ed769-ac51-48dd-8d12-3307d57d2e21,A,7.0,False
A-1872,e5dd7086-694d-496d-b87f-b20e6722d99f,comment,439ed769-ac51-48dd-8d12-3307d57d2e21,A,7.0,False
A-1873,fbbfd231-a834-433d-8bf1-0b366c571f26,comment,439ed769-ac51-48dd-8d12-3307d57d2e21,A,7.0,False
A-1874,22376794-e9a3-4096-b2ac-2b55eb8d6b9b,comment,43c26b61-89a1-4eee-ae5e-1492c9fc1a32,A,1.0,False
A-1875,fa67c89b-4c44-42eb-ad89-4bad7ff1fa76,comment,4409e1e7-acbb-4321-b2ce-85d0d0b7616d,A,1.0,False
A-1876,92a25475-ee7f-4e13-b235-a875a80234a7,post,443b873d-7878-4e79-9713-1168e8cb006d,A,1.0,False
A-1877,21fe1ccf-3138-4d17-8814-88103915197c,post,44400b7b-0ae1-4a7c-aaa8-d507de399e5d,A,3.0,False
A-1878,9a152d07-1e3d-4f36-baca-350863b22a38,post,44400b7b-0ae1-4a7c-aaa8-d507de399e5d,A,3.0,False
A-1879,9cc02f95-1f6a-4389-93d2-699d3f8fd0e4,post,44400b7b-0ae1-4a7c-aaa8-d507de399e5d,A,3.0,False
A-1880,1599915c-e0c2-44c2-8c8b-a85b1265ed42,post,44451558-d845-4a18-bac7-f3d6a3a3f275,A,1.0,False
A-1881,bcc53580-7c26-4d13-8353-49494853cf1a,post,4449aeaa-740d-4f5a-bad5-661a794b3aeb,A,1.0,False
A-1882,2ca4515b-c430-4236-84e4-f35553db1fd4,post,446e49f1-ff69-45c6-a3c7-3073f3a3384b,A,2.0,False
A-1883,9fbeffe6-5513-4437-9745-eebd87ba9d96,post,446e49f1-ff69-45c6-a3c7-3073f3a3384b,A,2.0,False
A-1884,69dfa9ba-3690-4f77-b757-5303fcd71d2d,post,449f92f8-66d3-4d8c-9b74-61753fecb0ce,A,3.0,False
A-1885,ab5a30d8-eb5f-40d6-8e9a-4a60a7fe468f,comment,449f92f8-66d3-4d8c-9b74-61753fecb0ce,A,3.0,False
A-1886,b85fa58a-5767-48f3-9232-76117f5218fd,comment,449f92f8-66d3-4d8c-9b74-61753fecb0ce,A,3.0,False
A-1887,877d4899-5734-40b4-b4f5-39d876d2e2b2,post,44b56278-2a74-4d77-8c56-aeffb5e6430c,A,1.0,False
A-1888,ead29cfb-e032-48e0-9656-4313c10923e4,post,44f580ff-dfdc-431f-a4d1-6afad2e144ff,A,1.0,False
A-1889,08106c37-9cf2-4f21-a660-84402a0365e8,comment,451e2f27-c9e1-4d45-97c6-f2218ad47e8e,A,5.0,False
A-1890,5bc1ebd8-2a66-431d-8f72-390a675caa5a,post,451e2f27-c9e1-4d45-97c6-f2218ad47e8e,A,5.0,False
A-1891,982b1b35-02c4-4a82-9792-fc21beb1dc06,comment,451e2f27-c9e1-4d45-97c6-f2218ad47e8e,A,5.0,False
A-1892,e973fae4-07c0-4828-9a9f-8fc06f1f50ce,post,451e2f27-c9e1-4d45-97c6-f2218ad47e8e,A,5.0,False
A-1893,f33081bc-efdd-4bdd-b1ce-454e761ab326,post,451e2f27-c9e1-4d45-97c6-f2218ad47e8e,A,5.0,False
A-1894,58fdc51b-1cdd-4bf2-9128-ef8aac02d8bf,post,455f9495-9a69-4983-a2c5-878d579872ff,A,1.0,False
A-1895,10d74978-4d2e-4c26-862f-2ebf9a1d89d2,comment,4566b997-9882-4bb7-b4d6-0e9f28d801b5,A,2.0,False
A-1896,5dc1fbb5-10b0-42fd-8ad6-3fdf18901bc4,post,4566b997-9882-4bb7-b4d6-0e9f28d801b5,A,2.0,False
A-1897,b9696daa-7079-4fcd-985c-3a9134eae5bc,post,45715053-f8ee-45f7-b97a-59f591d4c476,A,1.0,False
A-1898,5472dbc0-9886-40d4-8e7c-9bd9df0734ae,post,4583e387-34bd-498b-a128-b0bff0248063,A,2.0,False
A-1899,cc7f93fa-c581-4fc2-8777-3d4cda9947ae,comment,4583e387-34bd-498b-a128-b0bff0248063,A,2.0,False
A-1900,6209f03f-ec57-4d5c-aaaa-92094b3fe4c3,comment,45895133-c38d-46ae-96de-9c6ae374dead,A,2.0,False
A-1901,a680cf7e-179f-4a21-b963-8f7ad90fb526,post,45895133-c38d-46ae-96de-9c6ae374dead,A,2.0,False
A-1902,42d8532e-e3e1-4e79-afff-855c0dcaa78e,post,45929b97-688e-4f34-9826-3cca23c58de7,A,3.0,False
A-1903,7d0f91d9-fe29-4333-92be-d5d0f3e2bf2c,post,45929b97-688e-4f34-9826-3cca23c58de7,A,3.0,False
A-1904,f5913a95-120e-4866-8e1f-dde868cf770a,comment,45929b97-688e-4f34-9826-3cca23c58de7,A,3.0,False
A-1905,463c32d7-1ad3-4053-8f1b-a338e47438e4,comment,45a4a1a4-ebd9-4465-9717-82eb408409bf,A,2.0,False
A-1906,e57df69a-94fb-4ea9-b872-ca1f9f213d5c,post,45a4a1a4-ebd9-4465-9717-82eb408409bf,A,2.0,False
A-1907,6b802d56-c062-46d0-bd60-c91b9ddded54,comment,45ac619a-da30-495b-8330-b0865e9f4a4d,A,3.0,False
A-1908,b4722463-a91f-4fff-b687-d801f7b3bcd7,post,45ac619a-da30-495b-8330-b0865e9f4a4d,A,3.0,False
A-1909,f97191a1-14cf-4c75-830f-6d021bc084fc,comment,45ac619a-da30-495b-8330-b0865e9f4a4d,A,3.0,False
A-1910,083f9ea3-eb65-41b1-acb7-1b538ba7d533,post,45af5828-2bc9-4407-b6b5-24a0a0716016,A,5.0,False
A-1911,1b26aa9e-2d52-4399-8d63-ebaad29ed8e1,post,45af5828-2bc9-4407-b6b5-24a0a0716016,A,5.0,False
A-1912,540503d1-3c06-4a4c-9775-e18571114777,post,45af5828-2bc9-4407-b6b5-24a0a0716016,A,5.0,False
A-1913,c2091826-bc39-4f98-a595-0896a8df1163,post,45af5828-2bc9-4407-b6b5-24a0a0716016,A,5.0,False
A-1914,fc42b382-f98d-490d-a0b9-6883079afd86,post,45af5828-2bc9-4407-b6b5-24a0a0716016,A,5.0,False
A-1915,48d8a4be-076a-45df-973c-44e495a23f88,post,45b6a164-3da6-4755-9780-3fdfd4fa445b,A,2.0,False
A-1916,eaad1feb-5dcf-4860-9a47-e5bbd2a56909,post,45b6a164-3da6-4755-9780-3fdfd4fa445b,A,2.0,False
A-1917,0b48f3d3-d93c-4a40-938c-342b6ff8fb6d,post,45bc41a9-6ba2-4e1a-8729-a3c24d03cf9e,A,9.0,False
A-1918,1dbf2f8e-76d2-495e-878e-5a500307e174,comment,45bc41a9-6ba2-4e1a-8729-a3c24d03cf9e,A,9.0,False
A-1919,1dd43558-4003-4b6b-b3ac-d6ec3ed8e9e7,post,45bc41a9-6ba2-4e1a-8729-a3c24d03cf9e,A,9.0,False
A-1920,4b2f9a74-ab78-4d58-8c3e-200756cda710,comment,45bc41a9-6ba2-4e1a-8729-a3c24d03cf9e,A,9.0,False
A-1921,516702b5-446c-44c9-bd80-93e98c07fabb,comment,45bc41a9-6ba2-4e1a-8729-a3c24d03cf9e,A,9.0,False
A-1922,5cf998ee-fd94-4017-ae9b-28bab4602ba4,comment,45bc41a9-6ba2-4e1a-8729-a3c24d03cf9e,A,9.0,False
A-1923,87d568e3-7394-430d-af7c-1258fa7d047b,comment,45bc41a9-6ba2-4e1a-8729-a3c24d03cf9e,A,9.0,False
A-1924,c54f3c77-d42f-4469-9165-8d3518567232,comment,45bc41a9-6ba2-4e1a-8729-a3c24d03cf9e,A,9.0,False
A-1925,e037ec03-6030-450b-bf50-1c0af2253ebc,post,45bc41a9-6ba2-4e1a-8729-a3c24d03cf9e,A,9.0,False
A-1926,43aa3348-0f51-45ff-996b-b3538fcd512a,post,45ced16a-5ce2-4b9d-adb5-217d8cc21b99,A,4.0,False
A-1927,89b419c0-9313-4a2c-ad82-61b5287c8aa7,post,45ced16a-5ce2-4b9d-adb5-217d8cc21b99,A,4.0,False
A-1928,a0796e68-6846-4cb8-a70c-13a23a300194,post,45ced16a-5ce2-4b9d-adb5-217d8cc21b99,A,4.0,False
A-1929,c5837ca5-9173-4f80-b31a-eaa378b89f69,post,45ced16a-5ce2-4b9d-adb5-217d8cc21b99,A,4.0,False
A-1930,d977df3c-fe4c-4324-87d8-b4eeb3738d59,post,45d87fb8-a1f2-4a32-a907-a81637e98f6b,A,1.0,False
A-1931,ddd48673-430b-467c-af0b-5ed5582600be,post,45f5a063-8582-46fa-8464-2557c081cbf7,A,1.0,False
A-1932,1cdd8158-ab69-4a2d-bfa6-1ebb233729e2,post,46144a47-0612-43e0-a392-7edbae9116ca,A,2.0,False
A-1933,591833b5-fc84-4e14-94eb-3cb97a732147,post,46144a47-0612-43e0-a392-7edbae9116ca,A,2.0,False
A-1934,eb796b1c-cd22-4884-acc4-6e0ee574d133,post,4618cc94-81cf-408a-84b7-b855d1bab171,A,1.0,False
A-1935,909921fe-d3f1-4bdf-90d3-177e0f6171fc,post,462c8deb-5a73-4c2d-a5fb-5068e755f770,A,1.0,False
A-1936,f4881294-bff3-4ad4-ac76-7b32387fc83b,post,4639a5da-56b2-47e5-acc1-a326cf0aa59b,A,1.0,False
A-1937,0c7cdcda-e56c-4084-809a-5a8e7767e5ff,post,464ac521-d9de-453c-85b8-6054d75bcd3f,A,1.0,False
A-1938,016c7ab5-67e5-4a67-b8e0-e7e36a8bf493,post,4690e969-2bb8-471d-97e5-3b365c6c0c9d,A,1.0,False
A-1939,b0c1937f-db42-4491-bf6f-b56707fb845c,post,46a3c130-7c68-49d6-8817-8569c9914003,A,1.0,False
A-1940,fc0bab01-0f1a-4bc9-9215-fea5616623b5,comment,46a96cec-9ae4-450e-aeff-5b94d3e2ab71,A,20.0,False
A-1941,d77f5f37-1c58-4646-88e4-72ed603f0b4d,comment,46a96cec-9ae4-450e-aeff-5b94d3e2ab71,A,20.0,False
A-1942,052fde18-b2a7-44bb-9de2-23d1e968720f,comment,46a96cec-9ae4-450e-aeff-5b94d3e2ab71,A,20.0,False
A-1943,c1e77a99-24df-4fa4-b8f7-37bc4f50ea8d,comment,46a96cec-9ae4-450e-aeff-5b94d3e2ab71,A,20.0,False
A-1944,213a8b87-6c28-4fda-840d-551e9a2dbe50,comment,46a96cec-9ae4-450e-aeff-5b94d3e2ab71,A,20.0,False
A-1945,853a182e-b9db-4874-b01d-f089e772b264,post,46a96cec-9ae4-450e-aeff-5b94d3e2ab71,A,20.0,False
A-1946,c566e852-b720-482a-abf7-96328266589c,comment,46a96cec-9ae4-450e-aeff-5b94d3e2ab71,A,20.0,False
A-1947,eb3dbeb7-d298-438c-a42c-07d1f750224a,comment,46a96cec-9ae4-450e-aeff-5b94d3e2ab71,A,20.0,False
A-1948,4249b07f-f79b-4923-bf57-668a13e739be,comment,46a96cec-9ae4-450e-aeff-5b94d3e2ab71,A,20.0,False
A-1949,8b208a39-ac6b-4870-890a-946162a3f6dc,comment,46a96cec-9ae4-450e-aeff-5b94d3e2ab71,A,20.0,False
A-1950,abcd5056-e187-449c-89ae-65362f22eddd,comment,46a96cec-9ae4-450e-aeff-5b94d3e2ab71,A,20.0,False
A-1951,580c767c-c6ea-44a2-886b-540708cd719b,comment,46a96cec-9ae4-450e-aeff-5b94d3e2ab71,A,20.0,False
A-1952,491fedca-4feb-4ad8-a073-039a5761f8a6,comment,46a96cec-9ae4-450e-aeff-5b94d3e2ab71,A,20.0,False
A-1953,3a20ebc4-a820-4c32-a90b-e0828e4d170d,comment,46a96cec-9ae4-450e-aeff-5b94d3e2ab71,A,20.0,False
A-1954,805ebc62-84f7-42b4-9b32-64f045b78d92,post,46a96cec-9ae4-450e-aeff-5b94d3e2ab71,A,20.0,False
A-1955,0617129d-246e-4ff0-845f-95f24c030e01,comment,46d50a0e-b7c7-4ac3-8ce8-6175f3d368d2,A,4.0,False
A-1956,195fdba7-5e81-498a-b5d9-358610440b83,post,46d50a0e-b7c7-4ac3-8ce8-6175f3d368d2,A,4.0,False
A-1957,3c4f1215-dbf5-48ef-a7ca-bae5d61eea08,post,46d50a0e-b7c7-4ac3-8ce8-6175f3d368d2,A,4.0,False
A-1958,6f9c6d61-e362-43d9-819a-b6ed60eaf92c,post,46d50a0e-b7c7-4ac3-8ce8-6175f3d368d2,A,4.0,False
A-1959,20385bd8-01cf-4a1b-876c-6adffbec341d,post,470ab449-565b-4e1f-9c34-1505bb88ca50,A,1.0,False
A-1960,3631c767-80be-4c65-9e79-91d2a6a47ac4,post,472d0834-5e55-452f-9ec5-59a096e06e90,A,5.0,False
A-1961,9b3cbe40-f986-49ac-8bcc-03cd14b377d6,comment,472d0834-5e55-452f-9ec5-59a096e06e90,A,5.0,False
A-1962,a2bd03ba-fa4c-44f7-a84b-4c256a623b07,comment,472d0834-5e55-452f-9ec5-59a096e06e90,A,5.0,False
A-1963,a86c714a-3014-4864-8711-2c8d4e3cff72,comment,472d0834-5e55-452f-9ec5-59a096e06e90,A,5.0,False
A-1964,cf230435-cd17-4ce3-828f-15f0aa400a6f,comment,472d0834-5e55-452f-9ec5-59a096e06e90,A,5.0,False
A-1965,60c4c3b7-df12-4cc3-9af1-ffb47ec056f4,post,472fee1f-0857-40ff-8029-74e843a56590,A,1.0,False
A-1966,55ecbc6f-639d-46e3-a85a-cef989b1cbee,comment,4736e41f-9b0e-4071-bdb6-5b366dedee9b,A,1.0,False
A-1967,bfea74a3-8231-492b-9a80-3a41f07fd163,post,474774ab-c413-469a-9a30-63d176de48f2,A,1.0,False
A-1968,03704f9c-41fe-4b4a-9ce8-849d001e62fd,post,4752e329-95ef-4c88-ba99-bb0d607fee7f,A,4.0,False
A-1969,133196e1-edeb-4cf8-a859-1263b0b60a63,post,4752e329-95ef-4c88-ba99-bb0d607fee7f,A,4.0,False
A-1970,64d21394-8e51-45c0-957d-37ee21aadc13,post,4752e329-95ef-4c88-ba99-bb0d607fee7f,A,4.0,False
A-1971,80e83ca9-4265-4ef2-86ae-f4af4ae0e8c6,post,4752e329-95ef-4c88-ba99-bb0d607fee7f,A,4.0,False
A-1972,571af735-9805-44b8-934b-05fcb8d1dc9d,post,475a4907-7bb6-4f74-9c61-e47410e53c90,A,1.0,False
A-1973,5abbcca5-6d27-4356-8ae6-5ea7c661dc77,post,47806e93-fd92-45ee-b63d-a5a992c2a3cd,A,2.0,False
A-1974,eb326830-f279-420a-8abb-ad7d561ec2e4,post,47806e93-fd92-45ee-b63d-a5a992c2a3cd,A,2.0,False
A-1975,e983c8e0-3e28-40ee-a81b-8f9da040c4b3,post,47882b94-a83d-4c31-a13d-325ee9c3ea91,A,1.0,False
A-1976,2e5c81ed-49a7-4a8e-b33d-f7e82cd2e61b,post,479167f2-9135-4776-8238-bdb75eb81605,A,1.0,False
A-1977,26c7ad7e-6124-4ce5-8a04-caf7a4775553,comment,47b97f33-e5e8-4d78-9d14-68242cfa3791,A,5.0,False
A-1978,2bd46a2d-befc-4084-8fa7-ed514f1def14,post,47b97f33-e5e8-4d78-9d14-68242cfa3791,A,5.0,False
A-1979,7df0f205-8ecc-4575-bb47-9c9a934c944a,comment,47b97f33-e5e8-4d78-9d14-68242cfa3791,A,5.0,False
A-1980,934c3808-8c90-4e88-aeee-4641a7ad2d09,post,47b97f33-e5e8-4d78-9d14-68242cfa3791,A,5.0,False
A-1981,968da6ab-a12d-4f10-ab6f-646b537f779a,post,47b97f33-e5e8-4d78-9d14-68242cfa3791,A,5.0,False
A-1982,abb00a64-d95f-4e2e-81be-fbe12810dc32,post,47cc161c-4731-4d33-ac79-24243ae6b488,A,1.0,False
A-1983,bdca0b0d-d466-47e1-85d5-3acf7019c8a0,post,48084094-162c-4f14-987f-2a0d16a20088,A,2.0,False
A-1984,c0ec7dc5-da43-4f6b-97e5-0d748a99f53a,post,48084094-162c-4f14-987f-2a0d16a20088,A,2.0,False
A-1985,042e02aa-3914-427e-8819-06b25ed697de,post,48110128-7bf9-4890-90cc-c202c1b08358,A,1.0,False
A-1986,0172d746-530b-4e1e-be9f-827298a40691,comment,481794ff-b287-4f7d-b1e8-860e8ba72e40,A,5.0,False
A-1987,4ba16009-babd-48d8-b3d2-c2e731d83e1b,post,481794ff-b287-4f7d-b1e8-860e8ba72e40,A,5.0,False
A-1988,4d3ed02b-30e0-4e17-af8f-71b03e19fdad,comment,481794ff-b287-4f7d-b1e8-860e8ba72e40,A,5.0,False
A-1989,59176346-fbb1-4b05-8198-89806afae2a7,post,481794ff-b287-4f7d-b1e8-860e8ba72e40,A,5.0,False
A-1990,69de73ae-23c8-4098-bc64-d1f24c750fc1,comment,481794ff-b287-4f7d-b1e8-860e8ba72e40,A,5.0,False
A-1991,093e3209-ab9d-43b5-acb0-327f950258a7,post,4829db29-23b0-4ba9-85ac-4d552df486c5,A,2.0,False
A-1992,a2b02de6-658c-4000-b275-062445d5956c,post,4829db29-23b0-4ba9-85ac-4d552df486c5,A,2.0,False
A-1993,51042e4f-f0fe-4d1c-b3f5-b4269d1a1f6c,post,483a9a93-a0a2-4a66-a721-405d8b9ef45c,A,4.0,False
A-1994,8255ff8a-509c-4060-ae7a-2fe836759aa5,post,483a9a93-a0a2-4a66-a721-405d8b9ef45c,A,4.0,False
A-1995,e847a4d2-8a47-4b8e-9d7f-3ea846ff9337,post,483a9a93-a0a2-4a66-a721-405d8b9ef45c,A,4.0,False
A-1996,fbbff350-0e6c-44f8-8986-cd58238ec98d,post,483a9a93-a0a2-4a66-a721-405d8b9ef45c,A,4.0,False
A-1997,27176010-2b9d-490f-aa32-d9c304a8df68,post,4854060e-1d67-4f74-8bca-5ffbc1777fba,A,2.0,False
A-1998,ef394549-7f6e-4c41-ba37-b47ad102b423,post,4854060e-1d67-4f74-8bca-5ffbc1777fba,A,2.0,False
A-1999,e2811e58-37a8-495b-84da-3aca192e6bbd,post,4862ed30-9423-46e0-b305-914da5a49297,A,1.0,False
A-2000,4c104cc1-6b96-49d4-b358-2910fb6dfa02,comment,4866f99a-3c8e-4a48-9618-b3af20e2a0f5,A,4.0,False
A-2001,79afba48-87ac-4ef0-8f06-729741aaaf37,post,4866f99a-3c8e-4a48-9618-b3af20e2a0f5,A,4.0,False
A-2002,acfd7da7-3880-4cbb-8f10-ec6500f6b7fb,post,4866f99a-3c8e-4a48-9618-b3af20e2a0f5,A,4.0,False
A-2003,d442a511-3ff7-4040-a1ce-904abd0db268,post,4866f99a-3c8e-4a48-9618-b3af20e2a0f5,A,4.0,False
A-2004,fbfd1fce-d2d3-45e9-9b16-9014e7b2b223,post,48756fd2-ddc3-4d7d-b84b-0226351266af,A,1.0,False
A-2005,63029520-bedc-44fe-8073-23e1449ada54,post,487a477f-d5b0-4a59-ba12-60f904e51e60,A,20.0,False
A-2006,84d387dc-625a-4f9a-8674-29a2a9476756,post,487a477f-d5b0-4a59-ba12-60f904e51e60,A,20.0,False
A-2007,af4b4862-7018-433c-8732-e50321956dae,post,487a477f-d5b0-4a59-ba12-60f904e51e60,A,20.0,False
A-2008,58aa75f9-e83d-42b7-9f0e-b9d8d3d3c3e5,post,487a477f-d5b0-4a59-ba12-60f904e51e60,A,20.0,False
A-2009,5bca3011-940e-44e0-9c7a-bea80f89a0f5,post,487a477f-d5b0-4a59-ba12-60f904e51e60,A,20.0,False
A-2010,7773d1ac-55c2-4d0e-949c-3835aa0fe580,comment,487a477f-d5b0-4a59-ba12-60f904e51e60,A,20.0,False
A-2011,eeffdb14-089c-4c03-8d1a-c8d5e3b8d954,post,487a477f-d5b0-4a59-ba12-60f904e51e60,A,20.0,False
A-2012,7df873fc-9150-4a33-9fd4-4922fb7513e2,post,487a477f-d5b0-4a59-ba12-60f904e51e60,A,20.0,False
A-2013,45321a28-e812-43b0-9b75-2a4040f7d6a4,comment,487a477f-d5b0-4a59-ba12-60f904e51e60,A,20.0,False
A-2014,ed0a20d4-ccb1-46a9-b541-c605c0cd18fb,post,487a477f-d5b0-4a59-ba12-60f904e51e60,A,20.0,False
A-2015,d350923d-af02-4286-862e-b65901c83100,post,487a477f-d5b0-4a59-ba12-60f904e51e60,A,20.0,False
A-2016,4e970160-b74c-4626-9c51-30eaa4a4ab85,post,487a477f-d5b0-4a59-ba12-60f904e51e60,A,20.0,False
A-2017,eac813e7-614d-435b-8578-e7fa9c3cb964,comment,487a477f-d5b0-4a59-ba12-60f904e51e60,A,20.0,False
A-2018,87a99e90-1aeb-464a-a292-476bee40a291,post,487a477f-d5b0-4a59-ba12-60f904e51e60,A,20.0,False
A-2019,36c44525-7a2f-4ba9-b121-f5bdc2673a5b,post,487a477f-d5b0-4a59-ba12-60f904e51e60,A,20.0,False
A-2020,dd262c55-76f7-4c47-a9a3-af0432e7f3ff,post,4889e64e-3f88-4605-8e47-1f10987befce,A,1.0,False
A-2021,2c1a032f-12e1-49d0-96b9-5ce0d3129b79,comment,48b76e8e-1eb1-4bd1-822d-bf32b9bb8560,A,6.0,False
A-2022,4a8c5bc4-4c29-4c26-8c3b-c56a0a6ea811,comment,48b76e8e-1eb1-4bd1-822d-bf32b9bb8560,A,6.0,False
A-2023,516903b8-d4e0-42cb-b24d-6c7fc9e6ef45,comment,48b76e8e-1eb1-4bd1-822d-bf32b9bb8560,A,6.0,False
A-2024,89d60585-9c24-41ff-bea0-e3fc1c281d42,comment,48b76e8e-1eb1-4bd1-822d-bf32b9bb8560,A,6.0,False
A-2025,8c1927c7-342f-477c-9b46-cf6729b00a90,comment,48b76e8e-1eb1-4bd1-822d-bf32b9bb8560,A,6.0,False
A-2026,b9bcc473-4d35-45ce-83f4-249f7447c334,comment,48b76e8e-1eb1-4bd1-822d-bf32b9bb8560,A,6.0,False
A-2027,7aed6e25-e70d-4855-a5b3-4f957fc0702b,post,48c9dd89-9f60-4f75-9f6a-35dc457f2e97,A,2.0,False
A-2028,9fa2e124-9a9f-4896-9172-56c883bf51d1,post,48c9dd89-9f60-4f75-9f6a-35dc457f2e97,A,2.0,False
A-2029,249d2b41-a520-4d81-9b96-ce9f366b0782,post,48d0229a-eb5e-42eb-8b05-689e386380df,A,2.0,False
A-2030,c87f3e42-839f-4d7e-ab45-e891a96c947f,comment,48d0229a-eb5e-42eb-8b05-689e386380df,A,2.0,False
A-2031,073558e3-19cb-4f39-ae8f-a8fb1e769757,post,48e16628-8872-4bb0-aaff-ce2a1f35a006,A,2.0,False
A-2032,55650d6c-02c8-44c9-9202-2538372db435,post,48e16628-8872-4bb0-aaff-ce2a1f35a006,A,2.0,False
A-2033,ab9bd941-36ab-4c60-a5f3-5f6d42e1bb3b,post,48e83970-6d74-4a6f-b659-b1f68ef23221,A,1.0,False
A-2034,e45d805a-83c2-4855-96b0-ec434387639c,post,48e8552a-c44c-4229-9e03-748f2eaf5b01,A,1.0,False
A-2035,0f8f1c10-9224-4a6d-9487-902017a2f996,comment,48fc56df-ff8a-4210-bd0d-a3533dbbdc50,A,3.0,False
A-2036,d2a29cd6-d37a-46eb-824d-b103779fcdf6,comment,48fc56df-ff8a-4210-bd0d-a3533dbbdc50,A,3.0,False
A-2037,ec5eb73b-0765-475c-9225-0d9ba3168396,comment,48fc56df-ff8a-4210-bd0d-a3533dbbdc50,A,3.0,False
A-2038,437a99a5-f07e-4442-b2ea-b3a1e3488af8,post,492ca9c3-272d-4562-9b8b-fbd83e01fc12,A,1.0,False
A-2039,e79dc108-df33-43ad-b656-163ee7a165f1,post,492f7f09-2b94-42ae-8399-9fa1e180e296,A,1.0,False
A-2040,80312813-d466-496b-bc90-3f0ac0284986,post,494f3260-1069-4e97-9b83-b4afb3a0f12d,A,1.0,False
A-2041,088a5d02-32d9-4be2-af65-e60756b6c32d,post,4955c420-25cc-460b-b938-f2dbcbf488a7,A,2.0,False
A-2042,879d5f7a-bf1a-43e5-8f4a-4ebac71af461,comment,4955c420-25cc-460b-b938-f2dbcbf488a7,A,2.0,False
A-2043,a068fe25-3fe0-412d-82a4-ca22b75010f5,post,4959926a-3697-4fdc-a33a-6188f779c904,A,1.0,False
A-2044,1746226c-7c61-43a9-a5c2-18301f225f3d,post,495ac7b7-583d-4659-8471-0bbb67128442,A,3.0,False
A-2045,80541dad-67d2-4f75-ae32-7f79b120ac19,post,495ac7b7-583d-4659-8471-0bbb67128442,A,3.0,False
A-2046,c6514361-9d17-4454-9d3d-2b576b14e7ef,post,495ac7b7-583d-4659-8471-0bbb67128442,A,3.0,False
A-2047,14ee1b45-bc49-4079-8950-a8e1599150f5,post,4961d5c7-880d-4088-82c7-6599245eb5a2,A,1.0,False
A-2048,30f4871c-709f-42b2-ab3c-56dc1b8c04c0,comment,49683599-1c8d-46a0-9467-862475b692e2,A,2.0,False
A-2049,e0e185fc-9b8f-44d0-aefc-af10f03a3f98,post,49683599-1c8d-46a0-9467-862475b692e2,A,2.0,False
A-2050,7dbc9d1d-9c5d-4d39-b7a9-40873e908e92,post,49ad1efe-1687-4f6f-90b6-7c7b0d1b0c7e,A,3.0,False
A-2051,80d6fcbf-1f38-4cbe-91d7-65ec8014c9f7,post,49ad1efe-1687-4f6f-90b6-7c7b0d1b0c7e,A,3.0,False
A-2052,a10652f3-5273-4484-a01b-966d17c257d9,post,49ad1efe-1687-4f6f-90b6-7c7b0d1b0c7e,A,3.0,False
A-2053,8d688b64-10a0-405d-b061-9f09422da7ae,post,49c26ef7-6e5a-41c2-aa65-bd8bd4acd985,A,1.0,False
A-2054,b58779ec-e9fa-44bd-b2d7-98c98333afdc,comment,49ce5357-c37c-4dfe-a96b-4e3332ce9789,A,47.0,False
A-2055,a24ceff8-d4a2-4753-aaf6-b7a088c012d5,comment,49ce5357-c37c-4dfe-a96b-4e3332ce9789,A,47.0,False
A-2056,87011273-2827-4f93-971b-2f87d92ab64b,comment,49ce5357-c37c-4dfe-a96b-4e3332ce9789,A,47.0,False
A-2057,e1dcf8d9-ca08-4fd8-a3a6-ad4ac0e85abb,comment,49ce5357-c37c-4dfe-a96b-4e3332ce9789,A,47.0,False
A-2058,fcc728d3-e27c-43e8-9542-375725f4193e,post,49ce5357-c37c-4dfe-a96b-4e3332ce9789,A,47.0,False
A-2059,a4a394ad-6ac6-42a6-b0ff-b3b00f1f1772,comment,49ce5357-c37c-4dfe-a96b-4e3332ce9789,A,47.0,False
A-2060,263b862b-4f5a-4758-ab8a-f5e92ed81526,comment,49ce5357-c37c-4dfe-a96b-4e3332ce9789,A,47.0,False
A-2061,ef82050f-324b-43b3-b90a-413ac47b641f,comment,49ce5357-c37c-4dfe-a96b-4e3332ce9789,A,47.0,False
A-2062,0fabd79e-a1fb-43e8-8012-2459272e5f95,comment,49ce5357-c37c-4dfe-a96b-4e3332ce9789,A,47.0,False
A-2063,20052648-ac1c-4829-b97e-145f81d437f3,post,49ce5357-c37c-4dfe-a96b-4e3332ce9789,A,47.0,False
A-2064,00bdd34e-5a81-41da-9a83-01da6cfb04c2,post,49ce5357-c37c-4dfe-a96b-4e3332ce9789,A,47.0,False
A-2065,348c9daa-4b03-41a8-be77-7e80a1f7a872,comment,49ce5357-c37c-4dfe-a96b-4e3332ce9789,A,47.0,False
A-2066,44e15444-8449-47f9-8614-c5c03c5a41aa,comment,49ce5357-c37c-4dfe-a96b-4e3332ce9789,A,47.0,False
A-2067,693aba1f-8a19-4ccf-9945-6c2fdffb2b92,post,49ce5357-c37c-4dfe-a96b-4e3332ce9789,A,47.0,False
A-2068,8e8f5e89-4bcd-4c5c-99ab-73a1b2e47934,comment,49ce5357-c37c-4dfe-a96b-4e3332ce9789,A,47.0,False
A-2069,3c2fd484-b5f2-4522-8036-c0bfa328259c,post,49f2ba16-5591-47e1-9007-ed4c94552529,A,5.0,False
A-2070,60c38622-bbbc-4089-afef-fc409fb9c65b,post,49f2ba16-5591-47e1-9007-ed4c94552529,A,5.0,False
A-2071,64aeb16e-8107-41f6-ace2-08940e0dfde7,post,49f2ba16-5591-47e1-9007-ed4c94552529,A,5.0,False
A-2072,6c186854-a599-43ec-960d-b219677fb118,post,49f2ba16-5591-47e1-9007-ed4c94552529,A,5.0,False
A-2073,d003ea46-a221-4f2b-8241-b162d7ab8073,post,49f2ba16-5591-47e1-9007-ed4c94552529,A,5.0,False
A-2074,3726c70a-3e3b-49a1-ac9f-1ab89a5a2a82,post,49fe3e38-7053-4033-8524-e09676e93d69,A,1.0,False
A-2075,91dca71d-c790-4704-97f5-54df834c01ed,post,4a01912d-8502-47a8-9965-c2cc72a3c253,A,2.0,False
A-2076,d95afcca-4548-40dc-9be5-605dbffae334,post,4a01912d-8502-47a8-9965-c2cc72a3c253,A,2.0,False
A-2077,4e3a036b-02a6-44b3-8798-6ad15f3f6bf4,post,4a1f9bf5-5a84-4cd8-a755-34fef025dc40,A,2.0,False
A-2078,b02e1372-1466-4e0f-b4b6-009438f55a9a,post,4a1f9bf5-5a84-4cd8-a755-34fef025dc40,A,2.0,False
A-2079,022e8b72-9c18-4dff-a6ed-38e73871bc73,post,4a2c5337-e58c-419d-8ac7-9816b7eca34c,A,2.0,False
A-2080,0dd1f4bb-6cd9-4527-8a1d-0066ffb3ea12,post,4a2c5337-e58c-419d-8ac7-9816b7eca34c,A,2.0,False
A-2081,214c2bcc-27fd-4ba9-b3ac-12863ee01352,post,4a4fd244-79db-4103-ab50-e746e4486033,A,1.0,False
A-2082,230f6cec-c6c4-441d-8f8f-ff63c8863216,post,4a64482f-8c4f-414c-9fc6-afd6af5f9646,A,1.0,False
A-2083,31449fb7-a416-406b-a9f8-6968a43af273,post,4a905987-dafe-43ba-aa74-c90d764be888,A,2.0,False
A-2084,ee9bf342-9eb2-46e3-be9c-fa0c80489244,post,4a905987-dafe-43ba-aa74-c90d764be888,A,2.0,False
A-2085,6affe9e8-e424-4f33-8ced-a7421cd1b396,comment,4a9848fc-024c-40ea-87c3-91762c6f5af1,A,1.0,False
A-2086,0402f7e4-4259-4936-b402-6d414c7d27a9,post,4ad48d23-00a1-483b-9786-2e655eddec15,A,1.0,False
A-2087,717890cf-823d-4a0b-bc21-e9566451d27e,post,4af43918-3f7a-477c-8950-7fb7e9f7ab85,A,1.0,False
A-2088,4490306f-a08c-496e-9b74-f9abc7ec22a3,post,4b0d416b-b9b5-4f13-9c3a-caa0b945c770,A,4.0,False
A-2089,9b99b129-ae9f-4891-b7e5-e3a1334e1624,comment,4b0d416b-b9b5-4f13-9c3a-caa0b945c770,A,4.0,False
A-2090,b46715a4-cb34-4a72-aa83-40ab73d7f854,comment,4b0d416b-b9b5-4f13-9c3a-caa0b945c770,A,4.0,False
A-2091,c0c49ef4-2d0c-49be-896e-e0313fb087fa,post,4b0d416b-b9b5-4f13-9c3a-caa0b945c770,A,4.0,False
A-2092,3b10b956-8d5e-4064-95c8-bff666eee6c1,post,4b18d15d-2934-4b6b-9a91-d4dbb9fd7086,A,1.0,False
A-2093,f157d161-69b7-478b-a744-9e71ca74e4d2,post,4b31fdb7-715a-47a2-a0a1-4dbb0b567933,A,1.0,False
A-2094,7635350c-b679-42de-a9c5-e8e7cb32c2ae,post,4b4a29f4-9ba3-45a5-84d1-13e0586311ea,A,2.0,False
A-2095,82e8a435-eb7a-4b9a-8020-5e51ba4a492b,post,4b4a29f4-9ba3-45a5-84d1-13e0586311ea,A,2.0,False
A-2096,97be8080-ae47-4422-8ff3-76f3f4587141,comment,4b879529-2e93-4c66-8a20-a6d92df0da4b,A,1.0,False
A-2097,636d3610-dfd9-455c-a9fe-278957828a31,post,4b8aac12-b03f-491d-8e34-118d1916d356,A,1.0,False
A-2098,ac9e4ebd-4b51-4c49-ad24-6ea9ba60b3ef,post,4b9585ac-25ae-4d35-9546-6e3bf95807f8,A,1.0,False
A-2099,9b064009-3305-4030-a25c-cc09bd99395e,post,4ba2cdbf-479d-4511-a6bb-e107668fa80e,A,2.0,False
A-2100,d2b44c56-4325-4493-b67f-74c9aeece95e,post,4ba2cdbf-479d-4511-a6bb-e107668fa80e,A,2.0,False
A-2101,4b9d8b44-5c0e-4e89-8fad-6513d5135643,post,4ba7a2b3-2506-487b-a43f-a603f6ac9010,A,4.0,False
A-2102,7b708858-bb0a-478d-b7d4-237bd0226527,post,4ba7a2b3-2506-487b-a43f-a603f6ac9010,A,4.0,False
A-2103,964b12b3-5b65-4027-b0b5-3f6f682520ae,post,4ba7a2b3-2506-487b-a43f-a603f6ac9010,A,4.0,False
A-2104,af3288f3-e499-4878-a2cf-8aa315eb5c01,post,4ba7a2b3-2506-487b-a43f-a603f6ac9010,A,4.0,False
A-2105,bce7ea7e-33d8-4040-9ae5-344c7b3b8252,comment,4bc2fee4-1070-4efa-9a46-7e54e9670479,A,1.0,False
A-2106,b4c47d4b-7fe7-409b-a14c-d0d1e6ac5ff2,post,4bc50bcb-f88b-4eef-a1ee-c606896347c4,A,1.0,False
A-2107,0c5943ca-37f4-4b18-be97-6c02fcf27594,post,4c0f3dd3-c0e3-4611-b49f-6ccea3b9251c,A,1.0,False
A-2108,c675f89d-0c4b-45e6-a5a0-9c38eda258f2,comment,4c0fba1b-dcb4-401b-b9a3-7c95510f0488,A,1.0,False
A-2109,6d8b9c93-4a8d-40c8-ad78-13fa0df5f11f,comment,4c15daeb-4caa-409d-a4c2-c7cc455374c5,A,1.0,False
A-2110,d43b6cdf-5f35-4fbb-ae3d-c640cc11edd3,post,4c1f1746-0877-4a77-899b-94c0f8a95274,A,1.0,False
A-2111,835550dc-e493-45f3-9e45-6d21f790e686,post,4c52f823-9d93-40fc-b4e8-6f3b37301e3e,A,1.0,False
A-2112,27ca061d-d1f3-4731-91d5-5a40c1ea4260,post,4c54b18c-0e85-4b43-ba7e-21c1a4fb1eb2,A,4.0,False
A-2113,7b738416-4b80-4693-a576-84583984bf3e,post,4c54b18c-0e85-4b43-ba7e-21c1a4fb1eb2,A,4.0,True
A-2114,86d5057d-ee82-4dac-8d3d-e1ea023fd3b8,comment,4c54b18c-0e85-4b43-ba7e-21c1a4fb1eb2,A,4.0,False
A-2115,fcdb508d-3c2b-4d10-bb73-525fa2096612,post,4c54b18c-0e85-4b43-ba7e-21c1a4fb1eb2,A,4.0,False
A-2116,0f50e72d-fe01-4144-8f06-de5463a4f3ac,post,4c78b1f9-53d3-4c0a-a85f-015517954c8e,A,5.0,False
A-2117,2731358a-59f4-416b-a116-78551a727295,post,4c78b1f9-53d3-4c0a-a85f-015517954c8e,A,5.0,False
A-2118,71830c30-45a3-4df9-9023-39e4a0d32e21,post,4c78b1f9-53d3-4c0a-a85f-015517954c8e,A,5.0,False
A-2119,869a8a32-6d76-4a24-9706-00247c99868f,comment,4c78b1f9-53d3-4c0a-a85f-015517954c8e,A,5.0,False
A-2120,dabb00a2-12ef-44d2-950e-e7ead45109d8,comment,4c78b1f9-53d3-4c0a-a85f-015517954c8e,A,5.0,False
A-2121,712aa270-e527-40c0-8604-712893743466,post,4c979713-febf-4ed6-a939-3982b1f29c6e,A,2.0,False
A-2122,ec3046a4-3397-44a4-ad26-d25bb160aac0,post,4c979713-febf-4ed6-a939-3982b1f29c6e,A,2.0,False
A-2123,4c540f1c-ba8e-411c-910b-15c03663bca6,post,4ca138e5-5184-4579-a9b9-4febcb60ab9c,A,1.0,False
A-2124,23f50a64-0f81-465d-987b-4ed111226348,post,4ca7f88f-d0be-43cd-afc5-0ed5ac0b4a7b,A,1.0,False
A-2125,ece96596-7ed7-4c2f-a188-14b664a09db8,post,4cb7220f-377c-4bd0-9bc0-90eb8c89a110,A,1.0,False
A-2126,41b999cf-4542-46b6-bf8a-8a47411a6824,comment,4cc1efc0-c05a-4a9f-a923-4f67eabd22e9,A,2.0,False
A-2127,f0b81a8b-edad-48dd-a621-9dd4019a8a67,comment,4cc1efc0-c05a-4a9f-a923-4f67eabd22e9,A,2.0,False
A-2128,1c61ac4d-0420-46f5-b969-921995c3b440,comment,4ccc3aae-e805-4729-934a-2b6097fc6a68,A,2.0,False
A-2129,73da666c-4abd-4b3c-a9fc-31ff70bb7153,comment,4ccc3aae-e805-4729-934a-2b6097fc6a68,A,2.0,False
A-2130,199ce713-a213-4207-9fa4-3cf7c1e9d319,post,4cd661cb-9142-4f0e-b997-5b2f5b30ed7b,A,12.0,False
A-2131,1ccf0192-260b-49a2-9d53-9a272c457945,comment,4cd661cb-9142-4f0e-b997-5b2f5b30ed7b,A,12.0,False
A-2132,26e0d09d-1cd8-4e53-a66c-1c2b625c9529,comment,4cd661cb-9142-4f0e-b997-5b2f5b30ed7b,A,12.0,False
A-2133,38bbb440-de19-4fa3-9f43-ad3d7d9326d8,comment,4cd661cb-9142-4f0e-b997-5b2f5b30ed7b,A,12.0,False
A-2134,8025d123-37f0-4884-a9c4-c547022a86e3,post,4cd661cb-9142-4f0e-b997-5b2f5b30ed7b,A,12.0,False
A-2135,8ea4e09c-c264-4e68-81b7-9263a356c29f,comment,4cd661cb-9142-4f0e-b997-5b2f5b30ed7b,A,12.0,False
A-2136,9ea2db3f-6b7d-446c-867d-47657f261581,comment,4cd661cb-9142-4f0e-b997-5b2f5b30ed7b,A,12.0,False
A-2137,c6b1d686-a9ec-4e0d-b9b7-1cbd52152202,comment,4cd661cb-9142-4f0e-b997-5b2f5b30ed7b,A,12.0,False
A-2138,ca8adb87-fa78-4d6d-a854-45e50053ad30,post,4cd661cb-9142-4f0e-b997-5b2f5b30ed7b,A,12.0,False
A-2139,d808cbc0-685a-4ac9-a527-2507f8eef2ff,post,4cd661cb-9142-4f0e-b997-5b2f5b30ed7b,A,12.0,False
A-2140,f61215c0-3458-43ab-8354-b3f5f433b265,comment,4cd661cb-9142-4f0e-b997-5b2f5b30ed7b,A,12.0,False
A-2141,fc63f811-4b45-4f58-9b60-f3b5766e75d0,post,4cd661cb-9142-4f0e-b997-5b2f5b30ed7b,A,12.0,False
A-2142,eff8d5d1-9e91-44a4-b67f-4a9fe9d3e352,post,4d1688ab-7188-4964-91c8-7a9fc32c19db,A,1.0,False
A-2143,34a04cca-d0ff-4e25-96b5-39835e9121cf,comment,4d31b5b1-0ece-4674-8e21-109703521d4e,A,5.0,False
A-2144,5f9b9179-dc34-4755-8744-2206a22b8fcf,comment,4d31b5b1-0ece-4674-8e21-109703521d4e,A,5.0,False
A-2145,82dd809f-d540-4e5c-98ba-10e4e4937602,post,4d31b5b1-0ece-4674-8e21-109703521d4e,A,5.0,False
A-2146,b3967f46-33e9-4061-adeb-1fa50dd1708b,post,4d31b5b1-0ece-4674-8e21-109703521d4e,A,5.0,False
A-2147,cc986e06-8965-449c-8a84-0ba506f116dc,post,4d31b5b1-0ece-4674-8e21-109703521d4e,A,5.0,False
A-2148,a0e3dfba-74ca-4b3e-b82d-9e316edf4202,post,4d3fc651-8b90-48f1-b94b-d605be0090ad,A,1.0,False
A-2149,2711b1b2-88c9-4cf6-a51e-46508171aeaf,post,4d60c1e3-1dca-46b4-9650-93c3043b7259,A,1.0,False
A-2150,5b2eac5d-f4e4-4d7c-a890-c340030c1064,post,4d734ba3-f39e-4705-9acf-b701f36b803d,A,1.0,False
A-2151,3c05cee0-28ae-4b90-8915-a986c842583e,post,4d8b0d43-efc8-4f17-b4e1-f2a930b6d98b,A,3.0,False
A-2152,568c6d0a-740b-401d-a9aa-4d3d20ed2a60,post,4d8b0d43-efc8-4f17-b4e1-f2a930b6d98b,A,3.0,False
A-2153,bee7df14-a990-483c-9d00-b974b056523d,post,4d8b0d43-efc8-4f17-b4e1-f2a930b6d98b,A,3.0,False
A-2154,20efd3aa-93c4-4132-954e-0d51530bac79,post,4da68ef4-fad2-40f5-ac1c-b96a888fd0a9,A,4.0,False
A-2155,39b23117-39b1-4bb7-9c7e-06f8d0097168,comment,4da68ef4-fad2-40f5-ac1c-b96a888fd0a9,A,4.0,False
A-2156,75e23b2e-6453-429f-bc9e-fd321f2271a8,post,4da68ef4-fad2-40f5-ac1c-b96a888fd0a9,A,4.0,False
A-2157,fb2c11cc-358e-4415-9d5d-7380b8b4848c,comment,4da68ef4-fad2-40f5-ac1c-b96a888fd0a9,A,4.0,False
A-2158,5fd492e2-9a5b-4a2c-b67d-d2c69bb9f76d,post,4db8c56e-90b6-4d19-af10-e185ca6f613c,A,1.0,False
A-2159,f7f5bce2-7b88-4eef-89f1-5b7a22c09e58,post,4dc11547-b4f2-4076-a4d7-8c0b5facbf92,A,1.0,False
A-2160,d1b3a13b-31b8-4588-8708-418106448b11,post,4dd3c400-24e8-4561-a3e5-d2d68f5d9891,A,1.0,False
A-2161,f3cbff3a-fc07-4732-891b-2fa4b1e11a74,post,4de72d91-db41-4fe9-94d4-9d2ba52bbb25,A,1.0,False
A-2162,a10b6c20-fd44-4e95-a8c8-1ef412862816,post,4de9e45d-19ff-46f6-a974-071bebda8680,A,1.0,False
A-2163,5133e98d-7498-40de-a835-5c0726bff517,comment,4df05306-38b4-4893-a21a-6a05fe07a350,A,2.0,False
A-2164,5d50781c-92d9-4f3e-83e9-c2f7d1ffb3a0,post,4df05306-38b4-4893-a21a-6a05fe07a350,A,2.0,False
A-2165,f0d07a22-0e16-4b7f-aadf-4eddd29d8757,comment,4e076b44-dd51-410d-b8cb-1e551178d55b,A,1.0,False
A-2166,322e408a-ea52-407d-8438-777d2bec3750,post,4e708cf6-c8d6-49dd-a430-b82496b2c624,A,4.0,False
A-2167,56a5e853-91dd-424f-a8c4-56935c851d64,post,4e708cf6-c8d6-49dd-a430-b82496b2c624,A,4.0,False
A-2168,5707e177-cc2d-4d96-923c-a924fa35e4a4,comment,4e708cf6-c8d6-49dd-a430-b82496b2c624,A,4.0,False
A-2169,59b1fcfc-1841-4019-8fd4-f1c16f9b472f,post,4e708cf6-c8d6-49dd-a430-b82496b2c624,A,4.0,False
A-2170,086e6e7d-e6ac-4694-b732-3b8925bd118b,comment,4e80636b-85e6-41a8-b527-40b1892e80cb,A,3.0,False
A-2171,124ff294-d97d-4e30-93f7-0eb621f9a9ec,comment,4e80636b-85e6-41a8-b527-40b1892e80cb,A,3.0,False
A-2172,c0f5236f-04e9-434b-905e-7a8254b69506,post,4e80636b-85e6-41a8-b527-40b1892e80cb,A,3.0,False
A-2173,18c5c78c-d126-4d1b-af45-db4a259adb96,post,4ea5f997-cbbe-4fb8-b7fd-711133d448c3,A,2.0,False
A-2174,c5f5ff57-68ac-4451-ba65-955d1e3e6c09,post,4ea5f997-cbbe-4fb8-b7fd-711133d448c3,A,2.0,False
A-2175,95ca4842-e01c-452d-8e23-1ac2b2e2be3d,comment,4ea92cee-e143-43ff-a4f9-8f6a25bb2208,A,2.0,False
A-2176,cec69777-b88e-400e-952e-fcee0a48827f,post,4ea92cee-e143-43ff-a4f9-8f6a25bb2208,A,2.0,False
A-2177,0ee0bd3e-b27d-461a-b2c8-514526360bf5,comment,4ec17684-10b7-47a3-8132-d35d152708bd,A,41.0,False
A-2178,8b8b5793-4e49-4d68-b190-00a1b333f3d8,comment,4ec17684-10b7-47a3-8132-d35d152708bd,A,41.0,False
A-2179,ce42a281-846f-499c-8d60-c64332de7390,post,4ec17684-10b7-47a3-8132-d35d152708bd,A,41.0,False
A-2180,e80834a9-a291-4f3d-afc2-545c1228e1f0,post,4ec17684-10b7-47a3-8132-d35d152708bd,A,41.0,False
A-2181,c3d37139-73a4-46dd-9b69-72f7e0900d8c,comment,4ec17684-10b7-47a3-8132-d35d152708bd,A,41.0,False
A-2182,cf957200-2b7b-4781-9867-00117873b427,comment,4ec17684-10b7-47a3-8132-d35d152708bd,A,41.0,False
A-2183,778bc923-6518-4f2f-805a-384b0dc1b39d,comment,4ec17684-10b7-47a3-8132-d35d152708bd,A,41.0,False
A-2184,4b8d3a7b-fc08-4473-a46d-f259110c9655,comment,4ec17684-10b7-47a3-8132-d35d152708bd,A,41.0,False
A-2185,01b1c4b3-b332-46d7-88d0-ec0791b079b8,post,4ec17684-10b7-47a3-8132-d35d152708bd,A,41.0,False
A-2186,fd144c82-0376-4cf3-b402-fb1d8b65b3d6,comment,4ec17684-10b7-47a3-8132-d35d152708bd,A,41.0,False
A-2187,3ef18f8f-589c-4bdc-9514-69171f7ef0df,comment,4ec17684-10b7-47a3-8132-d35d152708bd,A,41.0,False
A-2188,bb6cb689-d69c-43a5-93de-20303f83a58b,post,4ec17684-10b7-47a3-8132-d35d152708bd,A,41.0,False
A-2189,0bdbc9e5-664c-406a-921a-953b0355be07,comment,4ec17684-10b7-47a3-8132-d35d152708bd,A,41.0,False
A-2190,985ec810-29ff-40f4-a395-2f3dd5e59440,comment,4ec17684-10b7-47a3-8132-d35d152708bd,A,41.0,False
A-2191,5e5d75ef-81ed-43d6-8247-b91805fc25dd,comment,4ec17684-10b7-47a3-8132-d35d152708bd,A,41.0,False
A-2192,35a9eb8b-4641-429d-842b-e19cdd6c3026,post,4ecc5bd0-998e-4baf-a06b-aa8ea36d2fcf,A,1.0,False
A-2193,e3ddfa72-2ba8-4a9e-871c-f2dac8cc7dac,post,4ed6b6f2-5379-4d27-a135-ee6e91193e61,A,1.0,False
A-2194,d2949ca4-a14e-4ac2-beea-706ac5d81869,comment,4ed9411e-1d37-4527-a9dc-a781a9c9bc37,A,1.0,False
A-2195,17ff9dce-7476-4f4e-afdc-6045272139c1,comment,4ee0e944-d831-4732-a0e4-e590daf8c2bf,A,2.0,False
A-2196,9389185e-f8ed-4371-8b01-0ebb82c8ea9d,post,4ee0e944-d831-4732-a0e4-e590daf8c2bf,A,2.0,False
A-2197,969b755f-2fa0-49ed-b8ed-90093006ebb1,post,4ee228c3-245b-4d3f-8ac5-b58f33aef96a,A,1.0,False
A-2198,6b6a7693-274d-4fdb-8630-14f24ae5191f,comment,4eef615f-0756-47da-9371-553a5cbce653,A,2.0,False
A-2199,7230cad5-6265-4270-8851-c5b563e243d1,post,4eef615f-0756-47da-9371-553a5cbce653,A,2.0,False
A-2200,603cc19b-ded9-4650-b705-f36110655e93,post,4ef04554-4bc8-4010-88d3-b3c193d85e9f,A,1.0,False
A-2201,57cea25a-0fc0-4c34-8ce2-ecccd9cd5fea,post,4ef77d7d-1253-467d-8862-cc3365c1cbfa,A,16.0,False
A-2202,b0ffa567-a68d-471d-8f13-2bbb01a9dd51,post,4ef77d7d-1253-467d-8862-cc3365c1cbfa,A,16.0,False
A-2203,bc8da531-c96b-4131-950b-a1b591ab3fd6,post,4ef77d7d-1253-467d-8862-cc3365c1cbfa,A,16.0,False
A-2204,a7c8fed6-850f-4a52-ba51-74a90c0873c2,post,4ef77d7d-1253-467d-8862-cc3365c1cbfa,A,16.0,False
A-2205,f89c48f2-6123-47d4-bab1-454c13d34093,post,4ef77d7d-1253-467d-8862-cc3365c1cbfa,A,16.0,False
A-2206,81704b0a-a171-40f3-a657-b2b2c8f56363,post,4ef77d7d-1253-467d-8862-cc3365c1cbfa,A,16.0,False
A-2207,45f3cbfb-ca55-45ea-97ac-1d88331c8e7f,post,4ef77d7d-1253-467d-8862-cc3365c1cbfa,A,16.0,False
A-2208,4dcc1af9-7003-4843-a745-34c17da63d31,post,4ef77d7d-1253-467d-8862-cc3365c1cbfa,A,16.0,False
A-2209,aa09e70b-2af8-49b3-a805-e3d2d2cb243a,post,4ef77d7d-1253-467d-8862-cc3365c1cbfa,A,16.0,False
A-2210,4b8325c6-09df-4be4-a029-e7f4bda4646e,post,4ef77d7d-1253-467d-8862-cc3365c1cbfa,A,16.0,False
A-2211,fcf391a8-140b-42c2-9d39-81ca5555d797,post,4ef77d7d-1253-467d-8862-cc3365c1cbfa,A,16.0,False
A-2212,60d16b53-7826-4a09-bac8-8959b08be8ee,comment,4ef77d7d-1253-467d-8862-cc3365c1cbfa,A,16.0,False
A-2213,b5abde32-f457-446c-a997-9903986138a2,post,4ef77d7d-1253-467d-8862-cc3365c1cbfa,A,16.0,False
A-2214,7592e2e9-64ba-4fd5-82ab-d20d2625ad5e,post,4ef77d7d-1253-467d-8862-cc3365c1cbfa,A,16.0,False
A-2215,ffdbf1b6-7b32-435b-ab94-1062e4b84a99,post,4ef77d7d-1253-467d-8862-cc3365c1cbfa,A,16.0,False
A-2216,24225335-6f89-49d3-a3a1-4a6e0962565a,post,4eff51a6-52e9-48e1-b389-23ca3e1b0a98,A,8.0,False
A-2217,5c3679ba-4ec7-4082-88ac-93ea7aeb39e4,post,4eff51a6-52e9-48e1-b389-23ca3e1b0a98,A,8.0,False
A-2218,75bc54fc-91fa-4a97-8752-409b219dfba5,comment,4eff51a6-52e9-48e1-b389-23ca3e1b0a98,A,8.0,False
A-2219,9944c427-c865-47a1-baa3-903ce45721aa,post,4eff51a6-52e9-48e1-b389-23ca3e1b0a98,A,8.0,False
A-2220,c1aa5a85-d81c-4c7b-8ea1-234f1d34c78e,post,4eff51a6-52e9-48e1-b389-23ca3e1b0a98,A,8.0,False
A-2221,d31b24ad-6fa4-475d-ab49-8d3302214a40,post,4eff51a6-52e9-48e1-b389-23ca3e1b0a98,A,8.0,False
A-2222,ebe33821-9d82-40c8-93b1-220471052be5,post,4eff51a6-52e9-48e1-b389-23ca3e1b0a98,A,8.0,False
A-2223,f3f32eed-d402-40a2-b5dd-1090a062d800,comment,4eff51a6-52e9-48e1-b389-23ca3e1b0a98,A,8.0,False
A-2224,b7f6ea30-324d-4fa7-96da-edbffbe37a70,post,4f0bba75-05cc-4364-bdd8-d1e45f3953b1,A,2.0,False
A-2225,eef1cb32-9738-4963-a383-a1851dab0f12,post,4f0bba75-05cc-4364-bdd8-d1e45f3953b1,A,2.0,False
A-2226,5f87b1b3-9cea-406b-ab8d-2b0e3a31f417,post,4f2f5a12-596e-44e4-a867-0b43f3ef9b4a,A,1.0,False
A-2227,0f9c34a8-614f-4831-a98b-d8eb79eb18cf,comment,4f67a1d9-84c8-491e-818f-b4c0e1fbedb8,A,4.0,False
A-2228,288be844-0de9-4472-8a5f-c219aca9ec0e,post,4f67a1d9-84c8-491e-818f-b4c0e1fbedb8,A,4.0,False
A-2229,6811a423-ebb0-423c-b8cf-9e5ec03bf17b,post,4f67a1d9-84c8-491e-818f-b4c0e1fbedb8,A,4.0,False
A-2230,d50c8be3-28f1-4de4-ba1e-fea88c76ec02,post,4f67a1d9-84c8-491e-818f-b4c0e1fbedb8,A,4.0,False
A-2231,23e0932a-5df7-4887-b6a0-c1324bc0b663,post,4f80dac7-756a-45d1-a578-4816fe0afeb9,A,1.0,False
A-2232,11a418e6-92f7-40ce-bb1a-b494b89ef02f,post,4f9bdc2d-3017-48b7-80a7-d75480c168e2,A,1.0,False
A-2233,5e5b3901-875b-4df1-8701-8ab67695057c,post,4fa37166-f24f-4387-9c79-39b10992e968,A,1.0,False
A-2234,99058cd0-3854-4fbe-872f-7cc8c9ad80c9,comment,4fdf23d7-9978-418e-925d-e2ce08726599,A,1.0,False
A-2235,6e16ad68-e2b8-4e81-a4fc-f50888a8117b,post,4fe4710d-40cb-4b2a-a637-678b21032dbe,A,1.0,False
A-2236,bbb1bd07-a85c-44f0-b48c-5060be34b493,comment,4fe85e44-97d9-4fb3-bfd4-79f5113287c6,A,1.0,False
A-2237,42219da7-d8ac-4492-b0f7-8686845b27f3,post,4ff2db8d-293e-48ee-8498-57c9c357a543,A,1.0,False
A-2238,ed580350-cc49-4e71-94f6-f3094c5bd7f7,comment,50018ef4-cabb-48b3-98c3-c6926997d5a8,A,29.0,False
A-2239,a9e688a2-0e4d-49b4-8e28-6044aa88844d,post,50018ef4-cabb-48b3-98c3-c6926997d5a8,A,29.0,False
A-2240,98ec37c7-b613-4360-87c9-abe811171a05,comment,50018ef4-cabb-48b3-98c3-c6926997d5a8,A,29.0,False
A-2241,7d24cffb-6504-4953-82ff-dc79b2b1d993,comment,50018ef4-cabb-48b3-98c3-c6926997d5a8,A,29.0,False
A-2242,46e93503-8199-4d2c-b0f8-eb096ba592aa,comment,50018ef4-cabb-48b3-98c3-c6926997d5a8,A,29.0,False
A-2243,9f438419-1e34-4542-ad1b-d4df41c00482,comment,50018ef4-cabb-48b3-98c3-c6926997d5a8,A,29.0,False
A-2244,0658ce79-5dcb-43a0-8b1e-a04dd1e3bc86,comment,50018ef4-cabb-48b3-98c3-c6926997d5a8,A,29.0,False
A-2245,d579e39c-36cf-455f-b5e3-3960c139b39d,comment,50018ef4-cabb-48b3-98c3-c6926997d5a8,A,29.0,False
A-2246,369ad1e6-3145-4088-949f-936ae3982a57,comment,50018ef4-cabb-48b3-98c3-c6926997d5a8,A,29.0,False
A-2247,7caa2131-a716-420f-ab1a-66cde011a4c5,comment,50018ef4-cabb-48b3-98c3-c6926997d5a8,A,29.0,False
A-2248,03685e81-7dde-4968-8fa1-092a92779751,post,50018ef4-cabb-48b3-98c3-c6926997d5a8,A,29.0,False
A-2249,61658872-41cd-466a-af90-a4b2eff67075,post,50018ef4-cabb-48b3-98c3-c6926997d5a8,A,29.0,False
A-2250,4c9984e5-761d-4cfd-b21e-eb8a9ff1ed16,comment,50018ef4-cabb-48b3-98c3-c6926997d5a8,A,29.0,False
A-2251,45c2fbad-7822-4091-9be5-d50939c0b393,post,50018ef4-cabb-48b3-98c3-c6926997d5a8,A,29.0,False
A-2252,12498e25-5c62-4b57-9cb1-ad8db328d3e3,comment,50018ef4-cabb-48b3-98c3-c6926997d5a8,A,29.0,False
A-2253,0da18ba3-5ea4-4d6f-991c-e42ac612ad05,post,50133cf8-dcfd-44a4-b3c9-7d7757783013,A,1.0,False
A-2254,97883654-c2bc-4e82-9d80-19b0e7956b5b,post,502cbc41-1935-4971-8721-ca12bc49d0e6,A,3.0,False
A-2255,cf9e59a9-311b-4c66-b699-95d668cee5fd,comment,502cbc41-1935-4971-8721-ca12bc49d0e6,A,3.0,False
A-2256,da898e6d-25c3-4940-bc55-da3642d0d595,comment,502cbc41-1935-4971-8721-ca12bc49d0e6,A,3.0,False
A-2257,d4284461-99d1-42a7-844a-a27b7409d68b,post,506d89c1-62ed-49c1-b732-f59442ed0131,A,1.0,False
A-2258,caf6851b-c357-4b4a-b05e-1920446f619e,post,507de70f-7760-4ae2-835f-b96a3b0b9907,A,1.0,False
A-2259,af8db1c1-1b16-42bf-94a9-6154b001e10f,post,508fc2ac-e3a8-4ee4-9aae-50950f700222,A,2.0,False
A-2260,dd1504fe-d578-48b6-ab6e-96edbb0218a0,post,508fc2ac-e3a8-4ee4-9aae-50950f700222,A,2.0,False
A-2261,934afbb9-4c9b-4700-a42c-c8b135d8ef3a,post,509e014a-1804-4233-99e4-0c8e9741762d,A,3.0,False
A-2262,a0032b12-ce66-4f25-a574-3e9c0016a6a4,comment,509e014a-1804-4233-99e4-0c8e9741762d,A,3.0,False
A-2263,b2e2d53f-84c9-4694-b751-9b82426cb88a,comment,509e014a-1804-4233-99e4-0c8e9741762d,A,3.0,False
A-2264,87946af6-be80-4297-b612-eb5ce2ed66c4,post,50b6842d-276f-4c9f-9984-36c984550fe8,A,1.0,False
A-2265,29891443-0f02-4098-aad6-a48acead767b,comment,50db0666-e8a3-4106-8d68-749e1419f1da,A,3.0,False
A-2266,c967b55d-9fda-4267-b917-aecc9390bd82,comment,50db0666-e8a3-4106-8d68-749e1419f1da,A,3.0,False
A-2267,ee896a51-6f48-40e6-8438-c005b1ad3495,comment,50db0666-e8a3-4106-8d68-749e1419f1da,A,3.0,False
A-2268,f9f8dbe9-4c02-4744-b90f-532e12eedb79,post,511acc1b-4070-4ff3-b059-8659c253ce32,A,2.0,False
A-2269,fb3d47b4-4ed8-4a88-acd4-581ac669d8d6,post,511acc1b-4070-4ff3-b059-8659c253ce32,A,2.0,False
A-2270,0e912909-95ca-4b72-b858-0a87b0d529e2,post,512fb610-da97-40c2-91c5-db4b55beb0f2,A,1.0,False
A-2271,afea8e38-15e6-4986-99b4-c90482785edb,post,51443a4e-d122-4ec1-97e1-4c9815e6adb7,A,1.0,False
A-2272,0cf63d41-6e36-485a-8ab0-a910e9ba05af,post,517439cd-b3b7-442e-bbce-f26d23e0dfa9,A,1.0,False
A-2273,578bf53b-b453-4db7-b7db-59cafc0232e3,comment,51a6bf5b-840b-4a00-af46-b194b1207b65,A,3.0,False
A-2274,8060403a-6c63-4e25-8b46-429c433daca3,comment,51a6bf5b-840b-4a00-af46-b194b1207b65,A,3.0,False
A-2275,8740fb0d-7de2-4f35-b143-749791bd1c23,post,51a6bf5b-840b-4a00-af46-b194b1207b65,A,3.0,False
A-2276,884d5781-c4e0-45e2-ab31-71b6aa6e8ff8,comment,51c01481-1187-4e1e-aeb2-7d9316ce3aa4,A,2.0,False
A-2277,df679316-fab6-4a0a-b77a-5f0f922226ca,comment,51c01481-1187-4e1e-aeb2-7d9316ce3aa4,A,2.0,False
A-2278,bb22ab6f-878e-4280-8908-ac27cc13e38b,post,51cd5cf6-5ec9-4a3f-a05c-8b1b2e4c9e2b,A,1.0,False
A-2279,5b09e6bf-4b9b-4298-8083-ef801baac53b,comment,51f7babd-368b-4309-b5de-b60a46a40aa3,A,2.0,False
A-2280,b1c05b9e-4607-46f0-b632-c01cf070a9ca,post,51f7babd-368b-4309-b5de-b60a46a40aa3,A,2.0,False
A-2281,39c0e26d-0975-45a7-bf0a-253019c3db91,post,522db3e0-376b-4343-9a1e-c7a7e90fdb85,A,1.0,False
A-2282,5c4da776-7d97-45a1-85a3-f00ed935cf2f,post,5234904e-0eef-483c-8f73-36163e8f1369,A,2.0,False
A-2283,72599b3c-2471-42c5-859c-b66d8be57a63,comment,5234904e-0eef-483c-8f73-36163e8f1369,A,2.0,False
A-2284,5b1e3f2f-2fa7-4dfe-a052-5f6b6f6e6d95,comment,523a94cf-8216-413e-ac69-dd3e9e85a162,A,1.0,False
A-2285,1a67256e-827f-4bb1-9385-fb76cd361d27,comment,524a363d-d354-404d-b4e4-234cb7ca1bbe,A,4.0,False
A-2286,715f8594-cb57-4775-a5aa-e3057f9b947d,post,524a363d-d354-404d-b4e4-234cb7ca1bbe,A,4.0,False
A-2287,ac97e498-1cd2-4a86-86fc-0802ebdbce91,post,524a363d-d354-404d-b4e4-234cb7ca1bbe,A,4.0,False
A-2288,f5f70cf2-b7e4-40f2-b961-88561ced3c6b,comment,524a363d-d354-404d-b4e4-234cb7ca1bbe,A,4.0,False
A-2289,adcaac6a-19d3-4b41-8dc4-f46b29ba6ab3,post,524e5e14-2ff4-4e8d-a057-4b6ac9c49c17,A,1.0,False
A-2290,24498225-47c7-4d7a-8171-dd7e75145cfc,post,524f0d9c-494b-4a9c-8cf6-5a3245518e44,A,2.0,False
A-2291,9d9086ec-d17d-4233-b351-436147d69a7d,post,524f0d9c-494b-4a9c-8cf6-5a3245518e44,A,2.0,False
A-2292,3d53ec2b-3684-46d7-9d3e-2e69c7e11598,post,525bf671-980d-4932-a18e-5f4f11324736,A,29.0,False
A-2293,30722ff3-f587-4be4-b5ed-fa946515b153,comment,525bf671-980d-4932-a18e-5f4f11324736,A,29.0,False
A-2294,3e53493f-5327-427e-a2ae-51c3597552c3,post,525bf671-980d-4932-a18e-5f4f11324736,A,29.0,False
A-2295,b8fcc5d1-b320-4dee-ac5f-ca47853a545d,post,525bf671-980d-4932-a18e-5f4f11324736,A,29.0,False
A-2296,be712a19-1a6b-4437-83c2-6f772bd5e588,post,525bf671-980d-4932-a18e-5f4f11324736,A,29.0,False
A-2297,d096473b-f642-401d-b1dc-9589a00fc661,post,525bf671-980d-4932-a18e-5f4f11324736,A,29.0,False
A-2298,6a2b0c01-b7bd-4de8-b3f0-406f6f83b56d,comment,525bf671-980d-4932-a18e-5f4f11324736,A,29.0,False
A-2299,73e5643d-5a51-4b5b-b842-b5b4574635ce,post,525bf671-980d-4932-a18e-5f4f11324736,A,29.0,False
A-2300,008cda46-ffc8-4bf3-82ac-8902fa6667dd,post,525bf671-980d-4932-a18e-5f4f11324736,A,29.0,False
A-2301,7f1e4a80-7ebc-48eb-b578-56528eeb0700,post,525bf671-980d-4932-a18e-5f4f11324736,A,29.0,False
A-2302,4234fe05-be10-4248-b5bf-9d3a047f63bf,post,525bf671-980d-4932-a18e-5f4f11324736,A,29.0,False
A-2303,daa29b55-471f-46cd-921c-10495c8c7042,comment,525bf671-980d-4932-a18e-5f4f11324736,A,29.0,False
A-2304,9fd48ed3-4353-4ab7-802d-cef88682d8dd,post,525bf671-980d-4932-a18e-5f4f11324736,A,29.0,False
A-2305,3fd32787-545b-4fa3-bcd2-79e8ee6075ff,post,525bf671-980d-4932-a18e-5f4f11324736,A,29.0,False
A-2306,5d92a51f-ff62-46b4-a1ff-411fd9cf71c4,post,525bf671-980d-4932-a18e-5f4f11324736,A,29.0,False
A-2307,a4a9b320-c52a-4255-9521-2d725b82827e,post,52655432-0cb2-47f6-bae9-167c7c0d2494,A,2.0,False
A-2308,ccedd88d-7c10-4676-8251-ea7d1d83bc81,post,52655432-0cb2-47f6-bae9-167c7c0d2494,A,2.0,False
A-2309,5ccba9ed-dbfa-48f8-ad5a-89e530827f7a,comment,526e73b7-9b13-4d52-9c19-b9341607a313,A,2.0,False
A-2310,aed4079a-f1e9-4b65-b9fe-8ca2a1a7fad1,post,526e73b7-9b13-4d52-9c19-b9341607a313,A,2.0,False
A-2311,32c52269-4c67-4194-91d6-8171e60fd98a,post,526ffdd4-be2c-4057-aa4b-7c4fbc8483a5,A,1.0,False
A-2312,1f0fe19d-a2c8-4b00-92a5-b6388571d9af,comment,5287590d-9369-49c3-8eee-7cdd34bd1c6a,A,14.0,False
A-2313,3bf67626-74aa-4d7e-82b0-11bb532b26cf,post,5287590d-9369-49c3-8eee-7cdd34bd1c6a,A,14.0,False
A-2314,4677948c-68a7-4600-888e-3a7ae8e0090b,post,5287590d-9369-49c3-8eee-7cdd34bd1c6a,A,14.0,False
A-2315,47ca6ba6-f4fb-4134-9cde-8dfc228b5ad8,post,5287590d-9369-49c3-8eee-7cdd34bd1c6a,A,14.0,False
A-2316,644231a6-015b-4fef-a2bd-2aeb6a1a20b3,post,5287590d-9369-49c3-8eee-7cdd34bd1c6a,A,14.0,False
A-2317,8e42548a-f4e1-433c-99ce-6f95365ad771,post,5287590d-9369-49c3-8eee-7cdd34bd1c6a,A,14.0,False
A-2318,8f4df0fd-affa-4c8e-8456-d1659f1f82dc,comment,5287590d-9369-49c3-8eee-7cdd34bd1c6a,A,14.0,False
A-2319,a35469f4-8ce9-44ba-8a9d-9cbcd2ccce8b,comment,5287590d-9369-49c3-8eee-7cdd34bd1c6a,A,14.0,False
A-2320,aa8581b7-776a-4947-9782-bc7568029991,post,5287590d-9369-49c3-8eee-7cdd34bd1c6a,A,14.0,False
A-2321,c889735c-ea86-452c-a916-008a93952e6c,comment,5287590d-9369-49c3-8eee-7cdd34bd1c6a,A,14.0,False
A-2322,dfc06ff6-24c4-4d24-bd45-a21172edca8a,post,5287590d-9369-49c3-8eee-7cdd34bd1c6a,A,14.0,False
A-2323,f33ee582-39ae-4918-b906-e74a911e7cc4,comment,5287590d-9369-49c3-8eee-7cdd34bd1c6a,A,14.0,False
A-2324,f50e133f-571d-4371-bbf8-ce8521b0ff5d,comment,5287590d-9369-49c3-8eee-7cdd34bd1c6a,A,14.0,False
A-2325,fe287c84-9577-403f-b9d2-2de5ed23879e,post,5287590d-9369-49c3-8eee-7cdd34bd1c6a,A,14.0,False
A-2326,42efc1c8-0d1e-48f2-907e-b33b2ed2ce10,post,529c00b0-80ca-4871-9ac4-5903ab10535e,A,2.0,False
A-2327,d8fc59d1-8166-479d-80ec-76f9dcfd87da,post,529c00b0-80ca-4871-9ac4-5903ab10535e,A,2.0,False
A-2328,d505691e-ab6d-438b-8ba4-9e5af07b016d,comment,52a1fc06-dfd3-4469-8477-49b1cfafbb96,A,1.0,False
A-2329,1c8941db-2d44-4f8f-90e8-67466c958323,post,52aa214e-18de-4994-95db-4d39002d4a06,A,2.0,False
A-2330,a3a9d84c-c764-428a-83a2-1d57f007225d,post,52aa214e-18de-4994-95db-4d39002d4a06,A,2.0,False
A-2331,e6e4a4a8-d7ba-4481-83b8-cc96b0334c95,post,52aa4c22-69fb-4b7e-891f-1c3b1e9f49d6,A,1.0,False
A-2332,3b52e79a-0034-48c0-bd53-192b7cb4de32,post,52aed83d-66ae-49bf-b0b0-c2933a837ab8,A,2.0,False
A-2333,8d2c48ef-5179-40a0-96ef-1450c27a5702,post,52aed83d-66ae-49bf-b0b0-c2933a837ab8,A,2.0,False
A-2334,1afdb290-5456-4063-bfb4-d5e9312fbcad,post,52c4138f-faab-49fe-8e40-ffa17b87703d,A,2.0,False
A-2335,76177246-6f69-4ccb-8040-020d25d6b29e,post,52c4138f-faab-49fe-8e40-ffa17b87703d,A,2.0,False
A-2336,2ddc1082-1656-4b5d-acbb-313589517b16,comment,52dd4a13-762f-49f6-9804-bd5c437a26c4,A,18.0,False
A-2337,6dcca625-1dd6-4541-ac66-b2489b812101,comment,52dd4a13-762f-49f6-9804-bd5c437a26c4,A,18.0,False
A-2338,961088d6-b2f5-4160-8cbb-854f5b64ca48,comment,52dd4a13-762f-49f6-9804-bd5c437a26c4,A,18.0,False
A-2339,3530f617-0364-4701-83f1-f80017a7619e,comment,52dd4a13-762f-49f6-9804-bd5c437a26c4,A,18.0,False
A-2340,3d3746a5-ebe4-48cb-8cfc-490fb978fcd9,comment,52dd4a13-762f-49f6-9804-bd5c437a26c4,A,18.0,False
A-2341,8b1f9791-64d9-4dc8-865b-a5b7333fdaa6,comment,52dd4a13-762f-49f6-9804-bd5c437a26c4,A,18.0,False
A-2342,7fc94657-4b09-4d19-ab6d-9137b7adaa22,comment,52dd4a13-762f-49f6-9804-bd5c437a26c4,A,18.0,False
A-2343,f1001962-93e1-4749-b1ae-e2de2cf199cc,comment,52dd4a13-762f-49f6-9804-bd5c437a26c4,A,18.0,False
A-2344,2187c989-439e-400a-817e-dc8cee52c7eb,post,52dd4a13-762f-49f6-9804-bd5c437a26c4,A,18.0,False
A-2345,c9716c19-3ee7-4fce-bfae-f4753c49bf42,comment,52dd4a13-762f-49f6-9804-bd5c437a26c4,A,18.0,False
A-2346,fe36deb4-e939-45c7-9f5c-36f5f0577f13,comment,52dd4a13-762f-49f6-9804-bd5c437a26c4,A,18.0,False
A-2347,ff4869a0-9ad9-4a7e-a5dd-f66ca7761856,comment,52dd4a13-762f-49f6-9804-bd5c437a26c4,A,18.0,False
A-2348,93e38218-bb2f-4f29-9220-8bb2ab8e60f9,comment,52dd4a13-762f-49f6-9804-bd5c437a26c4,A,18.0,False
A-2349,6ab51714-b0a1-4d2c-a9a1-e21da432b973,post,52dd4a13-762f-49f6-9804-bd5c437a26c4,A,18.0,False
A-2350,ae59ab07-63c8-4b49-bea7-72dbf092fed1,comment,52dd4a13-762f-49f6-9804-bd5c437a26c4,A,18.0,False
A-2351,00bcc8d8-9404-45df-af26-db32a61ad840,comment,52e2a419-32a5-42d3-9460-ce7f2f49702f,A,4.0,False
A-2352,94f38117-fb02-4f46-a187-21558deee30f,comment,52e2a419-32a5-42d3-9460-ce7f2f49702f,A,4.0,False
A-2353,9d6edc75-14f2-4459-bf36-9fff2be5830b,comment,52e2a419-32a5-42d3-9460-ce7f2f49702f,A,4.0,False
A-2354,c6813ad1-703f-4563-a6f3-f227a78a68da,comment,52e2a419-32a5-42d3-9460-ce7f2f49702f,A,4.0,False
A-2355,dd6b458c-1dab-4efd-989a-5ae926575873,post,5301bf19-8bbf-4db4-b874-e2aa1ab85f39,A,1.0,False
A-2356,cd3e8233-59b9-46ea-9185-14e646c89ce2,post,530e0ab8-91f4-4f4a-95ac-c9236fe9cbf0,A,1.0,False
A-2357,ce25f63d-3411-4183-a59f-7e1e64eef42f,post,53269d99-ec26-4bf4-a23e-0ded52f4d992,A,1.0,False
A-2358,158e096e-a69a-45f6-b38b-bc0c0f620640,post,532d5c6f-8942-46a0-813b-199b72cfd433,A,7.0,False
A-2359,2472879c-03e5-45aa-b63e-48991141b267,comment,532d5c6f-8942-46a0-813b-199b72cfd433,A,7.0,False
A-2360,34996071-045e-43cf-9ea4-f9e1bfe80c92,post,532d5c6f-8942-46a0-813b-199b72cfd433,A,7.0,False
A-2361,5cf5fc3f-3216-42cc-9cdb-1e1055aa300c,post,532d5c6f-8942-46a0-813b-199b72cfd433,A,7.0,False
A-2362,5e3335e1-c242-4f44-9502-45fd533b85a3,comment,532d5c6f-8942-46a0-813b-199b72cfd433,A,7.0,False
A-2363,68c63596-f015-4372-a19e-0cc30925d950,post,532d5c6f-8942-46a0-813b-199b72cfd433,A,7.0,False
A-2364,fef69a22-4841-433e-b88d-7d49f188275a,post,532d5c6f-8942-46a0-813b-199b72cfd433,A,7.0,False
A-2365,237e62eb-be09-4648-94ed-cf8677b20140,post,533e0dc1-ac8b-42ad-805b-2711b2dfd284,A,1.0,False
A-2366,07e95220-4fb1-4c8d-a9eb-4902eb3392b9,post,533e49bf-afdf-48fb-904e-5a0633a7bb49,A,1.0,False
A-2367,560a5d0b-de87-4f87-8c0b-499e3ce2f970,comment,534107ea-78a0-421a-a25d-d0f4ee0e4d0f,A,7.0,False
A-2368,5aea9982-bf14-4c03-a3aa-23149b4d3706,post,534107ea-78a0-421a-a25d-d0f4ee0e4d0f,A,7.0,False
A-2369,6f336810-ff77-4101-bdbe-09285a0b0152,comment,534107ea-78a0-421a-a25d-d0f4ee0e4d0f,A,7.0,False
A-2370,84f98a7a-2d99-406c-90f3-c5e379835c04,post,534107ea-78a0-421a-a25d-d0f4ee0e4d0f,A,7.0,False
A-2371,8f6854b9-63c0-41f8-9633-cb9a19c97cd1,post,534107ea-78a0-421a-a25d-d0f4ee0e4d0f,A,7.0,False
A-2372,96946ad4-5530-4512-aac6-7648c760d43e,post,534107ea-78a0-421a-a25d-d0f4ee0e4d0f,A,7.0,False
A-2373,da815f30-74ba-4fe8-a5a8-4eb2f988931b,post,534107ea-78a0-421a-a25d-d0f4ee0e4d0f,A,7.0,False
A-2374,2823c534-c38a-421f-bea1-6eadf12335de,comment,53766199-f8fc-4430-8c58-16593ba45b4c,A,7.0,False
A-2375,b0599684-7cd1-4466-9c05-b7e7a35215b4,comment,53766199-f8fc-4430-8c58-16593ba45b4c,A,7.0,False
A-2376,bc69cc5c-b83f-41f4-a34c-5bb4aef72c42,post,53766199-f8fc-4430-8c58-16593ba45b4c,A,7.0,False
A-2377,e6008292-2a06-401b-957d-10d0b2ea880f,comment,53766199-f8fc-4430-8c58-16593ba45b4c,A,7.0,False
A-2378,f589093f-a4f3-40a5-bbd2-14f0f2494e6b,comment,53766199-f8fc-4430-8c58-16593ba45b4c,A,7.0,False
A-2379,fa41e230-9d5e-4b8c-94d4-602f80dee075,comment,53766199-f8fc-4430-8c58-16593ba45b4c,A,7.0,False
A-2380,fda80b05-f1ee-420b-9c2c-dd9903e9fd74,comment,53766199-f8fc-4430-8c58-16593ba45b4c,A,7.0,False
A-2381,9f0fce7a-b5f6-461e-a2eb-f99253684d82,post,53856a66-9e01-47d7-894f-c8d99c6c1d8f,A,4.0,False
A-2382,b1939285-7f11-42a8-be63-9e0bab584fe6,comment,53856a66-9e01-47d7-894f-c8d99c6c1d8f,A,4.0,False
A-2383,ec6fc4bd-0e04-4e01-9173-1a2f9c8cd6ec,comment,53856a66-9e01-47d7-894f-c8d99c6c1d8f,A,4.0,False
A-2384,f365b8cb-dd65-4f30-9c3a-9c4c629ff25b,comment,53856a66-9e01-47d7-894f-c8d99c6c1d8f,A,4.0,False
A-2385,6d0484ab-25e0-484b-87fc-f88ce507efb4,post,53b94be3-9ccf-4d68-bdca-c6914307269c,A,1.0,False
A-2386,06dfa653-9640-4e98-8874-b7e0a663eaea,post,53fd7ab8-4a40-4288-a6de-a41e8b787d47,A,1.0,False
A-2387,1f01a142-6433-4dc0-8f36-0138f128b79b,post,5400648f-5417-468b-b26d-5fe168e6d2df,A,1.0,False
A-2388,ba23feea-b8ef-48c2-a610-b323858344d7,post,5406d7c7-c85a-4719-8345-ae7637d6fa06,A,1.0,False
A-2389,30decdd0-f25c-471f-89ef-ba030bf2ab62,comment,54205c0c-891a-4a06-bdb7-c218623cb749,A,5.0,False
A-2390,4150e8d5-e10a-4826-bf68-67408476a5d2,comment,54205c0c-891a-4a06-bdb7-c218623cb749,A,5.0,False
A-2391,9acbe72a-4a6a-4c14-9277-b4473de533b8,post,54205c0c-891a-4a06-bdb7-c218623cb749,A,5.0,False
A-2392,d70a75ae-3baf-4e98-a4f8-531b1eeafbfc,post,54205c0c-891a-4a06-bdb7-c218623cb749,A,5.0,False
A-2393,f70c59ae-bc77-4989-a37f-19142828c59d,post,54205c0c-891a-4a06-bdb7-c218623cb749,A,5.0,False
A-2394,13027d81-78f9-4de6-94b1-54b18172f235,comment,54263992-868e-49be-b212-f7a88bf318db,A,16.0,False
A-2395,9e15f212-2db6-4808-939b-a387724fc9d1,comment,54263992-868e-49be-b212-f7a88bf318db,A,16.0,False
A-2396,f8c7b7eb-2912-4d54-abaa-ceee9fee3133,post,54263992-868e-49be-b212-f7a88bf318db,A,16.0,False
A-2397,d7273516-76e7-4847-a7b1-2804283d3411,comment,54263992-868e-49be-b212-f7a88bf318db,A,16.0,False
A-2398,473d042d-47f1-403e-b2f2-e546ffb2f7db,comment,54263992-868e-49be-b212-f7a88bf318db,A,16.0,False
A-2399,2ea9d1fa-9067-48b5-9d87-396c89bf8032,post,54263992-868e-49be-b212-f7a88bf318db,A,16.0,False
A-2400,c2e4ad0e-8879-47aa-ab8f-eee2b888979d,comment,54263992-868e-49be-b212-f7a88bf318db,A,16.0,False
A-2401,c3fd168c-fc97-44dd-a053-6741941bba8f,post,54263992-868e-49be-b212-f7a88bf318db,A,16.0,False
A-2402,9761b432-6697-433f-a31a-d1331f36dc4e,post,54263992-868e-49be-b212-f7a88bf318db,A,16.0,False
A-2403,357e6cf6-5c74-4d0d-9f93-72fb1b7480c9,comment,54263992-868e-49be-b212-f7a88bf318db,A,16.0,False
A-2404,70a91ffa-1c55-4633-a53b-a773cf706c8b,comment,54263992-868e-49be-b212-f7a88bf318db,A,16.0,False
A-2405,f48c0391-3b21-45c9-8b97-fa0771d3f4f1,comment,54263992-868e-49be-b212-f7a88bf318db,A,16.0,False
A-2406,140045df-eda2-4211-a119-5bce3f57b18d,comment,54263992-868e-49be-b212-f7a88bf318db,A,16.0,False
A-2407,6f183356-7ed2-4bc2-b6c6-342effa9751d,comment,54263992-868e-49be-b212-f7a88bf318db,A,16.0,False
A-2408,22c61778-ca9f-4c50-98ce-d8079fc21490,comment,54263992-868e-49be-b212-f7a88bf318db,A,16.0,False
A-2409,245cb0fb-75a7-438d-98a5-45503bc1c6b2,post,54371d67-a493-41c8-97cc-24227d5997d3,A,2.0,False
A-2410,ff8d11cd-42b2-4730-bcae-ebe7a75963fb,comment,54371d67-a493-41c8-97cc-24227d5997d3,A,2.0,False
A-2411,f258a89b-27ed-4ec6-ab9f-3ea36da36930,post,54452ea2-e44e-46c5-91a0-1b5094960e70,A,1.0,False
A-2412,11aaf0e0-4a84-4f81-a7fb-c50c6439ddb8,post,54616979-3b95-4caa-ae45-49f89cdbc529,A,9.0,False
A-2413,3148dfee-58ab-4b20-a604-697bbb403865,post,54616979-3b95-4caa-ae45-49f89cdbc529,A,9.0,False
A-2414,53088061-b448-44a0-8ece-23c1c17cdb67,post,54616979-3b95-4caa-ae45-49f89cdbc529,A,9.0,False
A-2415,5dc53fac-a62d-4f19-ab9b-e76c2208decc,post,54616979-3b95-4caa-ae45-49f89cdbc529,A,9.0,False
A-2416,6279df48-162d-4f7c-938a-7d7ce15e11a7,post,54616979-3b95-4caa-ae45-49f89cdbc529,A,9.0,False
A-2417,b87df8d1-a3be-479b-a739-e54d29daf20b,post,54616979-3b95-4caa-ae45-49f89cdbc529,A,9.0,False
A-2418,bf782216-1465-4e05-a56e-feda012859ba,post,54616979-3b95-4caa-ae45-49f89cdbc529,A,9.0,False
A-2419,d66b83ef-e4f1-4613-a992-cc699cf7f49b,post,54616979-3b95-4caa-ae45-49f89cdbc529,A,9.0,False
A-2420,f3ace53a-c733-4a2c-b12b-1a889b1e4431,post,54616979-3b95-4caa-ae45-49f89cdbc529,A,9.0,False
A-2421,3b7a428b-cec7-41df-90f7-65d0d8173705,comment,54671729-8ff0-4afd-aca3-214a65ea2156,A,1.0,False
A-2422,d4382e18-c7ae-4459-aea4-5e3db2db55af,post,547db5a3-31bc-4cae-a92b-06133df66eb2,A,1.0,False
A-2423,e3cf5655-31e7-4b78-a5b8-1719ed99ac6f,post,54dbb7cc-9bee-4672-8e2a-b8d5ecf05797,A,1.0,False
A-2424,5b821868-ab86-4c4a-bd96-9331adc03459,comment,54e02843-f088-4584-8895-05c95d124c68,A,1.0,False
A-2425,fd6df5f3-00dc-4b20-879e-85ba42038ea1,post,54e7b656-ef15-41e5-9a79-2b994618f7c5,A,1.0,False
A-2426,2a57e6ab-73e2-4533-bb50-9adc7102274f,post,55252ba7-49f9-4577-9fe2-cc84e1b43f39,A,1.0,False
A-2427,5e4049ac-5e47-4205-bfb0-59be8ebd11f3,post,55477fa4-37ec-4df4-8d9e-719e8099db08,A,1.0,False
A-2428,75fc35d4-e36d-4120-afc6-aceb7f21b34e,post,554fbf4b-0ee1-4a68-b00c-09f6c091e93f,A,1.0,False
A-2429,5fd23994-cc7d-48ac-8d0a-c44c12684f32,post,556853f2-0e12-44dc-9011-ed14a2e14ada,A,1.0,False
A-2430,8129283c-e668-463e-b3ab-8fd1a08f9391,post,557a8dd8-bff3-4bc9-ace2-e1536fecb38b,A,1.0,False
A-2431,132e0e90-d37f-4a4f-ba5d-7b552336b999,comment,55a64d1c-7570-42b4-83af-e82deb7b6cd3,A,5.0,False
A-2432,29d67c76-78a5-4f5e-88ae-831f256649cd,comment,55a64d1c-7570-42b4-83af-e82deb7b6cd3,A,5.0,False
A-2433,493325b8-293c-4f8d-af1e-f0106aea2528,post,55a64d1c-7570-42b4-83af-e82deb7b6cd3,A,5.0,False
A-2434,cf56f94b-8f8c-4391-b32d-ae022fec40f8,comment,55a64d1c-7570-42b4-83af-e82deb7b6cd3,A,5.0,False
A-2435,f8653552-34a1-4295-a741-401f2d575324,comment,55a64d1c-7570-42b4-83af-e82deb7b6cd3,A,5.0,False
A-2436,b2b4b406-ff83-42d4-8be2-c97e97889a90,post,55cd2c3c-b12c-4ead-a6c0-e9c3af0919f4,A,1.0,False
A-2437,01c27885-b322-4766-be95-6b27f5af13c5,post,55e10525-96bd-42ce-90dc-b35858ac917d,A,7.0,False
A-2438,0c6ca939-846e-4763-b4ac-1d257f858cfc,post,55e10525-96bd-42ce-90dc-b35858ac917d,A,7.0,False
A-2439,6f18f9d9-0d57-42d7-817e-8562cc718708,post,55e10525-96bd-42ce-90dc-b35858ac917d,A,7.0,False
A-2440,aed60e52-086a-4603-bee8-3856a08bd2fc,comment,55e10525-96bd-42ce-90dc-b35858ac917d,A,7.0,False
A-2441,bd181206-65c8-4e81-8fd6-dd93c134af65,comment,55e10525-96bd-42ce-90dc-b35858ac917d,A,7.0,False
A-2442,c1f98983-7df6-4d75-98f8-8c125b98fc73,post,55e10525-96bd-42ce-90dc-b35858ac917d,A,7.0,False
A-2443,fc89719b-5cb1-4a3a-afcd-40d472d3df08,post,55e10525-96bd-42ce-90dc-b35858ac917d,A,7.0,False
A-2444,0d772825-0d9f-4788-98d7-c436009051b2,comment,563324e6-9aec-46b7-b2c6-21f784f509a2,A,9.0,False
A-2445,17359119-2246-4217-b68f-a45d7a17d8a5,post,563324e6-9aec-46b7-b2c6-21f784f509a2,A,9.0,False
A-2446,1b43f866-e39a-4956-a514-ef818b5a713d,comment,563324e6-9aec-46b7-b2c6-21f784f509a2,A,9.0,False
A-2447,4b6db44b-721c-4b26-b484-0adf205d1870,comment,563324e6-9aec-46b7-b2c6-21f784f509a2,A,9.0,False
A-2448,658d5179-5e0f-42ec-8c94-0f088107f484,post,563324e6-9aec-46b7-b2c6-21f784f509a2,A,9.0,False
A-2449,87ba13e4-8487-468b-af09-c0f73063e774,post,563324e6-9aec-46b7-b2c6-21f784f509a2,A,9.0,False
A-2450,b6d9f613-bcb9-4df5-8b5c-7f8a4b7e378d,comment,563324e6-9aec-46b7-b2c6-21f784f509a2,A,9.0,False
A-2451,d0a8111b-4dbb-4eca-962b-916b33fc3b9d,comment,563324e6-9aec-46b7-b2c6-21f784f509a2,A,9.0,False
A-2452,fb35bfa9-5fe2-4722-85b1-d095ba458170,comment,563324e6-9aec-46b7-b2c6-21f784f509a2,A,9.0,False
A-2453,d6806b25-4408-44b7-a7c6-c5548925c7ed,post,564d574b-e4ab-4e12-a720-ac187e7452dd,A,2.0,False
A-2454,ec8568f3-731a-41cd-b842-f28b948a10cd,post,564d574b-e4ab-4e12-a720-ac187e7452dd,A,2.0,False
A-2455,7e7a76ca-4652-4820-a121-681804f75399,post,56539325-f902-420a-995e-e9105f5ba61b,A,1.0,False
A-2456,0cd6dae3-92dc-47a0-a0ce-fce179195ade,comment,565e504f-e995-48f2-bf72-2d5d61d05ff3,A,2.0,False
A-2457,571154e1-56b6-4ec8-8dd1-b07f97a0b8c9,post,565e504f-e995-48f2-bf72-2d5d61d05ff3,A,2.0,False
A-2458,b00b7910-cdac-466c-8e83-34b7e8ac30c6,post,56837584-1030-4110-afca-c81bedcb2cf6,A,1.0,False
A-2459,0ad1e822-da3d-4a44-82f9-3900a173fcdf,post,568b899f-78f9-45cb-ac33-bd67550c2e8e,A,1.0,False
A-2460,42b76740-129d-47fc-9e58-84cc42cddb73,post,568cf7e1-0209-4252-b886-fa6724db52c7,A,2.0,False
A-2461,528114ad-2249-45a1-84c6-703695bc85d1,comment,568cf7e1-0209-4252-b886-fa6724db52c7,A,2.0,False
A-2462,fed003a9-9a3f-437b-98ac-a7662e57a987,post,568fefae-77e2-4860-b1d1-ba77aa6c8fd2,A,1.0,False
A-2463,279f3d55-d330-4533-a4aa-629d27269ff0,post,5693807b-4e57-443d-938b-5e0c50c71b0b,A,3.0,False
A-2464,8edca441-77b8-4425-abc6-86f9d03f0c6a,comment,5693807b-4e57-443d-938b-5e0c50c71b0b,A,3.0,False
A-2465,d1801f95-81ec-41b5-8448-fa1971b6933d,post,5693807b-4e57-443d-938b-5e0c50c71b0b,A,3.0,False
A-2466,210eb0d3-41b7-477b-8371-8f5ffbc183b7,post,56ab75c2-7538-464f-bc0c-59ed242f347c,A,2.0,False
A-2467,7281ce60-9e59-4da7-870e-b442162f0a21,comment,56ab75c2-7538-464f-bc0c-59ed242f347c,A,2.0,False
A-2468,5ce42eaf-65dc-40c6-869d-24b73c3c0c57,post,56b5e2cb-e705-42fc-9b39-e729cea1543e,A,2.0,False
A-2469,6f52b44e-8725-46f0-a038-29fad954cced,post,56b5e2cb-e705-42fc-9b39-e729cea1543e,A,2.0,False
A-2470,0e10615e-4b5a-4149-b582-9019652d39ca,comment,56c1b5c7-2ef2-4b7f-b756-460d44abf0cd,A,4.0,False
A-2471,87dacf75-a8f5-4e51-82a6-9a855045998c,comment,56c1b5c7-2ef2-4b7f-b756-460d44abf0cd,A,4.0,False
A-2472,ad1e796c-95ee-4bc8-aa37-43790e177355,post,56c1b5c7-2ef2-4b7f-b756-460d44abf0cd,A,4.0,False
A-2473,ffbab58e-ef21-442a-a184-60e3c69e37db,comment,56c1b5c7-2ef2-4b7f-b756-460d44abf0cd,A,4.0,False
A-2474,2a039146-79ca-48f8-8080-a00c50c6c971,comment,56d134b6-016e-4db7-87d9-e8920e2d249c,A,1.0,False
A-2475,af58e3a9-b624-4770-bade-40f61e4c8c27,post,56df46c9-404d-4d7a-98fd-5a33ccaec9e4,A,2.0,False
A-2476,e7c1df87-dafa-4238-a5e2-762ffb7d0871,post,56df46c9-404d-4d7a-98fd-5a33ccaec9e4,A,2.0,False
A-2477,354249bd-5f81-43cb-9fef-3c6908edf00c,post,56ed168d-6a05-4622-a9e7-43dd2a299c19,A,5.0,False
A-2478,a5e81e56-c4da-44c4-94ab-2762789f335b,post,56ed168d-6a05-4622-a9e7-43dd2a299c19,A,5.0,False
A-2479,a792f120-b787-4eb0-ab6e-13dcd73d2f1f,post,56ed168d-6a05-4622-a9e7-43dd2a299c19,A,5.0,False
A-2480,b0f0640a-3944-49ec-9333-6109a82ff372,post,56ed168d-6a05-4622-a9e7-43dd2a299c19,A,5.0,False
A-2481,b5cad64b-2699-45f0-a25b-dce5f4069f00,post,56ed168d-6a05-4622-a9e7-43dd2a299c19,A,5.0,False
A-2482,6559d4d0-0259-4343-8f36-ca1258b0be16,post,56fbbe48-ddf7-4a1a-92d1-6db5aa1718ee,A,3.0,False
A-2483,ad635279-434d-48bc-b348-1681aee0452f,post,56fbbe48-ddf7-4a1a-92d1-6db5aa1718ee,A,3.0,False
A-2484,f17e37cd-8833-4d15-802b-c27a525cc8fd,post,56fbbe48-ddf7-4a1a-92d1-6db5aa1718ee,A,3.0,False
A-2485,54ec3b32-e223-4c21-a0aa-355ca7d373a3,post,56fc3ffb-960e-45b7-9376-39c0dccd5302,A,2.0,False
A-2486,bb5736b2-91f0-4152-b46c-8a6d5cd26638,post,56fc3ffb-960e-45b7-9376-39c0dccd5302,A,2.0,False
A-2487,df873e4e-d2fa-461a-a958-42cd0c33e5ba,post,57014940-ee7a-47cd-957c-e8caf9ee7ee8,A,1.0,False
A-2488,1ec65418-9ecb-4eb5-9a4d-b727d8682aae,post,57125a30-7011-4fed-a028-43074b8a06b9,A,6.0,False
A-2489,3b831586-f6b2-4ae7-9bef-b775088e1dbe,comment,57125a30-7011-4fed-a028-43074b8a06b9,A,6.0,False
A-2490,6d16174c-5916-4135-ad5a-27f5e2350d15,post,57125a30-7011-4fed-a028-43074b8a06b9,A,6.0,False
A-2491,a312068a-8552-451b-9a48-841a80ff742e,post,57125a30-7011-4fed-a028-43074b8a06b9,A,6.0,False
A-2492,c4bf7bde-1ea5-4846-95a5-a21d48de7512,post,57125a30-7011-4fed-a028-43074b8a06b9,A,6.0,False
A-2493,f9a1654e-4fc5-46dd-87eb-ac163cbaaa9c,post,57125a30-7011-4fed-a028-43074b8a06b9,A,6.0,False
A-2494,86fd9ec8-2e86-43c4-842e-a7eefbb6e88b,post,5715e568-c3fd-47d5-95da-67acb3454bdd,A,2.0,False
A-2495,c7c287f3-b6e7-47b8-95d1-3bc219f799f6,post,5715e568-c3fd-47d5-95da-67acb3454bdd,A,2.0,False
A-2496,56db43c6-ef0c-4f5e-85d6-6043c2dba80c,post,575f80d7-1034-4d4e-9b2d-8e9cc8be4ad2,A,1.0,False
A-2497,7c1a9899-df68-4f07-ba38-76617395286b,post,576b63ea-f759-4b85-9b50-c20323345a7f,A,1.0,False
A-2498,92249091-b78e-4f57-abbf-70e2ee9361f0,post,5773338c-0da7-45dc-bd91-7f845eafa18e,A,1.0,False
A-2499,c24053b9-ae0d-4ee2-85cd-f719d9f6a016,post,577ddd5c-fcc1-4261-bbb4-5e9b233d3042,A,1.0,False
A-2500,71226dad-b1e6-4f97-89bd-d833de8d0f44,post,57a885fd-3243-40eb-a282-6d338a08c1b9,A,3.0,False
A-2501,71bc0d12-b3dd-429b-8768-05b843cbd806,post,57a885fd-3243-40eb-a282-6d338a08c1b9,A,3.0,False
A-2502,bf41a924-c0b1-43e9-b3a0-7b5daf234fa7,post,57a885fd-3243-40eb-a282-6d338a08c1b9,A,3.0,False
A-2503,25fa53e9-06a9-4359-b3ee-8acd5790e128,post,57aec77f-1655-4e33-9a07-b87897c54ed4,A,1.0,False
A-2504,105d7069-2d51-4aba-932c-dd82aa37a497,post,57e42d3f-97e8-4c63-b4f7-f47a15e53836,A,4.0,False
A-2505,2444b84f-63d2-4c4b-897b-a7c118052d9b,comment,57e42d3f-97e8-4c63-b4f7-f47a15e53836,A,4.0,False
A-2506,59cde273-f312-4533-a0d0-3db15b07f4c5,comment,57e42d3f-97e8-4c63-b4f7-f47a15e53836,A,4.0,False
A-2507,70969099-97ff-49bd-b4eb-a4017df0cd7f,comment,57e42d3f-97e8-4c63-b4f7-f47a15e53836,A,4.0,False
A-2508,3c5239aa-0990-46d9-b947-16b9fbe2beb1,post,57efaaae-d90e-4714-9092-5fa36b08644d,A,2.0,False
A-2509,40d42a76-f660-4639-8e70-c352f89877e2,post,57efaaae-d90e-4714-9092-5fa36b08644d,A,2.0,False
A-2510,139b3912-e4f6-4c60-94e1-7ade4bc307a4,comment,57f2fbf2-8614-42e1-acdb-7fc058ea875b,A,5.0,False
A-2511,332bcd69-8a76-4911-b6b2-2a5fba4f5a00,comment,57f2fbf2-8614-42e1-acdb-7fc058ea875b,A,5.0,False
A-2512,94959d15-822f-476b-930b-9f41421b2393,post,57f2fbf2-8614-42e1-acdb-7fc058ea875b,A,5.0,False
A-2513,983bdba9-38e2-4445-a724-92c779f242e2,comment,57f2fbf2-8614-42e1-acdb-7fc058ea875b,A,5.0,False
A-2514,cd1b9ef6-552e-4be6-b53e-8589645fb33d,comment,57f2fbf2-8614-42e1-acdb-7fc058ea875b,A,5.0,False
A-2515,18d151d7-6a51-4c67-8f75-44b8ca689c15,post,57f9172f-ca6c-4dbd-ba08-70ef10d6fc5f,A,9.0,False
A-2516,2d0861dc-0c47-4390-abcf-2f11b8bed60c,post,57f9172f-ca6c-4dbd-ba08-70ef10d6fc5f,A,9.0,False
A-2517,3a4fe046-a9af-47da-bbee-338dbeb100b1,post,57f9172f-ca6c-4dbd-ba08-70ef10d6fc5f,A,9.0,False
A-2518,3d5b301f-d916-4d6e-a999-9056bbcc3f1c,comment,57f9172f-ca6c-4dbd-ba08-70ef10d6fc5f,A,9.0,False
A-2519,42844216-4318-40b4-bc66-402e0cd3c12c,comment,57f9172f-ca6c-4dbd-ba08-70ef10d6fc5f,A,9.0,False
A-2520,695f647a-6cba-41c6-97f6-5deb0e42b91e,post,57f9172f-ca6c-4dbd-ba08-70ef10d6fc5f,A,9.0,False
A-2521,ac9644aa-47d9-4117-9080-750fa574e750,post,57f9172f-ca6c-4dbd-ba08-70ef10d6fc5f,A,9.0,False
A-2522,d3734355-5c23-4eda-bcf2-2845bbb5f0d9,post,57f9172f-ca6c-4dbd-ba08-70ef10d6fc5f,A,9.0,False
A-2523,e2888e98-947f-4fe3-a5c3-c0c1a49f3e96,post,57f9172f-ca6c-4dbd-ba08-70ef10d6fc5f,A,9.0,False
A-2524,13d83681-a8b9-462c-abfa-5e2f4b4cfa97,post,580fca04-778a-4127-a44e-29bc5bad5b08,A,4.0,False
A-2525,3e541fc5-e9bd-4878-8a36-1ff0b9d6bc26,comment,580fca04-778a-4127-a44e-29bc5bad5b08,A,4.0,False
A-2526,c21dac17-9aa8-435d-951d-ec47775db107,comment,580fca04-778a-4127-a44e-29bc5bad5b08,A,4.0,False
A-2527,ccf95fdf-3164-400a-bfd9-b8d13cbb83e4,comment,580fca04-778a-4127-a44e-29bc5bad5b08,A,4.0,False
A-2528,1d3620c9-fa28-4258-954f-4605760f39e0,comment,58452737-38cd-475b-97d3-56810f441249,A,3.0,False
A-2529,68d0be7c-6b4b-487d-8e7e-539c25a70271,post,58452737-38cd-475b-97d3-56810f441249,A,3.0,False
A-2530,82a2bd78-a18e-45b4-a4ec-1df9b09fc938,post,58452737-38cd-475b-97d3-56810f441249,A,3.0,False
A-2531,9ed82da1-2c58-4fa7-a7ed-9a600b6b83c0,post,5846fc20-9f6c-40d0-adeb-e7e0d0d4cfb3,A,1.0,False
A-2532,03c2e4af-d266-4326-9757-3f56c6fbdcee,comment,5848c8f6-a47e-418c-ac0c-d50fda7f430a,A,4.0,False
A-2533,225d2341-8c8b-41ef-a9bd-aa6f473e91e2,comment,5848c8f6-a47e-418c-ac0c-d50fda7f430a,A,4.0,False
A-2534,df5b8743-d5cb-40d7-b97a-0c487874d1d4,post,5848c8f6-a47e-418c-ac0c-d50fda7f430a,A,4.0,False
A-2535,f2de57ab-53cd-4c9c-b2c3-c39c2828a5ff,post,5848c8f6-a47e-418c-ac0c-d50fda7f430a,A,4.0,False
A-2536,0ff76ee8-8463-4136-bece-be5ef92664ac,post,585e9e57-db24-467d-930e-f4afa7d6161b,A,6.0,False
A-2537,67e3c9ff-d162-48ac-ada4-1692f741461d,post,585e9e57-db24-467d-930e-f4afa7d6161b,A,6.0,False
A-2538,692f1e7c-8c31-4f9e-8b84-cb824dfafc10,post,585e9e57-db24-467d-930e-f4afa7d6161b,A,6.0,False
A-2539,d9549402-febf-4ad4-87d1-f711d0b00dda,post,585e9e57-db24-467d-930e-f4afa7d6161b,A,6.0,False
A-2540,dc74846f-fbc7-4843-9624-0c062bbcdd6b,post,585e9e57-db24-467d-930e-f4afa7d6161b,A,6.0,False
A-2541,f1c57579-9fd7-4adc-8aea-6e2a53a122dc,post,585e9e57-db24-467d-930e-f4afa7d6161b,A,6.0,False
A-2542,c46a583a-f1f3-450f-948a-1f82f33bbf7e,post,586ff449-ffc9-4215-bb45-4c5d2a49c642,A,17.0,False
A-2543,2626c211-ea6a-4f2d-ace6-5df024c47774,comment,586ff449-ffc9-4215-bb45-4c5d2a49c642,A,17.0,False
A-2544,9e630c75-cd95-4fea-94b3-f5205943f034,post,586ff449-ffc9-4215-bb45-4c5d2a49c642,A,17.0,False
A-2545,1926be77-48bc-44df-8c23-04f700be68f0,comment,586ff449-ffc9-4215-bb45-4c5d2a49c642,A,17.0,False
A-2546,a2821efe-f7cb-4a0e-82a7-d62b1d828d8b,post,586ff449-ffc9-4215-bb45-4c5d2a49c642,A,17.0,False
A-2547,fa83df06-60a4-4848-be80-39a573e48dd0,comment,586ff449-ffc9-4215-bb45-4c5d2a49c642,A,17.0,False
A-2548,6243a40f-8687-4b68-8cd4-d8fa0e313df5,comment,586ff449-ffc9-4215-bb45-4c5d2a49c642,A,17.0,False
A-2549,a2fe07fc-b02e-4065-8084-74678f6f7b0b,comment,586ff449-ffc9-4215-bb45-4c5d2a49c642,A,17.0,False
A-2550,05105edd-3541-48aa-a9fe-20d5dcc8a40e,comment,586ff449-ffc9-4215-bb45-4c5d2a49c642,A,17.0,False
A-2551,e6db8b65-8d8b-4bb8-a442-2dcef8e3a552,comment,586ff449-ffc9-4215-bb45-4c5d2a49c642,A,17.0,False
A-2552,52c06dd0-52b1-4399-8707-586f300df1e4,comment,586ff449-ffc9-4215-bb45-4c5d2a49c642,A,17.0,False
A-2553,180d79ff-c81e-4e61-8096-9bb79f431112,comment,586ff449-ffc9-4215-bb45-4c5d2a49c642,A,17.0,False
A-2554,63d66a55-5c04-4680-ba26-bf92fdb82d6f,comment,586ff449-ffc9-4215-bb45-4c5d2a49c642,A,17.0,False
A-2555,9bebb671-25dd-4adc-8cd2-60a3e99c9c98,comment,586ff449-ffc9-4215-bb45-4c5d2a49c642,A,17.0,False
A-2556,0408a7ac-3206-4cc7-abc0-6cf78082b01d,comment,586ff449-ffc9-4215-bb45-4c5d2a49c642,A,17.0,False
A-2557,017ce333-85b5-462d-971f-d8bd08c69116,post,5876b712-484a-42cb-868d-3a7214df09a4,A,11.0,False
A-2558,0ba9c4e1-5604-42ce-b22c-3c87c923e949,comment,5876b712-484a-42cb-868d-3a7214df09a4,A,11.0,False
A-2559,1c582087-a8cb-45b8-bc60-2d932e51afd2,comment,5876b712-484a-42cb-868d-3a7214df09a4,A,11.0,False
A-2560,21ef60c5-2454-4b60-9bd8-a575a1a19304,post,5876b712-484a-42cb-868d-3a7214df09a4,A,11.0,False
A-2561,5305b4fc-da09-4058-b967-8442a99c8c7e,post,5876b712-484a-42cb-868d-3a7214df09a4,A,11.0,False
A-2562,7b4155b5-bdf1-4225-b04b-0d8066235794,post,5876b712-484a-42cb-868d-3a7214df09a4,A,11.0,False
A-2563,af268771-a389-4b52-8bc4-35902d8dd718,comment,5876b712-484a-42cb-868d-3a7214df09a4,A,11.0,False
A-2564,b085aca7-5406-4d2f-a538-e0e0a94fef94,post,5876b712-484a-42cb-868d-3a7214df09a4,A,11.0,False
A-2565,b3594311-1a90-4a14-81f6-a32e29b44d31,post,5876b712-484a-42cb-868d-3a7214df09a4,A,11.0,False
A-2566,c2005db6-290d-4a77-904d-d07516aef059,comment,5876b712-484a-42cb-868d-3a7214df09a4,A,11.0,False
A-2567,f18eebb6-38dd-4b23-a5ad-602857ff0625,post,5876b712-484a-42cb-868d-3a7214df09a4,A,11.0,False
A-2568,39e228e6-8997-4216-927b-b29f818ec72e,comment,587dfc23-800a-4da2-9119-27c041f94b92,A,1.0,False
A-2569,a950b041-bd86-469a-b500-76a735014f3a,post,588c8e82-b2b6-4443-99df-46295bb08628,A,1.0,False
A-2570,924a34ed-00b1-4150-b07c-0457d8c24859,post,588d83c4-2ae3-413f-ab67-2a9256553122,A,1.0,False
A-2571,35dc006f-7d87-4d60-ac6d-0cbc8fce3a6b,comment,5892b744-75eb-45ed-9444-948c2d2772e6,A,5.0,False
A-2572,4bdca8b3-546a-49f8-98d5-dcd1404ca275,post,5892b744-75eb-45ed-9444-948c2d2772e6,A,5.0,False
A-2573,83acbf1c-623c-4a3f-b76f-a9af04d9edce,post,5892b744-75eb-45ed-9444-948c2d2772e6,A,5.0,False
A-2574,9d948e8e-8aa7-4c50-aae9-c2e87b32e09f,post,5892b744-75eb-45ed-9444-948c2d2772e6,A,5.0,False
A-2575,a8d827f8-5741-4694-ac4c-24fa177afd5d,post,5892b744-75eb-45ed-9444-948c2d2772e6,A,5.0,False
A-2576,d76bf44c-c101-4a4a-bd3b-b341cd3572d5,post,58940a68-8794-45cc-a6bc-417d2480f706,A,1.0,False
A-2577,87fe198f-7c70-4f8a-aad0-f96f1cca2a4c,post,58967b64-8434-4bfa-81c3-c5371719a9d3,A,1.0,False
A-2578,3825935e-bbf5-4116-8623-995763bec4e0,comment,58ada15f-35df-43ba-be8a-ecd3d8ff9c57,A,5.0,False
A-2579,804862f0-b390-4210-9ea2-8c6e85e55d30,comment,58ada15f-35df-43ba-be8a-ecd3d8ff9c57,A,5.0,False
A-2580,8e4005c9-e7b0-4554-b3f1-fa5a29a0114a,comment,58ada15f-35df-43ba-be8a-ecd3d8ff9c57,A,5.0,False
A-2581,e8f09149-ef28-4675-a5cd-e0feeb021a09,post,58ada15f-35df-43ba-be8a-ecd3d8ff9c57,A,5.0,False
A-2582,fed00c97-a951-494c-a70e-61e7763387ec,comment,58ada15f-35df-43ba-be8a-ecd3d8ff9c57,A,5.0,False
A-2583,89949546-0f95-462c-8edd-397250f4ca92,post,58dc554c-37ae-45cd-8b63-749e9905f59d,A,1.0,False
A-2584,2382fde6-1d34-4d22-be50-7039b6e29708,comment,58df0044-daa3-49f8-9294-e6fc03cb77fd,A,3.0,False
A-2585,367e7d76-16e6-4a3a-b78b-320a5ac4d11d,post,58df0044-daa3-49f8-9294-e6fc03cb77fd,A,3.0,False
A-2586,99341815-7c10-4522-9c51-023871830be7,post,58df0044-daa3-49f8-9294-e6fc03cb77fd,A,3.0,False
A-2587,104052c1-251e-43c8-a4f9-ee5dcfac052c,post,58e2fe1f-d278-4123-827e-19872d375431,A,2.0,False
A-2588,5f621368-6d5e-4dbf-9975-cc48fe0106ec,post,58e2fe1f-d278-4123-827e-19872d375431,A,2.0,False
A-2589,484cb543-a12a-4418-b23e-9159b1d0db1f,comment,58e3f5aa-4bf5-4a2f-ae22-fa2184832a12,A,2.0,False
A-2590,fe509852-d26d-4eee-aabf-fa91bef2cb1a,post,58e3f5aa-4bf5-4a2f-ae22-fa2184832a12,A,2.0,False
A-2591,1fe55d42-3882-4cf5-9f0d-38b23f47a71f,comment,592cf81e-9575-4cbf-9990-0e3db8195cc2,A,2.0,False
A-2592,7214b5f9-6df9-4b5a-aa5d-f285873e6f34,comment,592cf81e-9575-4cbf-9990-0e3db8195cc2,A,2.0,False
A-2593,51ee0bd7-a52d-4adb-8b31-fcd30666655d,comment,594191ea-96a8-4137-a996-54bf8226ad6c,A,3.0,False
A-2594,73ae8382-7b32-49b3-8d58-50facd8c2f8f,comment,594191ea-96a8-4137-a996-54bf8226ad6c,A,3.0,False
A-2595,766683fa-a82c-49a6-b224-5f3118513faa,post,594191ea-96a8-4137-a996-54bf8226ad6c,A,3.0,False
A-2596,cd72d083-f427-4123-9a3e-46d26f4da806,comment,594c5ac8-332a-4e15-821b-046a356f8c68,A,2.0,False
A-2597,d2074a7b-b04b-46c7-b852-e95633a2ef86,comment,594c5ac8-332a-4e15-821b-046a356f8c68,A,2.0,False
A-2598,332474cb-98b3-4a13-92d2-b3ce0fb2734a,comment,599003f5-f132-4220-a838-13655a0fc6b8,A,3.0,False
A-2599,7e8bf448-6386-4957-aa1d-a5e3ca6bf9ad,comment,599003f5-f132-4220-a838-13655a0fc6b8,A,3.0,False
A-2600,fa6b91c5-9872-4b80-b21f-775d78cf9924,comment,599003f5-f132-4220-a838-13655a0fc6b8,A,3.0,False
A-2601,6f4bfe59-bc95-47ec-964c-68e299ea4872,post,59998f48-78e6-47bf-bec3-8041988b89a1,A,1.0,False
A-2602,bc9ed4fa-f02b-4f17-9943-31673feaa25a,post,59b00ff8-1b8c-4c08-8a3c-3040c2d0a084,A,1.0,False
A-2603,e98b4ce9-2685-496e-853b-53098df3bfb5,post,59be5a7a-e36a-476c-9c3b-8b0476036048,A,1.0,False
A-2604,90eae6eb-1e59-46f5-b4b9-550538c95806,comment,59be7c3f-e1af-45f2-a3dd-bde1ac8e0028,A,1.0,False
A-2605,3b6124de-8cf4-4869-b4af-7d4e13038a48,post,59cf53f7-80fb-48b0-9e04-44c680cb4ba8,A,3.0,False
A-2606,5c2239c1-5043-4501-8943-e3783899d106,post,59cf53f7-80fb-48b0-9e04-44c680cb4ba8,A,3.0,False
A-2607,cfbe31ea-50b7-4397-bc04-b42584c15ef0,post,59cf53f7-80fb-48b0-9e04-44c680cb4ba8,A,3.0,False
A-2608,b563084e-6af3-4d96-b0af-e8be3ee09e83,post,59f6f8b4-68ae-4b2d-9a0c-f95d611ea9b1,A,1.0,False
A-2609,1f9bf6d5-b119-49b1-baa1-a6b91c996d99,comment,5a06d80b-cc4d-4375-9be5-e8dcae94d61a,A,10.0,False
A-2610,1feef599-ac90-4b26-b5f4-f717cf3e5c4d,comment,5a06d80b-cc4d-4375-9be5-e8dcae94d61a,A,10.0,False
A-2611,30799490-f3c6-4afc-9fc1-07ac81d82995,comment,5a06d80b-cc4d-4375-9be5-e8dcae94d61a,A,10.0,False
A-2612,4ba311c1-1a69-45c0-8274-a55af8a3d8eb,comment,5a06d80b-cc4d-4375-9be5-e8dcae94d61a,A,10.0,False
A-2613,5ff96386-f5a3-4bf8-85d9-31f33b2f5bcc,comment,5a06d80b-cc4d-4375-9be5-e8dcae94d61a,A,10.0,False
A-2614,6f48da40-ef44-4adf-bd52-543e22e3d29f,comment,5a06d80b-cc4d-4375-9be5-e8dcae94d61a,A,10.0,False
A-2615,7741096a-924d-4037-a037-b0b7ce95cb18,comment,5a06d80b-cc4d-4375-9be5-e8dcae94d61a,A,10.0,False
A-2616,bfe5c95f-0b12-4f3c-a98e-3ad0b70fee71,comment,5a06d80b-cc4d-4375-9be5-e8dcae94d61a,A,10.0,False
A-2617,c35974c8-d287-471d-aaae-110fead6c2ce,comment,5a06d80b-cc4d-4375-9be5-e8dcae94d61a,A,10.0,False
A-2618,f1bf7fad-9875-487f-b5f4-b06f390c2e2a,comment,5a06d80b-cc4d-4375-9be5-e8dcae94d61a,A,10.0,False
A-2619,597329fd-bc60-45a3-a0e5-8b3743962969,post,5a207777-7623-4c35-94e1-abdda9631f55,A,1.0,False
A-2620,8634ef85-570e-480a-b9b1-392058e70a1d,post,5a320b2e-513b-4d21-8e97-9d3c99b31b8f,A,1.0,False
A-2621,74770a98-ffdd-450e-8259-985f6245593a,post,5a8b101e-559b-4a58-9e7e-624093d5dfd9,A,2.0,False
A-2622,cb23eeb7-b072-4995-a161-719a10f3c54a,comment,5a8b101e-559b-4a58-9e7e-624093d5dfd9,A,2.0,False
A-2623,4c1ee2c2-1383-4a2c-ba15-09867467eb24,post,5aafad5e-287f-4593-bc6a-3e242d836079,A,20.0,False
A-2624,1a6d36ef-627b-4fe3-8ad4-df08f1460d32,post,5aafad5e-287f-4593-bc6a-3e242d836079,A,20.0,False
A-2625,123de1d5-39b5-49ba-a820-9dfb0aacc051,comment,5aafad5e-287f-4593-bc6a-3e242d836079,A,20.0,False
A-2626,37e5f159-5112-41f6-a1cd-c33784508719,comment,5aafad5e-287f-4593-bc6a-3e242d836079,A,20.0,False
A-2627,abf37a49-6fcf-4925-a6b7-9890f834608e,post,5aafad5e-287f-4593-bc6a-3e242d836079,A,20.0,False
A-2628,b5839372-25f4-41d1-b46d-0e0b7bba0847,comment,5aafad5e-287f-4593-bc6a-3e242d836079,A,20.0,False
A-2629,7b1648e4-d1a6-486d-ad4c-6184ef2d95ac,post,5aafad5e-287f-4593-bc6a-3e242d836079,A,20.0,False
A-2630,fc79d51a-492d-4654-a7ac-f1e0bf390a7f,comment,5aafad5e-287f-4593-bc6a-3e242d836079,A,20.0,False
A-2631,5367ab92-1658-4c95-a64d-8517f14fcb62,comment,5aafad5e-287f-4593-bc6a-3e242d836079,A,20.0,False
A-2632,7b65da86-932c-4d52-80b3-368cbdc500c2,post,5aafad5e-287f-4593-bc6a-3e242d836079,A,20.0,False
A-2633,b2b9c459-c714-4628-a629-45cc8a215550,post,5aafad5e-287f-4593-bc6a-3e242d836079,A,20.0,False
A-2634,b7ffe194-40f9-4a7d-bada-61618ace6cb5,post,5aafad5e-287f-4593-bc6a-3e242d836079,A,20.0,False
A-2635,e339cf1a-4e4d-4c92-954f-fb9f84da1c66,post,5aafad5e-287f-4593-bc6a-3e242d836079,A,20.0,False
A-2636,954d08b0-bbd0-4523-b56f-d54396741470,post,5aafad5e-287f-4593-bc6a-3e242d836079,A,20.0,False
A-2637,f9877e3f-3cc4-4681-aa37-be264ea06be0,comment,5aafad5e-287f-4593-bc6a-3e242d836079,A,20.0,False
A-2638,47fafd11-3e0a-4453-ab88-5c9f8e20e262,post,5ac3fddc-3148-47cf-bc1c-149c6fbc0886,A,2.0,False
A-2639,a6eb110c-d617-4d6f-98af-a71013c79bdc,post,5ac3fddc-3148-47cf-bc1c-149c6fbc0886,A,2.0,False
A-2640,169efa98-5376-4b8c-ace2-a4c80dbcf834,post,5adc5d87-00b8-47de-acf8-6e1c0c913392,A,3.0,False
A-2641,19d4bc14-64b0-4232-b223-116fc9af9a2d,post,5adc5d87-00b8-47de-acf8-6e1c0c913392,A,3.0,False
A-2642,fd27ceaf-8529-45b0-837b-3828513717ff,post,5adc5d87-00b8-47de-acf8-6e1c0c913392,A,3.0,False
A-2643,31042da6-ffe1-4f52-b867-8cf752c9f51f,post,5b184bf6-3e49-400e-8540-7e223f7a6f62,A,1.0,False
A-2644,dadb7885-3c6f-4c7b-8c42-3538a6feae1e,post,5b26db21-0e4b-42ce-8afd-6d40fb3679d7,A,1.0,False
A-2645,047e098e-40a0-442b-abb9-6e22d39fcc00,post,5b46d09a-6d34-48db-ab18-cb1c6289dae0,A,1.0,False
A-2646,22c34d33-eb1a-49f4-a2fc-0a789db076f6,comment,5b4e03c8-e93a-43a4-89fb-fea5618d0e6d,A,3.0,False
A-2647,394d6270-5d3f-4966-ac15-5bebeea8ee00,comment,5b4e03c8-e93a-43a4-89fb-fea5618d0e6d,A,3.0,False
A-2648,c499a7e3-108c-4c50-b525-863038657dd9,comment,5b4e03c8-e93a-43a4-89fb-fea5618d0e6d,A,3.0,False
A-2649,8a3b35b4-99d0-4c94-9a67-da7f65a31410,post,5b6e606b-a353-4aad-b537-ad0ce75279ba,A,1.0,False
A-2650,389214a0-4a30-4cac-82f7-5477a8ce3d0d,post,5bb06b69-96ef-4005-9a0a-756ad5c524bd,A,2.0,False
A-2651,ee00f1ab-15c0-4914-ab8a-c26ae57aa4e2,post,5bb06b69-96ef-4005-9a0a-756ad5c524bd,A,2.0,False
A-2652,1ccb3266-adcb-49da-8844-3db6e2e80f22,post,5bc22c55-8ccf-43a8-8aa5-bde445f077b2,A,1.0,False
A-2653,c55b8b49-69a5-4f93-ae92-c3aed7fed471,post,5bdc3897-662f-4c1b-b34a-467ebfdae2d2,A,1.0,False
A-2654,eec875ba-3cd5-4fc0-90c2-9befc06d91d4,post,5bdff9a7-9588-4d72-8ae6-73edae53609e,A,1.0,False
A-2655,2d4128e4-fc27-4b33-b505-22ac08f9e2f8,post,5be31227-8a27-4138-9aac-aea2c41a37ec,A,2.0,False
A-2656,607febf7-884d-41f2-b261-84d0a373aaf3,post,5be31227-8a27-4138-9aac-aea2c41a37ec,A,2.0,False
A-2657,1efad8ff-cc75-4e35-8b97-1a5f247abaf8,post,5be7b854-0861-402a-9888-1a05ab41d923,A,1.0,False
A-2658,ecb7fef4-b13e-4aa9-85bc-3c9495ee9252,post,5bed5f0a-2001-40b8-95a2-09b80d8bb359,A,1.0,False
A-2659,bb21e2c5-dfdc-4809-a8e4-edc23d3d9ad4,post,5bf3dbd5-45cd-4ec0-842e-772c246696ef,A,1.0,False
A-2660,07f31f45-f59d-49f5-99d3-7888b62b83ac,post,5bf65f72-febb-49b6-ba38-2d3b2c8fd0ee,A,5.0,False
A-2661,13397197-03e0-499e-a4ec-d52c3ac29291,comment,5bf65f72-febb-49b6-ba38-2d3b2c8fd0ee,A,5.0,False
A-2662,64cc270f-1056-4b23-84fe-6c754d31d69f,post,5bf65f72-febb-49b6-ba38-2d3b2c8fd0ee,A,5.0,False
A-2663,bf939ed6-9a42-4b42-8200-81ee02092389,comment,5bf65f72-febb-49b6-ba38-2d3b2c8fd0ee,A,5.0,False
A-2664,e36bc6e2-b98a-49bc-9400-1453551c7b1f,comment,5bf65f72-febb-49b6-ba38-2d3b2c8fd0ee,A,5.0,False
A-2665,76cb3213-6d8d-4aa0-88ce-a56ce4bd90bb,post,5c03d1d0-e98d-41b7-bb84-777bf1a6c10d,A,1.0,False
A-2666,4476b5a1-0973-4420-9ec7-fe7055ae1eb9,post,5c0673e5-05cd-4aee-b75f-88733dbd620b,A,1.0,False
A-2667,75917c10-0328-481a-91f3-0cece0c97198,post,5c0832ca-7e3e-44b5-8e85-6601cca225e6,A,1.0,False
A-2668,cb2b5694-85ce-4aff-a541-0d5af9ff9b28,post,5c0ab07c-a999-4050-a944-d7a739ef1fa1,A,1.0,False
A-2669,0ac1ea03-8ed0-4301-aaff-33d2d51a9e78,post,5c4bcf9a-bf0f-438e-9d1c-a5399f3834a1,A,1.0,False
A-2670,61c2fac6-ede5-45cb-b972-cbe667999699,post,5c4bd18a-726f-4b2f-9584-03feb95d0a3d,A,3.0,False
A-2671,8557db00-eeb8-4938-a29e-edff5c3d422b,post,5c4bd18a-726f-4b2f-9584-03feb95d0a3d,A,3.0,False
A-2672,8ab7ac22-5102-461a-86d3-bece9bf48c5e,post,5c4bd18a-726f-4b2f-9584-03feb95d0a3d,A,3.0,False
A-2673,ba33a507-cd71-436d-99bd-66f1ca160f77,post,5c5db97a-4941-4d7c-8071-13d15adbcf99,A,1.0,False
A-2674,19a6c354-ebd0-4d97-b647-ad77ea341dea,post,5c6c6fbd-a1d8-42e2-bb15-1acb3220e437,A,1.0,False
A-2675,1a77aae6-91d8-42fa-8fc3-afc323034a44,post,5c75a049-fbe0-4acd-9bab-4905302034f7,A,1.0,False
A-2676,f258d9e9-7d55-4281-b089-4888bed02295,post,5c807d60-c237-4da1-a611-cc93e98c631d,A,1.0,False
A-2677,907901cc-bbb0-4202-ae5f-5ad7b8f4c7cd,post,5c80a3ed-eed3-4496-a266-4f5691073230,A,1.0,False
A-2678,16b78fd3-7294-483c-85dd-8dbd4da1b175,post,5c95bc76-b89c-4e49-bf89-2c520b7e7c37,A,1.0,False
A-2679,01049c67-ffe8-440b-9602-6ec91148008b,post,5cbd9ebf-fb9a-4ed8-b9d3-4a7ddf3dc541,A,6.0,False
A-2680,878bcb16-04cd-447e-ba8f-b5eaab70631a,comment,5cbd9ebf-fb9a-4ed8-b9d3-4a7ddf3dc541,A,6.0,False
A-2681,a350e59c-22b7-4c69-8eed-9acb4ea5dab7,comment,5cbd9ebf-fb9a-4ed8-b9d3-4a7ddf3dc541,A,6.0,False
A-2682,cc169485-ca99-4559-a127-fd4a86199bb3,post,5cbd9ebf-fb9a-4ed8-b9d3-4a7ddf3dc541,A,6.0,False
A-2683,d7689ef5-7441-4a4b-a419-a05030cf3cf0,post,5cbd9ebf-fb9a-4ed8-b9d3-4a7ddf3dc541,A,6.0,False
A-2684,e380287f-954d-487d-ad2b-56071744cfc3,comment,5cbd9ebf-fb9a-4ed8-b9d3-4a7ddf3dc541,A,6.0,False
A-2685,b2c7fa05-cfb2-4e2e-8ead-29df37c610a3,comment,5cc77e05-49e1-4939-9fba-bd5cb92b2542,A,3.0,False
A-2686,ceaf8d9c-706a-4a79-8fd8-4a978e5b1684,comment,5cc77e05-49e1-4939-9fba-bd5cb92b2542,A,3.0,False
A-2687,d5fc0c4a-c74d-4abd-8f4c-e3aa7b134b0f,post,5cc77e05-49e1-4939-9fba-bd5cb92b2542,A,3.0,False
A-2688,708b9c0d-8476-4a2b-bc6e-d79a5a854338,post,5cdc0de6-8176-450c-9bba-94996f1b359f,A,4.0,False
A-2689,75b73efa-3cd1-48f6-882d-840c0f72018f,post,5cdc0de6-8176-450c-9bba-94996f1b359f,A,4.0,False
A-2690,c4021e00-b4ea-48e5-8940-beb037184fb3,post,5cdc0de6-8176-450c-9bba-94996f1b359f,A,4.0,False
A-2691,fdd89bf9-59bf-4602-8418-f0cd27d72cf4,comment,5cdc0de6-8176-450c-9bba-94996f1b359f,A,4.0,False
A-2692,aa4f4134-82a9-4d63-95b3-b638ec590c0f,post,5d155011-d1ff-45ed-ae4e-09f4b225b84a,A,1.0,False
A-2693,8996d876-92a7-4c8f-bca0-2730d6a216d8,post,5d2f002f-59ac-4705-b047-300e72955151,A,1.0,False
A-2694,3ce7d9f2-7032-4204-ab79-d5a2acd02131,post,5d32d819-ffbf-4822-9fee-d29ca05306db,A,3.0,False
A-2695,53e4a801-7d54-4abe-bac3-00997a8052c0,post,5d32d819-ffbf-4822-9fee-d29ca05306db,A,3.0,False
A-2696,dc874550-a981-4b0f-b754-1c2e41041e78,comment,5d32d819-ffbf-4822-9fee-d29ca05306db,A,3.0,False
A-2697,219095b2-85b0-4d9a-9d3a-9b91361861ad,comment,5d6e3cfe-6a06-406d-8b44-c2f4711f59e3,A,6.0,False
A-2698,376ea471-cb0e-4a6b-91cc-de944fe931dd,comment,5d6e3cfe-6a06-406d-8b44-c2f4711f59e3,A,6.0,False
A-2699,b60cb440-0d6f-4e0e-961b-2e3d5f735f21,comment,5d6e3cfe-6a06-406d-8b44-c2f4711f59e3,A,6.0,False
A-2700,b61af7f6-1088-4634-8d91-242b961fbd5c,comment,5d6e3cfe-6a06-406d-8b44-c2f4711f59e3,A,6.0,False
A-2701,ec1e540c-cbf6-4201-8300-5ad3fc229367,post,5d6e3cfe-6a06-406d-8b44-c2f4711f59e3,A,6.0,False
A-2702,f34b86bd-60ba-45fe-98dc-9542efcfdb20,comment,5d6e3cfe-6a06-406d-8b44-c2f4711f59e3,A,6.0,False
A-2703,1da31aa2-d408-46b9-a54d-5a6a0dc4345a,post,5d787a04-9b40-4953-98d3-96011daee564,A,2.0,False
A-2704,dbdffb90-544e-4f50-b655-50cae55a8f85,comment,5d787a04-9b40-4953-98d3-96011daee564,A,2.0,False
A-2705,a46540c0-29ea-4289-92d6-63945bf8b8a1,post,5daaa18f-3b6d-4e14-ab5f-57cd35c295b6,A,2.0,False
A-2706,c811c895-25de-45bb-871b-b1b56c7b55a5,post,5daaa18f-3b6d-4e14-ab5f-57cd35c295b6,A,2.0,False
A-2707,1296ee76-5e90-4f8f-82a4-6af3a91c2278,post,5dc1fb8b-2e24-42b3-8854-6afb7bd187b7,A,1.0,False
A-2708,604878cc-bba2-4d12-863d-a3d77ec8635d,post,5dc637fb-c1e4-4160-ac75-5c8f7cd684d6,A,1.0,False
A-2709,a9fb8151-c483-4a8f-a92f-57a8685a4603,post,5dc68069-9987-42c4-a77a-d7410280a386,A,1.0,False
A-2710,74019828-3807-487a-bdf1-6767b2e5e5f3,comment,5dcfabe6-3487-4e53-81d9-8d683845014a,A,2.0,False
A-2711,7e0c87f8-2cf9-4907-bb2d-d4d494395e2e,post,5dcfabe6-3487-4e53-81d9-8d683845014a,A,2.0,False
A-2712,21cb805f-816e-400f-a880-068ec9c2b212,post,5de9011c-9aa5-4519-af23-538d2ba973d6,A,5.0,False
A-2713,6e874e9f-3880-48e8-9441-c077ffa415dd,comment,5de9011c-9aa5-4519-af23-538d2ba973d6,A,5.0,False
A-2714,7be31173-04f9-4f00-b131-6c8220121011,post,5de9011c-9aa5-4519-af23-538d2ba973d6,A,5.0,False
A-2715,a4533e86-de43-4d6b-8062-efc31796a9dc,post,5de9011c-9aa5-4519-af23-538d2ba973d6,A,5.0,False
A-2716,eda9a753-7d11-443e-883d-81dd72007556,post,5de9011c-9aa5-4519-af23-538d2ba973d6,A,5.0,False
A-2717,2f7a633c-c51b-4c7c-aa52-25df9b4a1d7c,post,5decea01-c3ff-4c31-8a6c-33824a2ef7b2,A,1.0,False
A-2718,5b5557fa-bed3-450f-b8d3-024e95593ba0,comment,5dedcdfb-0acd-4542-a22d-ab5f3155c4a9,A,2.0,False
A-2719,a5627ef0-4ca3-49c7-84f4-fcbe46283816,post,5dedcdfb-0acd-4542-a22d-ab5f3155c4a9,A,2.0,False
A-2720,4204a4fe-be00-4b9e-9bcc-b0ecd93d981c,post,5e098b28-df68-4886-aa47-8f53d9b4a720,A,2.0,False
A-2721,86a49b40-dac2-44e8-b709-d05870997f26,post,5e098b28-df68-4886-aa47-8f53d9b4a720,A,2.0,False
A-2722,8e1be079-6313-4bd2-b27e-0554126d74ed,post,5e199744-a29a-46c7-8540-ae35efaac8be,A,3.0,False
A-2723,917bf6f7-446e-492b-86e5-87d7bc6196b1,comment,5e199744-a29a-46c7-8540-ae35efaac8be,A,3.0,False
A-2724,9507ec17-11cf-4722-9bd0-7fd90e2940d8,post,5e199744-a29a-46c7-8540-ae35efaac8be,A,3.0,False
A-2725,e1c889a8-e75b-4190-84ce-524560471b8c,comment,5e2cd087-bca6-4e06-9703-86ba5c3bb861,A,1.0,False
A-2726,4b3e75b5-4a59-4860-85ff-9588d3750d29,comment,5e37a4cd-87c2-4092-bfb3-83a815f1043c,A,4.0,False
A-2727,8cfc193e-9c85-4d83-8c1d-0502e91de531,comment,5e37a4cd-87c2-4092-bfb3-83a815f1043c,A,4.0,False
A-2728,c57c052f-e5d7-4e07-8e5a-036cb3189a19,post,5e37a4cd-87c2-4092-bfb3-83a815f1043c,A,4.0,False
A-2729,fdf4d2c9-9b4d-410f-ba01-314702673ae4,post,5e37a4cd-87c2-4092-bfb3-83a815f1043c,A,4.0,False
A-2730,73d889bd-6bc9-4df9-8f0b-fd5c01cb3503,comment,5e3adde9-65f4-4e7a-9d67-18f184688158,A,2.0,False
A-2731,e651c639-8ef3-4831-a66c-3b09706cad6f,comment,5e3adde9-65f4-4e7a-9d67-18f184688158,A,2.0,False
A-2732,33b131ec-2716-49e0-a9cb-c8a1c56102ff,post,5e428677-e308-4045-a7d4-d42ab332601a,A,1.0,False
A-2733,f16606eb-cdd0-4e26-b40f-4c0acf80d655,post,5e5b16df-881c-4aaa-a139-c59b28674fe0,A,1.0,False
A-2734,0d8dc6c2-e898-4a70-ab6f-6ac19226cc4b,post,5e67b535-be1e-4128-869d-0ca0253a13c3,A,1.0,False
A-2735,688c5e8d-e66b-4fec-a1a6-c306d5d80f2d,post,5e6b3a30-69e9-4028-a1b7-85b8e600460b,A,4.0,False
A-2736,baba93b5-bbf3-4ccb-8d80-e26b087c4b4a,comment,5e6b3a30-69e9-4028-a1b7-85b8e600460b,A,4.0,False
A-2737,eb4d0852-8295-49c5-9f6d-0421bf557ec5,post,5e6b3a30-69e9-4028-a1b7-85b8e600460b,A,4.0,False
A-2738,f689c21f-99c5-4230-b170-64fa72ac1391,post,5e6b3a30-69e9-4028-a1b7-85b8e600460b,A,4.0,False
A-2739,8cdad2d2-04d3-4ae4-a89d-8b244cec1c2a,post,5e7ebc91-bcf5-4508-b7ae-7ab0c22fb953,A,3.0,False
A-2740,b1f9c387-e5ec-4fbe-ae0a-b1ea6e179028,post,5e7ebc91-bcf5-4508-b7ae-7ab0c22fb953,A,3.0,False
A-2741,f1ecd540-6549-4f8e-bc53-0c4df6d76a54,post,5e7ebc91-bcf5-4508-b7ae-7ab0c22fb953,A,3.0,False
A-2742,21aaec31-cca7-40ff-bae1-16bae428653a,post,5eb2e2a4-7c11-4621-abf5-220c7c76a947,A,2.0,False
A-2743,27ff594f-2eb8-4c03-83e1-a7f89bcb7114,post,5eb2e2a4-7c11-4621-abf5-220c7c76a947,A,2.0,False
A-2744,dfd7fc55-2dfc-421c-a3e3-8c3085fb5015,post,5eba11a8-49c5-47bb-91de-6e5e1d8020fd,A,1.0,False
A-2745,03146b9e-3d49-4dd6-9942-ec650cb5203e,post,5ebe4d97-4830-48af-9c0b-704681a28cc9,A,7.0,False
A-2746,2c9644a8-ed30-42ea-9203-5dc6f8ee64e5,post,5ebe4d97-4830-48af-9c0b-704681a28cc9,A,7.0,False
A-2747,3180ab01-840e-4da1-8409-658a602fd102,comment,5ebe4d97-4830-48af-9c0b-704681a28cc9,A,7.0,False
A-2748,3e647f5a-285f-41fe-80b3-a273252d4551,post,5ebe4d97-4830-48af-9c0b-704681a28cc9,A,7.0,False
A-2749,88b7f778-6327-4d00-8ab2-15290ffd994e,post,5ebe4d97-4830-48af-9c0b-704681a28cc9,A,7.0,False
A-2750,c4c814b5-088f-47c8-94f2-8eaebcd0e3c8,post,5ebe4d97-4830-48af-9c0b-704681a28cc9,A,7.0,False
A-2751,f6c96456-bba9-47dd-ad23-f464dd3c6269,comment,5ebe4d97-4830-48af-9c0b-704681a28cc9,A,7.0,False
A-2752,5b7208cf-5cc4-4965-a1f4-c8d0b4be4aa7,post,5ec964d0-d2e1-48b4-ac35-747e6e2ae18c,A,2.0,False
A-2753,d354e238-b9a1-4a86-b7c6-b8b1c2d2a895,post,5ec964d0-d2e1-48b4-ac35-747e6e2ae18c,A,2.0,False
A-2754,b3bbf10c-3f25-48b5-ae2b-ce28255e5608,post,5ed8f412-3140-4a7b-96cd-0e9944cbdc47,A,1.0,False
A-2755,f6566713-9dcf-4caa-8925-d265a00fe562,post,5eea48bc-28d5-475a-b9c5-bd35212ca93f,A,1.0,False
A-2756,59ef1358-9682-46b8-9eca-1f251241bc76,post,5ef38a48-f177-4e33-874c-780aba8081d9,A,1.0,False
A-2757,04d514cc-ec3d-4c26-aa0b-09ff06960046,post,5f35f1b5-616d-4e1c-872a-fb087ed5f534,A,1.0,False
A-2758,5c1907aa-0f00-4161-8b0c-98d2861475bb,post,5f3dfdaf-02af-461d-80c8-c7b81a030a26,A,1.0,False
A-2759,92ef2709-0b16-407b-adf0-8a947acacbf2,post,5f4dcc71-dbb4-497e-a562-96af4af7babb,A,1.0,False
A-2760,22b2403c-cf19-49fc-aeff-ece85e321b91,comment,5f4edbbb-89ff-4c47-a6a0-7ed9e70a5f7f,A,1.0,False
A-2761,284afe4f-3fe4-4cd9-9bd1-8043d8322750,post,5f53e033-44c3-47aa-8101-7c557263c82d,A,1.0,False
A-2762,04d71d2e-bf4a-4c23-b476-7aeb8b88ccf9,post,5f6d9add-e23a-46b0-9aa7-cbcfc0998022,A,2.0,False
A-2763,a528f2e9-34c0-49eb-b64a-cb774d81e333,comment,5f6d9add-e23a-46b0-9aa7-cbcfc0998022,A,2.0,False
A-2764,f5e816f6-a0cd-4c19-8678-bd357d193422,post,5fae37c0-3f55-413b-9feb-16e325be8c97,A,1.0,False
A-2765,3e443f3f-f396-4a3b-ab04-f6b7e2b14302,post,600082c5-289f-46b5-bed6-87487f45c4ad,A,3.0,False
A-2766,c8db677c-61cc-4e3f-a36c-cc191e07f591,comment,600082c5-289f-46b5-bed6-87487f45c4ad,A,3.0,False
A-2767,f0b454aa-7824-40da-bf81-8aa57b86e2f1,post,600082c5-289f-46b5-bed6-87487f45c4ad,A,3.0,False
A-2768,1a988b59-884b-4ef3-b5e4-3e47d962eef6,post,6007eed4-0802-4001-97f1-c868b84fd8eb,A,1.0,False
A-2769,abc35221-4c1b-4881-b9f6-fef3259e96ae,post,6007fcd6-5050-45b3-b555-6f0157033c1b,A,1.0,False
A-2770,6d422157-91aa-4c97-9b9a-4525d696cef0,post,60288ea4-2efc-4743-8426-b85e31ceb588,A,2.0,False
A-2771,bb862a32-ec31-4cce-a97d-0e43fbc43c45,post,60288ea4-2efc-4743-8426-b85e31ceb588,A,2.0,False
A-2772,4efbab7a-e691-4efb-9da3-2175cbaa80c2,post,603bad3b-35c9-40ef-b341-6cbd51a5ac9b,A,1.0,False
A-2773,20bdce81-6302-4bf8-b63b-da8bfeab93f8,comment,6059e908-761c-4ecf-8b3f-2cbfda927d4b,A,8.0,False
A-2774,3c8ac051-40d5-42ac-b3a6-14a5fb9e7d7f,comment,6059e908-761c-4ecf-8b3f-2cbfda927d4b,A,8.0,False
A-2775,5324136b-7f7f-47f6-badc-cc86096854f9,comment,6059e908-761c-4ecf-8b3f-2cbfda927d4b,A,8.0,False
A-2776,6eb44f54-3fbc-4b2e-b973-a4146e1b2604,comment,6059e908-761c-4ecf-8b3f-2cbfda927d4b,A,8.0,False
A-2777,7c685dd9-d5f8-4365-9590-81925adfedcf,comment,6059e908-761c-4ecf-8b3f-2cbfda927d4b,A,8.0,False
A-2778,82d14a1d-1817-4169-9749-577605483eca,comment,6059e908-761c-4ecf-8b3f-2cbfda927d4b,A,8.0,False
A-2779,9b532911-506d-4ee0-a95e-f3d266361887,comment,6059e908-761c-4ecf-8b3f-2cbfda927d4b,A,8.0,False
A-2780,efb39e01-e175-430d-b1ed-d5d6f59607ef,comment,6059e908-761c-4ecf-8b3f-2cbfda927d4b,A,8.0,False
A-2781,2058accb-943d-4b55-be3a-303499c2fef2,comment,605e63b6-8620-48ee-a5a2-4e4f06dc6375,A,6.0,False
A-2782,463958dd-03fa-47a0-abd1-9fd82826a591,post,605e63b6-8620-48ee-a5a2-4e4f06dc6375,A,6.0,False
A-2783,6d68f1ab-4f6c-455d-8e19-245b064abe98,post,605e63b6-8620-48ee-a5a2-4e4f06dc6375,A,6.0,False
A-2784,8f3f3ae1-677c-4911-9e88-7c34d645f512,post,605e63b6-8620-48ee-a5a2-4e4f06dc6375,A,6.0,False
A-2785,94e9bd79-8f70-4317-b5c4-93a720d282e6,post,605e63b6-8620-48ee-a5a2-4e4f06dc6375,A,6.0,False
A-2786,a1630b35-1806-48ae-83f8-03180d67eb3a,post,605e63b6-8620-48ee-a5a2-4e4f06dc6375,A,6.0,False
A-2787,0974f21a-b1eb-4904-b146-a284a3cf7c0a,comment,606d94f2-9fde-414b-add3-d326c9ab3ccc,A,6.0,False
A-2788,2b3cc583-5d05-45e3-9b64-740533d1b090,comment,606d94f2-9fde-414b-add3-d326c9ab3ccc,A,6.0,False
A-2789,612ab6f9-67ae-4d42-81e3-42db742dc1a6,post,606d94f2-9fde-414b-add3-d326c9ab3ccc,A,6.0,False
A-2790,9b940dc4-1689-45d9-b1ee-ffd4cf133432,comment,606d94f2-9fde-414b-add3-d326c9ab3ccc,A,6.0,False
A-2791,c603ca77-2c14-4eff-8900-21040f90e8ca,comment,606d94f2-9fde-414b-add3-d326c9ab3ccc,A,6.0,False
A-2792,d2cb62fd-5871-45b2-8a57-5fdb0fff688d,comment,606d94f2-9fde-414b-add3-d326c9ab3ccc,A,6.0,False
A-2793,351140e8-26fb-4da8-a744-13b821944393,post,60b181c4-6213-465c-b9b7-68ac578c4327,A,3.0,False
A-2794,3a4601c2-17a2-4e0b-9ad4-f75084f28fb1,post,60b181c4-6213-465c-b9b7-68ac578c4327,A,3.0,False
A-2795,431521c8-f92d-4618-960c-d1326e295600,post,60b181c4-6213-465c-b9b7-68ac578c4327,A,3.0,False
A-2796,7a7c7c26-8d8e-448c-95b1-6b866f266a88,comment,60c20a3f-94fe-41ec-8040-0b47d4724dcc,A,1.0,False
A-2797,3f6da6f9-d80e-4d71-99b5-72c179fd646c,comment,60df6dbf-7b2e-462d-b111-5ad7d9c754a8,A,2.0,False
A-2798,8c27c4c4-0773-401f-9f2f-304320444321,post,60df6dbf-7b2e-462d-b111-5ad7d9c754a8,A,2.0,False
A-2799,207db330-4078-4738-b664-0e1e873ab188,comment,61118e7b-49ea-4d37-b984-a049d232a9e2,A,3.0,False
A-2800,2e5902b1-5e50-4adc-8929-02cba601f730,comment,61118e7b-49ea-4d37-b984-a049d232a9e2,A,3.0,False
A-2801,d5d7deff-4377-4d0f-aea4-8befa9c37eed,post,61118e7b-49ea-4d37-b984-a049d232a9e2,A,3.0,False
A-2802,31945b94-54c0-4fbd-b3ff-fe56240643f6,comment,618c6c82-bc2b-4ec1-a32b-37f6e15d25a3,A,3.0,False
A-2803,6c4d88ba-405a-46dc-a3ee-19900fde481e,comment,618c6c82-bc2b-4ec1-a32b-37f6e15d25a3,A,3.0,False
A-2804,9b8470aa-6abb-404d-9e51-9dcb6862a2b8,comment,618c6c82-bc2b-4ec1-a32b-37f6e15d25a3,A,3.0,False
A-2805,1c4db358-d561-404a-a9a2-ad78a3f869b3,post,618dd6c6-c50e-4ac8-ab87-49f3bffab90d,A,1.0,False
A-2806,6baae6b1-d347-474a-9398-89a8aedd1f44,post,618fdc8a-c71e-4f22-9a94-656ba4735425,A,1.0,False
A-2807,028decbb-2660-4a0f-9c24-9ecb9e758b9c,post,619acfa7-a6cb-4b33-a554-99a8e9143491,A,1.0,False
A-2808,c77e869e-f82b-4025-a7b4-358df9b2ab78,post,61bc4506-7274-46e9-8713-a234478eb3b8,A,1.0,False
A-2809,58805211-175c-4223-8b7a-ba489754b090,comment,61d5827b-7e9f-4bb1-a8f6-775779c1eb9f,A,1.0,False
A-2810,c350c484-34ce-417a-a5a7-21e01758cb44,post,61e0cb6e-8645-4d26-a111-e9fde87fa5aa,A,1.0,False
A-2811,c0775e6e-e068-473a-be15-c2b2a3da8e2b,post,61e82518-600f-462b-b46e-7de2b0525e21,A,1.0,False
A-2812,14dd14b1-1b08-4907-acc2-a5bbac145027,post,62286fbe-a25c-4c24-9eba-861507943463,A,4.0,False
A-2813,a69155ac-b9fe-455c-a82b-652316012a58,post,62286fbe-a25c-4c24-9eba-861507943463,A,4.0,False
A-2814,ba3f5ba5-85cb-48c4-8e2a-cb1c2b4372ed,comment,62286fbe-a25c-4c24-9eba-861507943463,A,4.0,False
A-2815,e66cfc5f-3afc-41cf-9cd9-1bdee6664b03,post,62286fbe-a25c-4c24-9eba-861507943463,A,4.0,False
A-2816,009da309-6146-4d1e-84cc-110170afc70c,post,625568d8-a12a-47d2-a6b7-81cb8334a1cd,A,3.0,False
A-2817,5748f242-804c-4b54-9fc5-3e987ab0fa7e,post,625568d8-a12a-47d2-a6b7-81cb8334a1cd,A,3.0,False
A-2818,a9663695-5f10-4e7e-aa3b-7fa1147090a9,post,625568d8-a12a-47d2-a6b7-81cb8334a1cd,A,3.0,False
A-2819,2fa48e6f-e0a4-456b-8f1c-ac49a956b6ec,post,6264cf30-12b1-487f-8914-be98d39366d5,A,1.0,False
A-2820,1ff22f49-9e07-4359-9af0-9432776f29d0,comment,626a3f36-4260-4f7c-88e0-b1c5f85d2ca5,A,8.0,False
A-2821,223fb68b-b5b7-402e-8320-7a018b4bd54b,comment,626a3f36-4260-4f7c-88e0-b1c5f85d2ca5,A,8.0,False
A-2822,24a719a0-c852-4e4a-8563-6bac6a1cc7c1,comment,626a3f36-4260-4f7c-88e0-b1c5f85d2ca5,A,8.0,False
A-2823,46913a50-d8bc-44c7-a771-7ac52ef0ebf8,comment,626a3f36-4260-4f7c-88e0-b1c5f85d2ca5,A,8.0,False
A-2824,4e24e63e-ecfb-4a5b-9e6f-7abe9c66db86,comment,626a3f36-4260-4f7c-88e0-b1c5f85d2ca5,A,8.0,False
A-2825,a7c8f2cb-65cf-4b22-b628-f7953188b8a2,comment,626a3f36-4260-4f7c-88e0-b1c5f85d2ca5,A,8.0,False
A-2826,f0432ccd-10cc-4535-b246-bdca8c5574ec,post,626a3f36-4260-4f7c-88e0-b1c5f85d2ca5,A,8.0,False
A-2827,f4173f26-1a03-46c4-9747-c8353ff87609,comment,626a3f36-4260-4f7c-88e0-b1c5f85d2ca5,A,8.0,False
A-2828,2e941644-549a-4f90-9747-770a2ba66c3e,post,627af5b2-daef-4409-924a-e3997b67f0fe,A,2.0,False
A-2829,e88a010a-44fb-4f3a-80a6-6513a0598db5,comment,627af5b2-daef-4409-924a-e3997b67f0fe,A,2.0,False
A-2830,0de817eb-8a32-4d34-a3ad-61bc3a3e816f,post,628d4dea-36d6-4e06-a97d-7f15ad8582c0,A,4.0,False
A-2831,52162d96-2f5c-425f-a52e-be763c0a2e97,comment,628d4dea-36d6-4e06-a97d-7f15ad8582c0,A,4.0,False
A-2832,5635680f-68f5-4739-ae96-6a9e401f8be1,comment,628d4dea-36d6-4e06-a97d-7f15ad8582c0,A,4.0,False
A-2833,c7dde859-754a-46c5-aae1-0fd179ea8c1e,comment,628d4dea-36d6-4e06-a97d-7f15ad8582c0,A,4.0,False
A-2834,ac0a39e1-1a21-4186-b7d3-9c7939cc7c5c,post,6292b6cf-8bb6-4097-8dcb-05f723786dbb,A,1.0,False
A-2835,4d5f3d8c-175b-4623-902f-7a76ae3f5f88,post,62afccb5-a756-438a-ac62-c0c5aadd93eb,A,1.0,False
A-2836,4322fa3b-87d4-48e5-a880-5814001b210f,post,62b4d23a-b43d-4380-be47-47b1a9e771ac,A,2.0,False
A-2837,5ce698ae-dace-47ad-994f-9978fc006692,comment,62b4d23a-b43d-4380-be47-47b1a9e771ac,A,2.0,False
A-2838,5125cb98-50ec-41cb-9ce6-261522ebd991,post,62c47497-0e8d-47b0-9c83-2fb2fcca3a24,A,1.0,False
A-2839,56a39171-5fab-497b-a5a9-aa59b4d08e21,post,62e3e9a5-fef7-4702-a79f-7e0e78c81b18,A,1.0,False
A-2840,06e18f46-c2b4-4ee1-ad44-3db9feefd6c8,post,63093e6c-61c7-4e86-826d-d01c272441ba,A,2.0,False
A-2841,63a819cc-73a9-48e2-9ff1-a9ed1eb4c87c,post,63093e6c-61c7-4e86-826d-d01c272441ba,A,2.0,False
A-2842,bfe1daac-a754-4188-a78a-bec4d26ed061,comment,6318cc5d-d3ff-4e8a-86e7-c8080f2fc70d,A,1.0,False
A-2843,ebc1550f-c614-40ad-b169-e08831ac5182,post,63221f1a-2621-4d9c-9b3f-a77047a4a655,A,1.0,False
A-2844,ccdecf03-7610-4aa4-9827-f306063a98ca,post,6349268e-8739-4149-b44f-e073e1785040,A,1.0,False
A-2845,dd0deeaa-df34-4555-bb53-c2f6cc895d18,post,637801a2-f251-4b38-b48b-b6f08c770092,A,1.0,False
A-2846,e58ba846-4b4a-481f-8ed9-d3a6d877537e,post,639eef9e-c3e7-4de8-9c9a-fad4b010843e,A,1.0,False
A-2847,2267f074-7b05-40f9-8f31-43d815ba3435,comment,63fa9ea1-bc68-4d03-8d2a-dd0a262620cd,A,2.0,False
A-2848,977d6054-aed8-4dd5-bf8d-2188ca9edb3e,comment,63fa9ea1-bc68-4d03-8d2a-dd0a262620cd,A,2.0,False
A-2849,2543696c-0ee1-4e3e-8bd7-bd56aa94fde3,post,6407bfa7-3c5e-43f5-8451-7256a432be9d,A,1.0,False
A-2850,33f7aabc-30f1-4358-a1c1-d845448adfd3,post,642c41c5-f329-4c48-aa47-8ff56d90a934,A,2.0,False
A-2851,463d72a4-992a-4035-bd11-9103628f97ee,post,642c41c5-f329-4c48-aa47-8ff56d90a934,A,2.0,False
A-2852,ceb64262-813c-4851-b113-df159b29ac23,post,644d1bc4-ada7-476d-b75a-7214957a663e,A,1.0,False
A-2853,55f31a82-5ba5-4d0f-8bcc-674ccd6599a9,post,648046fe-7c39-4a48-95dc-ee90c973fff7,A,2.0,False
A-2854,a3e8ad4a-a6b5-49d7-99f4-d760924e779e,post,648046fe-7c39-4a48-95dc-ee90c973fff7,A,2.0,False
A-2855,3fc748c2-e596-4c15-b736-febc16d25b06,comment,649c56b9-405b-4cec-b33e-202a41a50d42,A,8.0,False
A-2856,4c84fdd2-ee8a-4f9a-a9e7-cf5073315c7b,post,649c56b9-405b-4cec-b33e-202a41a50d42,A,8.0,False
A-2857,53174084-73ae-4569-b3c4-e286e51ac5f8,post,649c56b9-405b-4cec-b33e-202a41a50d42,A,8.0,False
A-2858,592ccb24-1dd8-4e9b-a48a-d808e652ac3d,comment,649c56b9-405b-4cec-b33e-202a41a50d42,A,8.0,False
A-2859,c450d4fe-956e-4690-ba3b-ad71a0716bf7,comment,649c56b9-405b-4cec-b33e-202a41a50d42,A,8.0,False
A-2860,c4fe7b00-334d-4496-9450-741a535475d1,comment,649c56b9-405b-4cec-b33e-202a41a50d42,A,8.0,False
A-2861,cd8350b0-df23-48b7-aeb3-77ce8d6c4d5d,post,649c56b9-405b-4cec-b33e-202a41a50d42,A,8.0,False
A-2862,e2a46cff-8bc8-401c-baf4-612bfb2cb6bf,post,649c56b9-405b-4cec-b33e-202a41a50d42,A,8.0,False
A-2863,7374a729-c0fe-4341-b336-73f3ac421a81,post,64ed7ec2-e4dd-4526-9a71-8bc50b09d727,A,1.0,False
A-2864,0769cc78-dab0-4b85-b1a5-224a011cb750,comment,64f6fd63-9aea-4ce0-b9bf-e687f5459941,A,14.0,False
A-2865,13de1e35-2b57-4f56-90a1-462dd285e3d1,comment,64f6fd63-9aea-4ce0-b9bf-e687f5459941,A,14.0,False
A-2866,26aa3637-93bd-47b6-96d4-cfecf88b37f2,comment,64f6fd63-9aea-4ce0-b9bf-e687f5459941,A,14.0,False
A-2867,3bdc8d34-64e3-48d2-bd64-dbb37edd86f6,comment,64f6fd63-9aea-4ce0-b9bf-e687f5459941,A,14.0,False
A-2868,3d85b80b-866e-481d-a6d2-9b1330e21894,comment,64f6fd63-9aea-4ce0-b9bf-e687f5459941,A,14.0,False
A-2869,800a2556-e624-4cea-8be4-85145526f0ae,comment,64f6fd63-9aea-4ce0-b9bf-e687f5459941,A,14.0,False
A-2870,805e82ae-9f0c-45e0-8240-be5d2af79132,comment,64f6fd63-9aea-4ce0-b9bf-e687f5459941,A,14.0,False
A-2871,a4b14ab4-bd00-4574-9f20-e25a74aa6319,comment,64f6fd63-9aea-4ce0-b9bf-e687f5459941,A,14.0,False
A-2872,a799aec3-ee01-41af-aa0e-e74fd1dbaa0f,comment,64f6fd63-9aea-4ce0-b9bf-e687f5459941,A,14.0,False
A-2873,c2df5dd9-183a-4e03-9664-a8f5623a284f,post,64f6fd63-9aea-4ce0-b9bf-e687f5459941,A,14.0,False
A-2874,dc352baa-721a-4c21-a070-9a83539f2d04,comment,64f6fd63-9aea-4ce0-b9bf-e687f5459941,A,14.0,False
A-2875,e707abb9-9fa9-4de4-a287-3e826b8596cd,comment,64f6fd63-9aea-4ce0-b9bf-e687f5459941,A,14.0,False
A-2876,ec265936-8588-48c1-b96e-1bfafcf46543,comment,64f6fd63-9aea-4ce0-b9bf-e687f5459941,A,14.0,False
A-2877,f1339e08-826f-4387-bb13-4c9b8adb6e8c,comment,64f6fd63-9aea-4ce0-b9bf-e687f5459941,A,14.0,False
A-2878,425a0e44-bd18-47a1-a6fd-9d729feb2fec,comment,64fe346b-05df-47ac-af25-8805d13428ef,A,6.0,False
A-2879,46d6c831-e626-43cd-bee9-4cee6076ab4f,comment,64fe346b-05df-47ac-af25-8805d13428ef,A,6.0,False
A-2880,5eb17ed4-bb44-4d29-b5dc-e2f1ddb84b39,comment,64fe346b-05df-47ac-af25-8805d13428ef,A,6.0,False
A-2881,6911d728-c1ac-4668-b716-95444023553b,post,64fe346b-05df-47ac-af25-8805d13428ef,A,6.0,False
A-2882,89489e1d-627f-483d-aa41-4a47dc2aca6f,post,64fe346b-05df-47ac-af25-8805d13428ef,A,6.0,False
A-2883,ae3aedbd-b6a2-442b-afe1-47470e373e26,comment,64fe346b-05df-47ac-af25-8805d13428ef,A,6.0,False
A-2884,44fcd5b6-2412-42ac-94f5-765940a22005,post,65031b4c-82ef-4cfc-961a-9b0f192d3404,A,2.0,False
A-2885,6c110292-db7b-4029-b515-5d386dd92691,post,65031b4c-82ef-4cfc-961a-9b0f192d3404,A,2.0,False
A-2886,6fbd6789-2f9f-4df2-becd-167acf63759e,post,65101ca8-f14d-4b1e-b153-49865a178441,A,1.0,False
A-2887,15b61775-c605-41d3-bce1-b31471fd0ce0,post,65105cde-ebfe-4329-950e-6123b25fb261,A,2.0,False
A-2888,d1883d99-9a3a-445a-b7d7-a6ea88d6e87f,post,65105cde-ebfe-4329-950e-6123b25fb261,A,2.0,False
A-2889,b2f317c8-ba78-4429-ad55-7623650f7f68,post,651d93e7-7db8-4bdb-854a-6a113b28684f,A,1.0,False
A-2890,4a571c24-cb8d-4573-9702-1f5114d5aa7d,comment,651e1960-41f7-4910-9e69-e6903bb047db,A,14.0,False
A-2891,4e0b6993-8744-4ed3-91c9-13da792d0982,comment,651e1960-41f7-4910-9e69-e6903bb047db,A,14.0,False
A-2892,5af8eba2-bf6a-4701-8bfa-3ac4ef87c622,comment,651e1960-41f7-4910-9e69-e6903bb047db,A,14.0,False
A-2893,73e459a1-6e28-4ed8-90ca-84966db57a5f,post,651e1960-41f7-4910-9e69-e6903bb047db,A,14.0,False
A-2894,9120d8b6-35f6-407c-ab62-46790478320e,post,651e1960-41f7-4910-9e69-e6903bb047db,A,14.0,False
A-2895,a56614be-8f28-42b5-8a2f-902e29b1f693,comment,651e1960-41f7-4910-9e69-e6903bb047db,A,14.0,False
A-2896,ba05883d-4363-47f7-a723-da40d1c9937c,comment,651e1960-41f7-4910-9e69-e6903bb047db,A,14.0,False
A-2897,c23fff7b-f61f-48f9-96ef-8de9353a415f,comment,651e1960-41f7-4910-9e69-e6903bb047db,A,14.0,False
A-2898,d369b3fc-265f-4e94-9171-4194d9c5dd8d,comment,651e1960-41f7-4910-9e69-e6903bb047db,A,14.0,False
A-2899,dcf5ca77-1564-4a75-85e4-90e6bdfcac4d,comment,651e1960-41f7-4910-9e69-e6903bb047db,A,14.0,False
A-2900,e0984fe5-543a-4339-a800-5e7ac4ed0d31,comment,651e1960-41f7-4910-9e69-e6903bb047db,A,14.0,False
A-2901,e59b4920-2346-413e-b170-47d2b215106b,comment,651e1960-41f7-4910-9e69-e6903bb047db,A,14.0,False
A-2902,edc13c1f-a512-48e5-b619-2dfe2581a749,comment,651e1960-41f7-4910-9e69-e6903bb047db,A,14.0,False
A-2903,eeb409c2-942d-4c7b-b4ca-607f4a619419,comment,651e1960-41f7-4910-9e69-e6903bb047db,A,14.0,False
A-2904,2be11b9d-d364-4fcb-b855-15f4ecaa3276,post,6545f7db-5a32-4b0f-914a-72564231dc99,A,3.0,False
A-2905,784e0961-0ea4-4b14-9aa1-f5832dea9516,post,6545f7db-5a32-4b0f-914a-72564231dc99,A,3.0,False
A-2906,fc5b4cbb-b78d-4c87-a3b8-1c508dd3c379,post,6545f7db-5a32-4b0f-914a-72564231dc99,A,3.0,False
A-2907,794abd7c-2d1a-4b5b-8b64-670b9f68bb8f,comment,6577c873-87fe-4d98-8cc4-ed4d105cc6d7,A,19.0,False
A-2908,2170b070-39dd-4f0d-9c37-af37228acb77,comment,6577c873-87fe-4d98-8cc4-ed4d105cc6d7,A,19.0,False
A-2909,08809064-8700-4584-89d3-3c981234b28f,comment,6577c873-87fe-4d98-8cc4-ed4d105cc6d7,A,19.0,False
A-2910,015a84be-8851-40d1-a0cf-450d7306b299,comment,6577c873-87fe-4d98-8cc4-ed4d105cc6d7,A,19.0,False
A-2911,ed27368e-f1b8-4045-ba5e-c62f77d9f4e9,comment,6577c873-87fe-4d98-8cc4-ed4d105cc6d7,A,19.0,False
A-2912,76d0392b-a992-4c4e-a337-2162dd45b226,comment,6577c873-87fe-4d98-8cc4-ed4d105cc6d7,A,19.0,False
A-2913,09483f99-d4ee-4567-97a5-da8592bc2e5c,comment,6577c873-87fe-4d98-8cc4-ed4d105cc6d7,A,19.0,False
A-2914,a46d2518-1da6-4b87-8b42-a9ae4bf29fad,comment,6577c873-87fe-4d98-8cc4-ed4d105cc6d7,A,19.0,False
A-2915,0b47112d-dc51-4870-81c2-ca05e57d40db,comment,6577c873-87fe-4d98-8cc4-ed4d105cc6d7,A,19.0,False
A-2916,999d206e-6a29-40e1-9167-86f4fa899c0b,comment,6577c873-87fe-4d98-8cc4-ed4d105cc6d7,A,19.0,False
A-2917,ed510aff-7620-4de8-8781-177aada383f4,comment,6577c873-87fe-4d98-8cc4-ed4d105cc6d7,A,19.0,False
A-2918,9d90fcaf-9d0e-4b41-9001-f9edcd97db7f,comment,6577c873-87fe-4d98-8cc4-ed4d105cc6d7,A,19.0,False
A-2919,b0d41dc6-01bd-4e02-87ae-af05af7a617b,comment,6577c873-87fe-4d98-8cc4-ed4d105cc6d7,A,19.0,False
A-2920,4258eeee-5ea2-4ef8-b59a-697aeab923fa,comment,6577c873-87fe-4d98-8cc4-ed4d105cc6d7,A,19.0,False
A-2921,a83435d4-4f6d-488e-8315-5525c9415cca,comment,6577c873-87fe-4d98-8cc4-ed4d105cc6d7,A,19.0,False
A-2922,f94b3bff-de05-4182-8ff9-45082bd3b177,post,657baf9d-fe7d-443f-9a3a-2cd74f5fa0ab,A,1.0,False
A-2923,0b7965b8-6242-4381-9083-ff064e7e5a4f,comment,657e5411-8106-4009-9242-a25c52382914,A,5.0,False
A-2924,412da8e0-307a-46dd-b77b-653c662946c2,comment,657e5411-8106-4009-9242-a25c52382914,A,5.0,False
A-2925,60c22aa8-ae40-4423-b5a0-83d8cb01eb74,post,657e5411-8106-4009-9242-a25c52382914,A,5.0,False
A-2926,a3b3fba3-a8db-4ffe-97e4-3eee71e32b33,comment,657e5411-8106-4009-9242-a25c52382914,A,5.0,False
A-2927,ab019d86-2d0f-4366-ab0a-1f01c01b573d,comment,657e5411-8106-4009-9242-a25c52382914,A,5.0,False
A-2928,28bf1290-7d71-4ec0-b483-d98d62f125a6,comment,65bc44c8-4114-4d28-83b3-2621a7071fa1,A,8.0,False
A-2929,32a8a825-54cc-4ca4-b0a0-95f9a4a8d31e,comment,65bc44c8-4114-4d28-83b3-2621a7071fa1,A,8.0,False
A-2930,62227d10-cb5a-43cc-8d85-6727fb92be2b,post,65bc44c8-4114-4d28-83b3-2621a7071fa1,A,8.0,False
A-2931,8c6ab162-8441-4173-ab67-7bc4f1df379e,comment,65bc44c8-4114-4d28-83b3-2621a7071fa1,A,8.0,False
A-2932,a7019dec-01da-4405-85c4-3554e6927fcd,post,65bc44c8-4114-4d28-83b3-2621a7071fa1,A,8.0,False
A-2933,bf85447a-9ef6-47b9-a490-219048e59d3f,post,65bc44c8-4114-4d28-83b3-2621a7071fa1,A,8.0,False
A-2934,c5ae2d74-bbda-4fe6-8066-3d662023b85b,comment,65bc44c8-4114-4d28-83b3-2621a7071fa1,A,8.0,False
A-2935,d2466955-75d1-419a-be38-afb316f8c799,post,65bc44c8-4114-4d28-83b3-2621a7071fa1,A,8.0,False
A-2936,dcc5dc88-c0f6-4a0d-9fa3-8930d40b0786,post,65c1bb7d-cbdc-4981-b923-6b16e67b2a7d,A,2.0,False
A-2937,f8f8fee1-4f5b-40b3-aa32-2bd6921e5c7f,post,65c1bb7d-cbdc-4981-b923-6b16e67b2a7d,A,2.0,False
A-2938,42544bc6-bb34-49a8-ab8b-234c6d14372d,post,65c1cbbb-37d1-43c7-88f6-d8f9d5d66f39,A,2.0,False
A-2939,fcbc5243-619c-4c8e-b69a-f4632eb96476,comment,65c1cbbb-37d1-43c7-88f6-d8f9d5d66f39,A,2.0,False
A-2940,15cdfd63-f2d9-4106-a951-7b924a22ba34,post,65d17655-fe53-4031-b13b-7283e87cd800,A,1.0,False
A-2941,60308d04-f0fa-49f2-9615-11467923e71c,post,65f5499d-ca5e-451c-94ff-b5a94971c64b,A,1.0,False
A-2942,212fe910-9a10-4445-8a2f-90ddaefc3157,post,661857d1-4ced-4995-9c2c-41c0e8063f2b,A,1.0,False
A-2943,6a80964b-43ba-4ba3-88c8-b63a59d7df5a,comment,661ce7ef-203d-4adb-9bd4-ea30d66fd272,A,3.0,False
A-2944,7a150f62-bfa9-406c-97e2-a7b75990984e,comment,661ce7ef-203d-4adb-9bd4-ea30d66fd272,A,3.0,False
A-2945,7b86de3d-106c-4e3d-a59f-1174aea036b2,comment,661ce7ef-203d-4adb-9bd4-ea30d66fd272,A,3.0,False
A-2946,7d438340-ef49-4553-a4d8-3ab898875862,post,6620ce2d-98c2-48a9-ac39-2f8290062b67,A,2.0,False
A-2947,89f4dd1a-d9a9-40b0-b56a-29b8e84cd8de,post,6620ce2d-98c2-48a9-ac39-2f8290062b67,A,2.0,False
A-2948,5c990f8c-a7ca-4a59-bde4-66c0a2768b7e,post,662591a2-506f-4f53-a7e8-b9f739094d91,A,1.0,False
A-2949,8a6e88de-95d4-4639-a317-92c280673c9d,post,6630f644-8291-4179-a456-ee8b16f3e80f,A,2.0,False
A-2950,b6b4ee47-f9ab-47cb-a5aa-921216c4be92,post,6630f644-8291-4179-a456-ee8b16f3e80f,A,2.0,False
A-2951,3dea90d7-0890-4cdc-90e8-047297c08299,comment,66497230-867f-4898-a7e3-a8370da82dbc,A,2.0,False
A-2952,eb73cb41-e3c9-49fe-8fae-f310ac978676,post,66497230-867f-4898-a7e3-a8370da82dbc,A,2.0,False
A-2953,1d0b87f8-360b-4e20-89fd-e4a021583cb4,comment,665c7c88-e414-47ad-8dcc-6f644a973a98,A,2.0,False
A-2954,e4b64425-8a8a-47ea-a3e2-51d3479ae3a8,post,665c7c88-e414-47ad-8dcc-6f644a973a98,A,2.0,False
A-2955,b879c510-2131-44af-88ef-8108981b97dd,post,66701210-e117-4bd7-aaae-5554fb91b28d,A,1.0,False
A-2956,11741c48-da0a-45cf-bd39-4a792ddd483b,comment,66763c7e-ec37-47b7-ad59-8380833bd021,A,8.0,False
A-2957,3c67d49b-d3de-4b51-bc8c-670c76a08d03,comment,66763c7e-ec37-47b7-ad59-8380833bd021,A,8.0,False
A-2958,5273ce09-a3a6-41c8-b8c6-1b674df3b86d,comment,66763c7e-ec37-47b7-ad59-8380833bd021,A,8.0,False
A-2959,68cf9c6b-5968-41ab-85c1-23713acee8a7,comment,66763c7e-ec37-47b7-ad59-8380833bd021,A,8.0,False
A-2960,d369de8e-ea12-4d21-bcc0-925261b906e9,comment,66763c7e-ec37-47b7-ad59-8380833bd021,A,8.0,False
A-2961,f2e28f34-b068-422a-bb22-5f1774928b62,comment,66763c7e-ec37-47b7-ad59-8380833bd021,A,8.0,False
A-2962,f47fabd3-3464-453d-b30a-0816097ff503,comment,66763c7e-ec37-47b7-ad59-8380833bd021,A,8.0,False
A-2963,fc77aa49-5953-4967-86a7-21e91de3b37d,post,66763c7e-ec37-47b7-ad59-8380833bd021,A,8.0,False
A-2964,6c39f962-9bb5-48de-a102-5095ce60490e,comment,669ee67f-18fd-4c10-8def-745555091d8a,A,1.0,False
A-2965,2d59e151-4bf9-4aee-a03b-cdd25cd078f3,post,66ad439a-4d9c-400d-8e41-232caea96212,A,3.0,False
A-2966,574381f8-f58c-46aa-8dac-43f1a967829d,comment,66ad439a-4d9c-400d-8e41-232caea96212,A,3.0,False
A-2967,e0d1d21b-dbc7-472a-8739-0653f9235f1d,comment,66ad439a-4d9c-400d-8e41-232caea96212,A,3.0,False
A-2968,ec002052-9067-45dd-8428-eab468b8d189,post,66b2de30-c4e4-4ca3-961d-fc39fdf0c2dd,A,1.0,False
A-2969,46b5e0ad-d4a4-45c6-9cc7-16413688dac9,post,66db8f85-557e-4d35-8564-b71f6f5936e5,A,1.0,False
A-2970,1e60161e-3641-4e3f-90d8-2784ec04eb9c,comment,66e37f95-0871-43fb-9d48-27dfa021f51a,A,4.0,False
A-2971,a494aeb6-4b4e-4d2a-b71a-2f1e972808eb,post,66e37f95-0871-43fb-9d48-27dfa021f51a,A,4.0,False
A-2972,f3c29ec4-122e-4b8c-9ab3-4101ef808c77,post,66e37f95-0871-43fb-9d48-27dfa021f51a,A,4.0,False
A-2973,f920179b-8eb8-420c-b155-39d8070c024d,post,66e37f95-0871-43fb-9d48-27dfa021f51a,A,4.0,False
A-2974,29b9b41c-d352-4f97-a993-d566829c3e87,post,66fb30d1-dce3-4d2b-a845-7c2ff6572732,A,2.0,False
A-2975,48edd888-dd9a-48d2-a301-28820b148de6,comment,66fb30d1-dce3-4d2b-a845-7c2ff6572732,A,2.0,False
A-2976,043209a2-f95c-4389-9794-ca0c35012aca,comment,6708a28e-594f-44e1-8c62-37a64639b11a,A,11.0,False
A-2977,2928beab-6a68-46bf-8aea-05dfd4731471,comment,6708a28e-594f-44e1-8c62-37a64639b11a,A,11.0,False
A-2978,3b4f5bc8-c983-4a72-91ea-e38cdf300c65,comment,6708a28e-594f-44e1-8c62-37a64639b11a,A,11.0,False
A-2979,5d4caf68-8468-40d6-ae92-ea2a051b19b0,post,6708a28e-594f-44e1-8c62-37a64639b11a,A,11.0,False
A-2980,9a15bd95-52f4-403f-9704-2b9bba219c11,comment,6708a28e-594f-44e1-8c62-37a64639b11a,A,11.0,False
A-2981,a7bcc647-ad01-4886-ad16-a5f41f6e42b9,comment,6708a28e-594f-44e1-8c62-37a64639b11a,A,11.0,False
A-2982,adb8386c-f133-4cc7-98e2-f7afa6176a8d,comment,6708a28e-594f-44e1-8c62-37a64639b11a,A,11.0,False
A-2983,b63b0dc5-9c81-45a5-a6d1-e5a4bc9ad20d,comment,6708a28e-594f-44e1-8c62-37a64639b11a,A,11.0,False
A-2984,bdc00cff-9ab8-43e7-98ba-90d7fafbc946,comment,6708a28e-594f-44e1-8c62-37a64639b11a,A,11.0,False
A-2985,ca397cf7-8a42-468d-95ec-9a3995b0cfcd,post,6708a28e-594f-44e1-8c62-37a64639b11a,A,11.0,False
A-2986,d485622f-b547-4e42-b6d6-d3039179a35a,comment,6708a28e-594f-44e1-8c62-37a64639b11a,A,11.0,False
A-2987,988f8d30-2564-45a1-be52-0316f8e727e3,post,6743151a-992e-438d-9ee3-d7d1988b2e81,A,1.0,False
A-2988,2fc596e0-108e-4f9a-a369-4d24665998e3,post,674f56f8-a6df-450b-8e31-e984604ff8e8,A,2.0,False
A-2989,a0c98d4c-a2ed-4466-ac72-cfd69fbe1fd3,post,674f56f8-a6df-450b-8e31-e984604ff8e8,A,2.0,False
A-2990,048e505e-e578-4db6-8849-4edaa63950bf,post,6752a4c9-67d1-48f4-9c47-a62af9b66c9f,A,2.0,False
A-2991,21f36466-c898-40a2-831c-e3c1790dca9e,post,6752a4c9-67d1-48f4-9c47-a62af9b66c9f,A,2.0,False
A-2992,00167f72-8243-447c-a6e2-78c8ab4f99b1,post,675ad145-bc2c-44cb-acaf-6221b72ac628,A,3.0,False
A-2993,1bdedd6f-2c35-4694-9e64-82031035404a,comment,675ad145-bc2c-44cb-acaf-6221b72ac628,A,3.0,False
A-2994,2e3614b1-bf47-4324-947d-9bf6cdc1e327,post,675ad145-bc2c-44cb-acaf-6221b72ac628,A,3.0,False
A-2995,30f7ffd4-bbd1-4fe4-bc8c-d646a3c08852,comment,676d637f-6c61-4e3d-be7e-0b8bac7a2b5c,A,4.0,False
A-2996,578f1108-f186-419c-895f-fcca9b7aab71,comment,676d637f-6c61-4e3d-be7e-0b8bac7a2b5c,A,4.0,False
A-2997,7be4d6a5-d801-4422-9b47-adf4fb73cc77,comment,676d637f-6c61-4e3d-be7e-0b8bac7a2b5c,A,4.0,False
A-2998,ae5f981e-8e74-483e-bcc7-be256935e410,comment,676d637f-6c61-4e3d-be7e-0b8bac7a2b5c,A,4.0,False
A-2999,1b70afe3-6cae-4bc1-9ba1-f85208af6e22,comment,677280cc-fd28-4aeb-a82f-a20dab1451e6,A,4.0,False
A-3000,1c26fd6b-e658-4f4e-9543-a3ee9594bef9,post,677280cc-fd28-4aeb-a82f-a20dab1451e6,A,4.0,False
A-3001,3ae07fd6-b6d2-423c-ba04-a107a88fc577,comment,677280cc-fd28-4aeb-a82f-a20dab1451e6,A,4.0,False
A-3002,d325ba3f-709f-4bb5-917e-bb7c8fdaa447,comment,677280cc-fd28-4aeb-a82f-a20dab1451e6,A,4.0,False
A-3003,e5999199-ca4c-48a6-958b-26ff1ea43269,post,6778c2e7-4483-4e19-a448-b675e00e4e67,A,1.0,False
A-3004,99c7a8d9-61ae-49bf-b87d-497cdc428fab,post,6778ea88-bd60-40fd-ac9c-079c37c14795,A,1.0,False
A-3005,7040ba8f-ab0b-47bc-b40e-44ce1b9228d4,post,67a46571-dd4b-4ea9-a7aa-5950b6999896,A,1.0,False
A-3006,a065dff0-0659-4543-972a-48b26194312c,post,67c4718d-714c-46a5-8d4b-c35eaa544efe,A,1.0,False
A-3007,16e4c027-265c-458f-a8b8-286e56adfabd,post,67dcc145-1e56-4ce5-86ed-7fd8a26e8a6e,A,1.0,False
A-3008,782eaa5c-19b1-40cb-90d9-184c5fbbc867,comment,67de17d5-ac19-4dfe-8e83-00aec700ad54,A,2.0,False
A-3009,956d75e4-8649-480c-b5e7-85e7573a4950,post,67de17d5-ac19-4dfe-8e83-00aec700ad54,A,2.0,False
A-3010,acd956c2-19a8-4602-b80f-1ed5f3253455,post,67e844fa-ea0f-4fb2-b4fa-d37bbb7c391c,A,1.0,False
A-3011,77acd017-fe25-408c-98bb-4fef048fdf4b,post,67ecc2a6-0ef9-42b9-a17a-e50febc73923,A,2.0,False
A-3012,c99ca61b-7891-4c18-90b0-514f7c836439,post,67ecc2a6-0ef9-42b9-a17a-e50febc73923,A,2.0,False
A-3013,1fa17122-d289-4e45-bf03-cb2e533607a7,post,67fe1687-292c-48ba-9fcf-5cbf8fec2eab,A,2.0,False
A-3014,3056172f-f21f-4660-8b6c-d52f2402f020,comment,67fe1687-292c-48ba-9fcf-5cbf8fec2eab,A,2.0,False
A-3015,76d5f5d2-9bf3-41e7-a94a-d6f744098ff9,post,680a56c5-ba7c-41a7-9bfc-cb20987fd012,A,1.0,False
A-3016,2158c21d-7c5e-4bcc-baa2-f566ee7bdb12,comment,684e0d27-cd99-4862-bddd-695fd23121be,A,5.0,False
A-3017,70759bd5-d3b6-4fd3-95b9-e440be36f687,post,684e0d27-cd99-4862-bddd-695fd23121be,A,5.0,False
A-3018,7ff19f2c-352b-4b08-95b8-cb61d98b99ec,comment,684e0d27-cd99-4862-bddd-695fd23121be,A,5.0,False
A-3019,91af1f7f-370f-44ff-bfa3-fdb15b8aa88c,comment,684e0d27-cd99-4862-bddd-695fd23121be,A,5.0,False
A-3020,d3579caa-7c8c-412a-8e40-239ffd967c59,post,684e0d27-cd99-4862-bddd-695fd23121be,A,5.0,False
A-3021,047bbe62-8b91-4eda-8149-1246d62c2823,post,685ca170-18e6-4333-870c-ec09f68b1491,A,1.0,False
A-3022,76e33902-5573-4945-8415-0b2c5e802011,comment,686f93ef-5a6f-4b14-a481-958069c509d2,A,3.0,False
A-3023,d3183fb0-5314-4585-a5ae-e7fe3842d5ba,post,686f93ef-5a6f-4b14-a481-958069c509d2,A,3.0,False
A-3024,e778a167-4206-488d-9cc8-93e3a8424939,post,686f93ef-5a6f-4b14-a481-958069c509d2,A,3.0,False
A-3025,6182dadf-2261-4a7f-b44f-3bf80ed403c9,post,68763bed-5ead-4e81-9cc7-36da0c0e98dd,A,1.0,False
A-3026,2f3f5ab5-3aec-4ea6-ac78-9c6c3bcb86ef,post,688731c1-61dd-404e-a256-f951b9cc8684,A,2.0,False
A-3027,4eb89e27-bf1e-41c4-a4fd-65b13668b457,post,688731c1-61dd-404e-a256-f951b9cc8684,A,2.0,False
A-3028,90d6dd62-0446-4ada-8cc2-372ade7011ba,post,68881896-13f4-41d0-b8ac-f772ed4ee156,A,1.0,False
A-3029,26b21367-b479-4c5e-b2a0-02d553c26ae0,comment,689f43da-f7f3-4e35-b532-b4b336edfab7,A,1.0,False
A-3030,8002053e-e37b-4244-9dda-3102c0c5f9c5,post,68d487f3-a2e0-4296-97dc-53da0d38550e,A,1.0,False
A-3031,0af62481-5cf6-4dc8-9ef5-f19844796129,post,68def515-2b13-475b-a7c5-93b51b968486,A,2.0,False
A-3032,bc5db560-0cd7-4499-bbce-6d068dde2fef,post,68def515-2b13-475b-a7c5-93b51b968486,A,2.0,False
A-3033,3fa73cd4-7545-4d92-af4b-38c52cadb8a7,post,68eefa15-c770-40e3-b3e9-ae146815c28b,A,1.0,False
A-3034,423611ba-a743-4374-b1b3-8df81aed9e61,post,68f81a1d-edc0-45a7-b189-bc54854af4cc,A,1.0,False
A-3035,07a47e35-ddfe-49d2-957c-c946cf17c448,comment,690c50f2-b601-4775-a7f5-806afe8f005c,A,14.0,False
A-3036,298ec5b7-4eb1-4a24-a48c-1561c9f35aa1,comment,690c50f2-b601-4775-a7f5-806afe8f005c,A,14.0,False
A-3037,588e58f0-bfe3-442c-bf97-2e5da6d5a70c,comment,690c50f2-b601-4775-a7f5-806afe8f005c,A,14.0,False
A-3038,69b7940c-a02f-4bdc-9d32-b30a06178072,comment,690c50f2-b601-4775-a7f5-806afe8f005c,A,14.0,False
A-3039,6bde1ef1-08b2-47e1-a97e-2a3cc5c25e7b,comment,690c50f2-b601-4775-a7f5-806afe8f005c,A,14.0,False
A-3040,91d4f9ce-7971-48fe-9fd6-bb5bc8df0e72,comment,690c50f2-b601-4775-a7f5-806afe8f005c,A,14.0,False
A-3041,9c0d5456-d361-435d-8017-16b202e171b3,comment,690c50f2-b601-4775-a7f5-806afe8f005c,A,14.0,False
A-3042,a430af69-51ed-4525-a445-b4e38e86aaab,comment,690c50f2-b601-4775-a7f5-806afe8f005c,A,14.0,False
A-3043,a90685d5-636a-4470-8b1d-d621be870816,comment,690c50f2-b601-4775-a7f5-806afe8f005c,A,14.0,False
A-3044,b8f97241-cfcc-4ae7-91db-1f2b8f8a15e6,comment,690c50f2-b601-4775-a7f5-806afe8f005c,A,14.0,False
A-3045,bac84ff5-4bf7-4ed7-8c44-806fca786c13,comment,690c50f2-b601-4775-a7f5-806afe8f005c,A,14.0,False
A-3046,ceae141a-1e08-4486-b3b2-860af25ba470,comment,690c50f2-b601-4775-a7f5-806afe8f005c,A,14.0,False
A-3047,d51fd8f9-0972-4461-b2d2-7349a8fd2022,comment,690c50f2-b601-4775-a7f5-806afe8f005c,A,14.0,False
A-3048,f901d775-f835-43cd-be13-ccede417cd7c,comment,690c50f2-b601-4775-a7f5-806afe8f005c,A,14.0,False
A-3049,08761f59-8217-429a-8983-8690e75c74ee,comment,691f4c39-a5cd-441b-9754-d0f65bf71a1e,A,2.0,False
A-3050,a2a3a0da-89df-4753-b449-0cf569ebeb4a,post,691f4c39-a5cd-441b-9754-d0f65bf71a1e,A,2.0,False
A-3051,706dce2e-0a12-4289-89ac-35001d980c06,comment,6939c9fa-73d0-422e-a606-90490ea3e16b,A,4.0,False
A-3052,97990ea8-ca04-4810-a393-285c0e568d9a,post,6939c9fa-73d0-422e-a606-90490ea3e16b,A,4.0,False
A-3053,b07534ac-601f-452a-82d3-9b7543db505d,comment,6939c9fa-73d0-422e-a606-90490ea3e16b,A,4.0,False
A-3054,b2622027-e29e-4901-a16f-a072af418c21,post,6939c9fa-73d0-422e-a606-90490ea3e16b,A,4.0,False
A-3055,f861cdef-8652-4f05-8af3-94b134f39a8c,post,69485bb7-4d0b-43bb-be30-834713910cfb,A,16.0,False
A-3056,8aa6db76-c59d-4ad5-aa10-bd2626e2d8a5,post,69485bb7-4d0b-43bb-be30-834713910cfb,A,16.0,False
A-3057,825ed07a-8bd3-44f5-b386-8c412000d9e3,post,69485bb7-4d0b-43bb-be30-834713910cfb,A,16.0,False
A-3058,9201ce5c-75a2-4c41-ae07-83020206c399,post,69485bb7-4d0b-43bb-be30-834713910cfb,A,16.0,False
A-3059,c082de2c-d58b-4715-97c5-302c0935487f,comment,69485bb7-4d0b-43bb-be30-834713910cfb,A,16.0,False
A-3060,98ae7a57-1811-480f-b644-0ea2f5f1ae4c,comment,69485bb7-4d0b-43bb-be30-834713910cfb,A,16.0,False
A-3061,2b15956f-5e3f-4eb6-8adf-e8192819ba29,comment,69485bb7-4d0b-43bb-be30-834713910cfb,A,16.0,False
A-3062,d2557831-1910-4230-9466-a65fe7d57cd2,comment,69485bb7-4d0b-43bb-be30-834713910cfb,A,16.0,False
A-3063,5642f730-2d0f-4fc7-857b-e4efb6aaca3b,post,69485bb7-4d0b-43bb-be30-834713910cfb,A,16.0,False
A-3064,5277013f-b256-488c-b71a-af128dea640e,post,69485bb7-4d0b-43bb-be30-834713910cfb,A,16.0,False
A-3065,3f4350ec-c711-45f1-8a5c-8496eb0bfde9,comment,69485bb7-4d0b-43bb-be30-834713910cfb,A,16.0,False
A-3066,1f44f571-396e-4dd9-8598-1b62f15d8536,post,69485bb7-4d0b-43bb-be30-834713910cfb,A,16.0,False
A-3067,53ccd93a-f90e-4eb2-a35b-8c4c658d92ee,post,69485bb7-4d0b-43bb-be30-834713910cfb,A,16.0,False
A-3068,3d4a01ed-4f71-4fe2-8f2e-e3c79fde506d,comment,69485bb7-4d0b-43bb-be30-834713910cfb,A,16.0,False
A-3069,e9e05c1b-bb42-4b35-939f-6ebac1dc694f,post,69485bb7-4d0b-43bb-be30-834713910cfb,A,16.0,False
A-3070,f17fa2d5-0958-48ae-b793-7b1955c71e80,comment,6963e561-3c75-4555-a0fa-266c4b6c5c15,A,26.0,False
A-3071,c911943b-ca3f-4295-8457-268736185348,post,6963e561-3c75-4555-a0fa-266c4b6c5c15,A,26.0,False
A-3072,d1994ab4-bb1b-47d3-b042-ee6d4e2f8b25,comment,6963e561-3c75-4555-a0fa-266c4b6c5c15,A,26.0,False
A-3073,48151b05-3224-4610-bddd-58d205240817,comment,6963e561-3c75-4555-a0fa-266c4b6c5c15,A,26.0,False
A-3074,3079eaba-0b93-4018-b335-97ec7c5f4a67,comment,6963e561-3c75-4555-a0fa-266c4b6c5c15,A,26.0,False
A-3075,4513c868-ebae-4851-b0e0-6dafdf1e57c9,comment,6963e561-3c75-4555-a0fa-266c4b6c5c15,A,26.0,False
A-3076,ad145c5a-5d4d-4512-bc1a-2b2e7b57407a,comment,6963e561-3c75-4555-a0fa-266c4b6c5c15,A,26.0,False
A-3077,d79e0395-e31e-44c7-9304-b0b482dbbb10,comment,6963e561-3c75-4555-a0fa-266c4b6c5c15,A,26.0,False
A-3078,4cd5535d-d78d-417e-821a-ce33cab56553,comment,6963e561-3c75-4555-a0fa-266c4b6c5c15,A,26.0,False
A-3079,ab8b1d53-fcc1-4d21-a0fb-0d3c0efe904b,comment,6963e561-3c75-4555-a0fa-266c4b6c5c15,A,26.0,False
A-3080,dac49dba-ca46-4379-88c5-3cfba4dc4b3d,comment,6963e561-3c75-4555-a0fa-266c4b6c5c15,A,26.0,False
A-3081,f5291a92-ec95-4606-b0c3-4596a7eddb7a,comment,6963e561-3c75-4555-a0fa-266c4b6c5c15,A,26.0,False
A-3082,5aa3fe1f-e6a8-4483-849c-270986647817,comment,6963e561-3c75-4555-a0fa-266c4b6c5c15,A,26.0,False
A-3083,feb6325d-2475-4743-b5b5-e086e9f82eb8,comment,6963e561-3c75-4555-a0fa-266c4b6c5c15,A,26.0,False
A-3084,c8212b83-19ca-48a3-a941-b306762888ec,comment,6963e561-3c75-4555-a0fa-266c4b6c5c15,A,26.0,False
A-3085,433faa91-330d-4bc1-92a0-723326e22e28,post,697c6981-d2a3-4c38-8896-4d88c30f7211,A,1.0,False
A-3086,16702c1d-ef0b-4715-9d8d-547ba1a400fb,post,697ceec5-10ca-45f6-860e-c01111537311,A,6.0,False
A-3087,1a5f9f6b-41ae-4643-bb8a-1988109ad461,post,697ceec5-10ca-45f6-860e-c01111537311,A,6.0,False
A-3088,60927039-7b65-43ed-bc3a-498799908d6f,post,697ceec5-10ca-45f6-860e-c01111537311,A,6.0,False
A-3089,a87816be-b302-4e91-bc2d-54dee548560e,comment,697ceec5-10ca-45f6-860e-c01111537311,A,6.0,False
A-3090,bee6481f-070e-4357-82d8-1726e055da9b,comment,697ceec5-10ca-45f6-860e-c01111537311,A,6.0,False
A-3091,f861adf4-4afc-441c-938a-d032e73bada0,comment,697ceec5-10ca-45f6-860e-c01111537311,A,6.0,False
A-3092,2434e269-177c-4a54-a575-03d77afb386f,comment,6994dce0-1cda-418f-a6e1-342cd3f25435,A,3.0,False
A-3093,c383f444-2e0c-443d-a268-68f22ab85d48,post,6994dce0-1cda-418f-a6e1-342cd3f25435,A,3.0,False
A-3094,ca6109f1-13db-4b25-9049-dbd5899ae3bc,comment,6994dce0-1cda-418f-a6e1-342cd3f25435,A,3.0,False
A-3095,2e9a36b8-0dff-47b4-8f45-742d84756b9f,post,69a9d018-78ec-49a8-8a9a-fe960cdc0dc1,A,9.0,False
A-3096,6949823f-30f9-4e38-a92e-e9d4035f8d92,post,69a9d018-78ec-49a8-8a9a-fe960cdc0dc1,A,9.0,False
A-3097,a1e9ced6-7375-46cc-ac2f-0ffe02b208cc,comment,69a9d018-78ec-49a8-8a9a-fe960cdc0dc1,A,9.0,False
A-3098,a54d6d39-3d1a-494d-aa8b-7ff1b106dcbf,post,69a9d018-78ec-49a8-8a9a-fe960cdc0dc1,A,9.0,False
A-3099,b24380cb-4bdd-42a8-b64a-7078e5d34f26,post,69a9d018-78ec-49a8-8a9a-fe960cdc0dc1,A,9.0,False
A-3100,ba944477-71a1-4cce-abc6-9591b496f9aa,comment,69a9d018-78ec-49a8-8a9a-fe960cdc0dc1,A,9.0,False
A-3101,d066722b-6b23-4944-b576-13ec9d13668e,comment,69a9d018-78ec-49a8-8a9a-fe960cdc0dc1,A,9.0,False
A-3102,e525da0f-5689-458f-ab58-3f390fbbbb96,post,69a9d018-78ec-49a8-8a9a-fe960cdc0dc1,A,9.0,False
A-3103,f2d5dd2f-8d46-48bd-9f84-c74199a08d98,post,69a9d018-78ec-49a8-8a9a-fe960cdc0dc1,A,9.0,False
A-3104,aaf845e3-5e82-48ac-a95a-30942140e202,post,69b9ce42-d457-4a39-acd1-eb456da7a98c,A,1.0,False
A-3105,52deaeb6-8bf2-4f6b-8b70-014f14674828,post,69bbea07-8b2f-4cbf-8b6f-b1c01df1afb7,A,1.0,False
A-3106,66cb7841-5e1d-464f-a01f-efcccbd93a4c,comment,69c12cf9-83e0-48f1-bed5-1a5713658c7e,A,3.0,False
A-3107,cca38a29-4740-4edd-9400-dce67c9a5238,comment,69c12cf9-83e0-48f1-bed5-1a5713658c7e,A,3.0,False
A-3108,ce02a477-a554-42c0-a19c-8b173588747b,post,69c12cf9-83e0-48f1-bed5-1a5713658c7e,A,3.0,False
A-3109,e29109b1-7216-43a4-b4de-ab6e1ae9161b,post,69e74854-20b4-4d58-afdb-e2eed71c2eae,A,1.0,False
A-3110,5fd63643-51cc-4537-a626-80571f0a3bf6,post,6a189f3a-7daf-486c-9ee9-488d7343f5a2,A,1.0,False
A-3111,5ed26db4-31d7-4529-8b9c-948e2a3beed0,post,6a65f630-8665-4d55-aa1d-5e0cc3ac01cc,A,2.0,False
A-3112,ae5e92c1-5122-427c-ade3-79a2439faa87,post,6a65f630-8665-4d55-aa1d-5e0cc3ac01cc,A,2.0,False
A-3113,2ba594d0-e8d9-4ecc-8d03-841d9a384438,post,6a69522d-4e32-4300-8e4a-7c7f116800cd,A,1.0,False
A-3114,1ada7f7e-8e64-4eda-8c85-8161343b8c22,post,6a6fedde-7bff-4f86-8c9a-03dbdc7ab54e,A,3.0,False
A-3115,52bdcb33-c29d-4070-8ded-2ec9bcadefaf,post,6a6fedde-7bff-4f86-8c9a-03dbdc7ab54e,A,3.0,False
A-3116,824a23cc-9a30-4e90-adcb-8f4764c17288,comment,6a6fedde-7bff-4f86-8c9a-03dbdc7ab54e,A,3.0,False
A-3117,08170aea-df42-4c54-b43d-24d040c1b12d,comment,6a78dd05-5f85-430c-81e4-b5851b202ba4,A,10.0,False
A-3118,0b8748fb-a631-4a89-96dd-fdf07dbe283a,comment,6a78dd05-5f85-430c-81e4-b5851b202ba4,A,10.0,False
A-3119,2f2a9cb6-894a-48f9-8253-dd4c610ae0bb,comment,6a78dd05-5f85-430c-81e4-b5851b202ba4,A,10.0,False
A-3120,60d40fa4-cf4d-42b4-9cfa-73d3557abd53,comment,6a78dd05-5f85-430c-81e4-b5851b202ba4,A,10.0,False
A-3121,a6a08d2a-b72c-4bee-89cb-5ec6c8233b75,post,6a78dd05-5f85-430c-81e4-b5851b202ba4,A,10.0,False
A-3122,b6e16e0d-6fdf-49d3-b288-d6713f79428b,comment,6a78dd05-5f85-430c-81e4-b5851b202ba4,A,10.0,False
A-3123,dcd30197-c385-4412-86cd-956fb3eefb63,comment,6a78dd05-5f85-430c-81e4-b5851b202ba4,A,10.0,False
A-3124,e5bb99a9-00d9-4de0-9507-a4d001189e00,comment,6a78dd05-5f85-430c-81e4-b5851b202ba4,A,10.0,False
A-3125,f1c39767-2835-45ab-ab3e-d61d92533773,comment,6a78dd05-5f85-430c-81e4-b5851b202ba4,A,10.0,False
A-3126,fa3fb162-9ebf-403c-876e-c2890b64c22f,comment,6a78dd05-5f85-430c-81e4-b5851b202ba4,A,10.0,False
A-3127,293bd6c3-5f33-4ecf-adb6-73999edd3ad9,post,6a7d7a16-8ef5-4aac-b3e4-25564bc7555c,A,7.0,False
A-3128,4184253f-89fc-4c84-a837-597b1261e02b,post,6a7d7a16-8ef5-4aac-b3e4-25564bc7555c,A,7.0,False
A-3129,4a0f9a49-e0f2-4032-9db9-f2d1063893fe,post,6a7d7a16-8ef5-4aac-b3e4-25564bc7555c,A,7.0,False
A-3130,9dccac0f-3f3f-4787-a2ad-4c4850487d84,post,6a7d7a16-8ef5-4aac-b3e4-25564bc7555c,A,7.0,False
A-3131,c2065be0-4b5a-4066-b162-63149fb5c6f7,post,6a7d7a16-8ef5-4aac-b3e4-25564bc7555c,A,7.0,False
A-3132,c7d0e0f9-54eb-4e49-9f2e-098c30a6fada,post,6a7d7a16-8ef5-4aac-b3e4-25564bc7555c,A,7.0,False
A-3133,c9260ea0-0592-4225-bbf8-7d10f2feccfe,comment,6a7d7a16-8ef5-4aac-b3e4-25564bc7555c,A,7.0,False
A-3134,b95dfccf-0b3b-4ea9-9fe1-412234ccbba5,post,6aa058f1-73ab-4fc2-a60c-4bb688e34036,A,2.0,False
A-3135,ebfafe5f-6f68-4f5a-b988-7220d7e3a7d1,post,6aa058f1-73ab-4fc2-a60c-4bb688e34036,A,2.0,False
A-3136,6236822f-f939-4cec-9063-d4e14252efd4,comment,6aa07be9-aa56-404b-9a49-eb9b527f58bc,A,1.0,False
A-3137,6815e4f7-2d57-474f-9a84-b68ce219158e,post,6ac7c2bd-d680-45ff-b925-0130dac9d6d2,A,1.0,False
A-3138,125d4ef5-8bd0-433b-bf48-6818aaf480f1,post,6aca7b57-d732-4322-9ed3-fe20a2f531ab,A,77.0,False
A-3139,4f309e1b-bdbe-44b9-9c90-dd7880ad3966,comment,6aca7b57-d732-4322-9ed3-fe20a2f531ab,A,77.0,False
A-3140,d55fd1e2-99f4-44f5-8273-38b064b26c89,comment,6aca7b57-d732-4322-9ed3-fe20a2f531ab,A,77.0,False
A-3141,bac702b8-2b8b-43f5-9fb1-6dd85e0da0ba,comment,6aca7b57-d732-4322-9ed3-fe20a2f531ab,A,77.0,False
A-3142,2e8ef97a-7d71-4c25-bb70-d29c1c61e281,comment,6aca7b57-d732-4322-9ed3-fe20a2f531ab,A,77.0,False
A-3143,5781edf5-27ee-4933-a7ba-10ae37a0619c,comment,6aca7b57-d732-4322-9ed3-fe20a2f531ab,A,77.0,False
A-3144,6916b2a8-c4ae-4de7-b9fd-dcd3ab81c4c5,comment,6aca7b57-d732-4322-9ed3-fe20a2f531ab,A,77.0,False
A-3145,0709da5d-08b0-461b-9c87-ddd98fe64630,post,6aca7b57-d732-4322-9ed3-fe20a2f531ab,A,77.0,False
A-3146,f2f147b1-c763-4c51-940a-0f713ade1766,comment,6aca7b57-d732-4322-9ed3-fe20a2f531ab,A,77.0,False
A-3147,ecbd04e0-4e70-472f-a957-7ca8d16162b2,comment,6aca7b57-d732-4322-9ed3-fe20a2f531ab,A,77.0,False
A-3148,d73d9dbe-1729-42a2-8863-15bbe99a01ec,comment,6aca7b57-d732-4322-9ed3-fe20a2f531ab,A,77.0,False
A-3149,a1198084-8b9b-409f-873a-26c2fd9c2f0e,comment,6aca7b57-d732-4322-9ed3-fe20a2f531ab,A,77.0,False
A-3150,e3d1ba2b-c761-4303-861c-1e3f6fbc7fd0,comment,6aca7b57-d732-4322-9ed3-fe20a2f531ab,A,77.0,False
A-3151,f944db09-0b06-469c-a1ca-3b5a946511cd,post,6aca7b57-d732-4322-9ed3-fe20a2f531ab,A,77.0,False
A-3152,d7fd5028-3fb0-453c-b304-596fc9aeb32d,comment,6aca7b57-d732-4322-9ed3-fe20a2f531ab,A,77.0,False
A-3153,1e6455c3-e85e-4cbc-9461-982bdc6fc2fe,comment,6ada37dc-d35d-4fec-874f-4613dae0b1d3,A,3.0,False
A-3154,25cda62f-d833-456b-a3ba-c56980cecf41,post,6ada37dc-d35d-4fec-874f-4613dae0b1d3,A,3.0,False
A-3155,e0bc05e1-8722-4550-bac2-36ba9ff51233,comment,6ada37dc-d35d-4fec-874f-4613dae0b1d3,A,3.0,False
A-3156,25dc9ecd-82ed-4db7-b5be-def006017041,post,6af23ee5-61d8-4401-a98e-dd0ad7b9e452,A,2.0,False
A-3157,635c494e-6c68-4e29-bf0e-4aff3ed26105,post,6af23ee5-61d8-4401-a98e-dd0ad7b9e452,A,2.0,False
A-3158,fe4daa7a-69ea-4989-8f6e-e6a99c77bec5,post,6b2edf3a-a77d-42e6-8148-b26e62d7e6f1,A,1.0,False
A-3159,9e8f2fd0-21d8-4c18-9844-a170d8837df0,post,6b6dda23-16dc-4e83-946b-6e354f9a45e1,A,1.0,False
A-3160,4668f719-2ff8-4ab3-9353-623e70361bd1,post,6b7aac4d-90be-47de-8c7c-315bd0a251fe,A,1.0,False
A-3161,8ea712e1-3fa2-4098-a177-02da7fb24094,comment,6b83f62f-6e14-49cc-aa2e-f92d6830510c,A,2.0,False
A-3162,92ff1bc5-18d9-4681-8a7b-32bc9c0fd2c5,comment,6b83f62f-6e14-49cc-aa2e-f92d6830510c,A,2.0,False
A-3163,5ede07c6-be8e-4280-bf1b-17191f9ab43c,post,6b8588d0-685f-41ee-9637-a514592518ff,A,2.0,False
A-3164,8b8397aa-12b4-469f-b5a3-81eefc0731d1,comment,6b8588d0-685f-41ee-9637-a514592518ff,A,2.0,False
A-3165,37c6fe3d-c850-4c34-a900-daebf2d38892,comment,6b8d5298-9dea-498f-bb27-ad87db42a42f,A,6.0,False
A-3166,7b229993-10c8-4dad-ae80-fce26800ebcd,comment,6b8d5298-9dea-498f-bb27-ad87db42a42f,A,6.0,False
A-3167,7c6ea7ff-5ba2-4c98-8cbd-19e84fe848cc,post,6b8d5298-9dea-498f-bb27-ad87db42a42f,A,6.0,False
A-3168,9bc4d95d-11ce-44b8-9e90-6c9d38681bc9,comment,6b8d5298-9dea-498f-bb27-ad87db42a42f,A,6.0,False
A-3169,d18bf52d-377d-44ca-b9b6-be9565947278,comment,6b8d5298-9dea-498f-bb27-ad87db42a42f,A,6.0,False
A-3170,de2a65ee-44af-4214-9d79-8a4f6e85f3ca,comment,6b8d5298-9dea-498f-bb27-ad87db42a42f,A,6.0,False
A-3171,0820cdb9-2a27-4a65-bef5-14e55ef8d785,comment,6baaed2d-cefb-4c33-ab94-2d9af42ae9e3,A,1.0,False
A-3172,10df23c0-340e-48d2-b481-cad5e6f7347e,post,6bb5ff2b-4550-4036-8be0-34389c1cf194,A,1.0,False
A-3173,c93abe2e-1b73-4c78-956b-f829d4cb120d,post,6bc259bf-4aee-481d-9d3d-009e3ab31f4e,A,1.0,False
A-3174,45c7a59c-6981-44bb-a6d7-fcb26d33296a,comment,6bc66ef2-ee68-41b3-b706-9ac7af932ea2,A,5.0,False
A-3175,55358867-2022-4fcc-bf98-c99fb4d79c3b,comment,6bc66ef2-ee68-41b3-b706-9ac7af932ea2,A,5.0,False
A-3176,5567f1e7-5edc-4724-8866-d4a353b8b2fd,comment,6bc66ef2-ee68-41b3-b706-9ac7af932ea2,A,5.0,False
A-3177,ddc70046-98f6-48d2-bfc4-91b3e7faebf4,comment,6bc66ef2-ee68-41b3-b706-9ac7af932ea2,A,5.0,False
A-3178,e6aaf3f8-33b0-4116-bfb6-9adcfeb5a21c,post,6bc66ef2-ee68-41b3-b706-9ac7af932ea2,A,5.0,False
A-3179,cf63dad9-6da8-4d2e-a2f1-69f27a936dc2,comment,6bccc8ff-e423-4b05-83d8-270a852052ce,A,1.0,False
A-3180,d327e869-2099-4cb6-9986-7c4f09e300e9,comment,6be77b65-cb4d-4601-bcf1-ee30a166b93a,A,1.0,False
A-3181,77492501-2c4b-43ec-abdb-c7d5d02be568,post,6c41e6ac-164b-4945-980c-230f8e73d2f8,A,1.0,False
A-3182,0cd5d87b-8661-4b6f-a8c0-fcfe54e77980,post,6c56a9aa-5c42-4692-9132-5cf340256baa,A,1.0,False
A-3183,130759a5-9c7e-4314-b7c1-64e5f941fb2a,comment,6c5e5190-0075-45ad-9ade-be1d717f5443,A,5.0,False
A-3184,428c7cf8-2255-4631-8af2-f5a297a410c4,post,6c5e5190-0075-45ad-9ade-be1d717f5443,A,5.0,False
A-3185,681b6059-2702-4034-a13e-346175e1bbac,comment,6c5e5190-0075-45ad-9ade-be1d717f5443,A,5.0,False
A-3186,7e73b1fa-6b38-4a14-b4aa-a35911d80eeb,post,6c5e5190-0075-45ad-9ade-be1d717f5443,A,5.0,False
A-3187,b7d77a4f-21e6-4968-aec6-839250539403,post,6c5e5190-0075-45ad-9ade-be1d717f5443,A,5.0,False
A-3188,2131cc7d-6176-4e1a-88e6-a3969286465d,comment,6c815788-7cb3-4686-b098-fcb7bcb1ebfc,A,14.0,False
A-3189,2b706f5b-7225-4200-972d-a2d69445a8cb,comment,6c815788-7cb3-4686-b098-fcb7bcb1ebfc,A,14.0,False
A-3190,493efbb2-26f2-41e5-a5cd-0f86d4412800,comment,6c815788-7cb3-4686-b098-fcb7bcb1ebfc,A,14.0,False
A-3191,7079d928-1c92-4cc8-a22f-f2536d310fe2,post,6c815788-7cb3-4686-b098-fcb7bcb1ebfc,A,14.0,False
A-3192,753821bc-cafa-4853-a1c3-30cd49eb7413,comment,6c815788-7cb3-4686-b098-fcb7bcb1ebfc,A,14.0,False
A-3193,7b503500-e2ee-4cc9-876b-8d18982174af,comment,6c815788-7cb3-4686-b098-fcb7bcb1ebfc,A,14.0,False
A-3194,82b89793-1e34-4a18-bc23-216b5dd0c3e6,comment,6c815788-7cb3-4686-b098-fcb7bcb1ebfc,A,14.0,False
A-3195,abc7397a-f2db-421c-8fdd-4f5dced11e4d,post,6c815788-7cb3-4686-b098-fcb7bcb1ebfc,A,14.0,False
A-3196,d3571b65-b6aa-4ad5-aee8-83260c103a7c,comment,6c815788-7cb3-4686-b098-fcb7bcb1ebfc,A,14.0,False
A-3197,e41bcebc-611c-4178-ab81-482ac87860c8,comment,6c815788-7cb3-4686-b098-fcb7bcb1ebfc,A,14.0,False
A-3198,e54242b2-a63e-40da-be1a-456387400261,post,6c815788-7cb3-4686-b098-fcb7bcb1ebfc,A,14.0,False
A-3199,f0de4a85-7950-4b77-bff9-d77f82ba72f3,comment,6c815788-7cb3-4686-b098-fcb7bcb1ebfc,A,14.0,False
A-3200,f12ac9af-0262-4f7c-9a22-6eca40425b29,comment,6c815788-7cb3-4686-b098-fcb7bcb1ebfc,A,14.0,False
A-3201,fa6c6171-f3e5-4195-8d2c-1bfeffd905e1,comment,6c815788-7cb3-4686-b098-fcb7bcb1ebfc,A,14.0,False
A-3202,17c58109-30b4-46ee-95a1-51a710ca0771,post,6ccd2c3a-e9b0-42cd-99b3-0afea4b802f6,A,1.0,False
A-3203,f5f5c0d3-f21f-48b5-a50f-1cb2ac58e9a0,post,6cd11cf8-672c-42b2-9a01-882ff6a67b92,A,1.0,False
A-3204,f4bf16e1-303d-42a3-988b-75ad63dec712,comment,6cd2a824-0568-43c4-b95b-ceb5efa1d62a,A,1.0,False
A-3205,11132c81-0ffc-43bb-8d26-e9f6e1598d73,post,6d157fe5-6f55-4166-9261-dc9b2211ff67,A,11.0,False
A-3206,290dcbf9-0b80-458c-a37b-b1e849056942,post,6d157fe5-6f55-4166-9261-dc9b2211ff67,A,11.0,False
A-3207,2e5faa55-7844-4e1d-b820-9e71bb45e47e,comment,6d157fe5-6f55-4166-9261-dc9b2211ff67,A,11.0,False
A-3208,3f74e4c5-7cfc-47e3-8229-13ddcf8b6c83,post,6d157fe5-6f55-4166-9261-dc9b2211ff67,A,11.0,False
A-3209,41fb5274-76d9-4b2c-bef5-ee2601dc4819,post,6d157fe5-6f55-4166-9261-dc9b2211ff67,A,11.0,False
A-3210,52651fa8-b627-4b4d-b6f2-c04e9f95fee6,post,6d157fe5-6f55-4166-9261-dc9b2211ff67,A,11.0,False
A-3211,8121f63c-25e5-427a-bb7f-7eed899c44e0,post,6d157fe5-6f55-4166-9261-dc9b2211ff67,A,11.0,False
A-3212,8d1166af-8b31-402e-9188-899a924cf4cc,post,6d157fe5-6f55-4166-9261-dc9b2211ff67,A,11.0,False
A-3213,9a6aa79e-7cca-4bf9-afdf-964bf642aa6a,post,6d157fe5-6f55-4166-9261-dc9b2211ff67,A,11.0,False
A-3214,9ab5f66e-89b9-41fc-a029-ff04d5c24647,post,6d157fe5-6f55-4166-9261-dc9b2211ff67,A,11.0,False
A-3215,cd0c307b-93d4-4b7a-a195-29b8b4efb924,post,6d157fe5-6f55-4166-9261-dc9b2211ff67,A,11.0,False
A-3216,7fe50ea2-cf1d-4beb-90a9-5c4d8953e47a,post,6d2076d1-efc9-4d4c-b0fd-05f90a9677dc,A,2.0,False
A-3217,a0a439b2-7eae-49c2-9e94-c95b4a3a7da1,post,6d2076d1-efc9-4d4c-b0fd-05f90a9677dc,A,2.0,False
A-3218,3d0fe560-fb60-4357-b3a2-6fc8c7d2e545,comment,6d269208-1da1-448f-bce7-93f62faf229f,A,39.0,False
A-3219,f5d5588f-36fa-4e4e-9173-10f7b3f943da,post,6d269208-1da1-448f-bce7-93f62faf229f,A,39.0,False
A-3220,ac89a0df-dcf1-49bf-937e-1c845ba22987,comment,6d269208-1da1-448f-bce7-93f62faf229f,A,39.0,False
A-3221,a7651e55-b747-4bc4-8dc4-7f3cf6894c32,post,6d269208-1da1-448f-bce7-93f62faf229f,A,39.0,False
A-3222,6020eceb-00ce-49d6-859f-35d11b34594a,comment,6d269208-1da1-448f-bce7-93f62faf229f,A,39.0,False
A-3223,3830fb2c-78f3-4c52-bc1b-b4984c9d20bd,comment,6d269208-1da1-448f-bce7-93f62faf229f,A,39.0,False
A-3224,58496ef0-7cef-4f6b-9006-5aa9e0ad0b07,comment,6d269208-1da1-448f-bce7-93f62faf229f,A,39.0,False
A-3225,e85c3860-ad95-441a-a984-679c41273925,comment,6d269208-1da1-448f-bce7-93f62faf229f,A,39.0,False
A-3226,1079b242-37f5-432a-8b6f-87fb5ddcb24e,post,6d269208-1da1-448f-bce7-93f62faf229f,A,39.0,False
A-3227,82f24987-3624-44b3-baaa-c33fdb2d6e04,post,6d269208-1da1-448f-bce7-93f62faf229f,A,39.0,False
A-3228,8360c37b-1092-4afa-8770-47a9bf77b46f,post,6d269208-1da1-448f-bce7-93f62faf229f,A,39.0,False
A-3229,c2cf2654-f934-4458-850d-a1541c61c551,comment,6d269208-1da1-448f-bce7-93f62faf229f,A,39.0,False
A-3230,cecb2da8-5faf-4e63-aa7f-c1f910c9eaf8,comment,6d269208-1da1-448f-bce7-93f62faf229f,A,39.0,False
A-3231,17b3d621-e8fd-4060-b1d0-2421392e1db2,comment,6d269208-1da1-448f-bce7-93f62faf229f,A,39.0,False
A-3232,c0ab59a6-de14-45ad-a59d-820d3c9fb61f,comment,6d269208-1da1-448f-bce7-93f62faf229f,A,39.0,False
A-3233,34a2f31b-c293-47ba-ab04-dfa5b966872c,post,6d323eee-8ad8-408c-a458-18b3c111cb2e,A,2.0,False
A-3234,7170dad2-ad53-45b4-aeaf-e733ec2dfccb,post,6d323eee-8ad8-408c-a458-18b3c111cb2e,A,2.0,False
A-3235,3c65f532-857a-4470-b933-a8aebfc44ee3,comment,6d5a65b5-984e-460d-bec9-2baff7faea69,A,1.0,False
A-3236,63a8a95b-6918-4b55-a69f-2529ee8a959a,post,6d5d789f-185e-4f00-a372-b90503a408b6,A,3.0,False
A-3237,69d1afa5-2bc5-47f5-b274-4085d2e3d7c5,post,6d5d789f-185e-4f00-a372-b90503a408b6,A,3.0,False
A-3238,fc446991-b6fe-4b55-a0da-91e89d4b9112,comment,6d5d789f-185e-4f00-a372-b90503a408b6,A,3.0,False
A-3239,6bc75f36-b504-4698-ae00-8fc8c743e2eb,post,6d761831-f3b6-4b6a-ac81-7da785b31f18,A,1.0,False
A-3240,1da86819-402b-4079-8612-f54ef5dc4104,post,6d9a413b-fd7f-4f60-b476-c157984ba74a,A,2.0,False
A-3241,2835d47d-74e2-4608-ad6e-90b6054f9e50,post,6d9a413b-fd7f-4f60-b476-c157984ba74a,A,2.0,False
A-3242,d902b644-d156-4121-b509-7ac7917addb1,post,6d9beeee-ee06-45e9-a9df-1bb08a59fc1a,A,1.0,False
A-3243,1c2a1e10-eafc-4b0d-b219-23b92a45f4e7,post,6d9d69b5-d20f-4390-8ad4-ca13d6025037,A,4.0,True
A-3244,6ef5b700-6283-4113-bca0-f2436a8f0f53,post,6d9d69b5-d20f-4390-8ad4-ca13d6025037,A,4.0,False
A-3245,e1856955-2bfd-4f5c-8594-96fa7622db70,post,6d9d69b5-d20f-4390-8ad4-ca13d6025037,A,4.0,False
A-3246,f6ecef11-9aaf-455e-88af-9b1fcd4e71e1,post,6d9d69b5-d20f-4390-8ad4-ca13d6025037,A,4.0,False
A-3247,de9cdec7-66c8-4181-911c-44090f812e8c,comment,6db2e878-9e49-4e7f-8fdc-13af67c2ad12,A,1.0,False
A-3248,119f2dc8-f712-46e6-8c84-18b5ef040554,post,6dcf6059-9f0f-4960-97dc-1ad978f6e82e,A,1.0,False
A-3249,75d30af3-b995-40d2-af25-9aec808691d0,post,6de77038-9e64-4ff8-8296-61b28f3d4038,A,1.0,False
A-3250,6a81e805-7fb9-407a-ad58-eafcf1544c94,comment,6e06acb1-ee81-46c3-a68d-b5184e881b54,A,3.0,False
A-3251,cd3a8d13-dc91-4c0b-b5bc-302a67987f00,comment,6e06acb1-ee81-46c3-a68d-b5184e881b54,A,3.0,False
A-3252,e886c837-8aab-4487-aa76-29afda7c20fd,comment,6e06acb1-ee81-46c3-a68d-b5184e881b54,A,3.0,False
A-3253,bbd2a79a-d359-4160-8cdb-21cfb097c7ee,post,6e0905c3-fb65-420d-bf25-9ad5bd6e74fa,A,2.0,False
A-3254,f22dc357-1cc3-4d86-bcf4-fcb21850ec53,comment,6e0905c3-fb65-420d-bf25-9ad5bd6e74fa,A,2.0,False
A-3255,2b9a2089-6540-4da8-923c-07f42c66f64f,post,6e107089-c93e-44f7-a2f9-c1490bd574e0,A,2.0,False
A-3256,45205afd-6973-4cb9-aa9f-c110a56e5e46,post,6e107089-c93e-44f7-a2f9-c1490bd574e0,A,2.0,False
A-3257,82b8c2fb-77b7-484d-895d-4d5ebac53758,post,6e196bc4-1469-49ee-b77f-19b3c5ba2c3f,A,1.0,False
A-3258,ae9e359c-d735-4c69-8a06-66107d668b25,post,6e4bae71-4a84-4cf0-bcd7-21e25225c54e,A,3.0,False
A-3259,d3e73874-2ec1-43ca-8f1d-41afcf216fb2,comment,6e4bae71-4a84-4cf0-bcd7-21e25225c54e,A,3.0,False
A-3260,f1ef9346-b5af-49f5-af3a-0195486b4a47,post,6e4bae71-4a84-4cf0-bcd7-21e25225c54e,A,3.0,False
A-3261,9b0b8f77-7b87-4258-83a2-899eb207d49c,post,6e5ae011-45f0-4294-8847-45760bcbf017,A,1.0,False
A-3262,111fd04e-3136-4b1d-ac47-1ff0e89abf17,post,6e830697-9893-46e0-b298-d68c2ed768ea,A,2.0,False
A-3263,72b32179-6bd2-4fd7-80c3-58880b1d2371,comment,6e830697-9893-46e0-b298-d68c2ed768ea,A,2.0,False
A-3264,1d769942-c4d6-4b8a-bdc3-1b34c60352ee,comment,6e8b8b79-eb67-4cd9-bc43-e075577b04e8,A,1.0,False
A-3265,0d0cc9b6-61c2-4f42-9ade-974ed4954c6f,post,6ea0ec0c-7972-4945-b845-1113aea52fe0,A,3.0,False
A-3266,118d7843-a84a-4dd1-943b-98135d4a2ac2,post,6ea0ec0c-7972-4945-b845-1113aea52fe0,A,3.0,False
A-3267,b74ce06d-524a-42c3-b127-4942a25027e6,post,6ea0ec0c-7972-4945-b845-1113aea52fe0,A,3.0,False
A-3268,7c600c85-0c70-4f1b-88e6-1bb9d12f2748,post,6ea49f31-c679-4cb2-a39a-3ed6f6520d4c,A,1.0,False
A-3269,2af77e95-727a-4b99-8d37-2b92af97609c,post,6ea5c3b6-0d3c-462a-aeee-3ec859732826,A,2.0,False
A-3270,784ce0bf-0166-485a-a9e7-cb1ef02d7120,post,6ea5c3b6-0d3c-462a-aeee-3ec859732826,A,2.0,False
A-3271,e8571e28-5eb5-4091-8b6c-1d3f0389e12f,post,6ebe5776-fe66-45d3-8d14-f58fbd6dc064,A,1.0,False
A-3272,1fac0474-b4f2-4011-9018-ab04f8d52864,comment,6ed5b8e4-5fa0-4136-afc1-c0e465643678,A,1.0,False
A-3273,09d6393c-d479-4e7a-955f-180664f8af51,post,6f1c1f6b-640a-48f4-af1a-c6ac2b385fb3,A,1.0,False
A-3274,45e2642d-9a50-4332-be52-bda329cc0d27,comment,6f238b9e-151a-4afc-8404-ff5348caca60,A,7.0,False
A-3275,720f04be-5e2f-483a-9502-e10083154a02,comment,6f238b9e-151a-4afc-8404-ff5348caca60,A,7.0,False
A-3276,a037c749-de85-42ff-8618-09e255c94081,comment,6f238b9e-151a-4afc-8404-ff5348caca60,A,7.0,False
A-3277,e3838864-0547-4ecb-95aa-2a9be238e22f,comment,6f238b9e-151a-4afc-8404-ff5348caca60,A,7.0,False
A-3278,f4e66fd3-0e4c-40ef-a644-5faaba4f303e,comment,6f238b9e-151a-4afc-8404-ff5348caca60,A,7.0,False
A-3279,facaa79e-1bb3-4109-bc76-62745858aa9c,comment,6f238b9e-151a-4afc-8404-ff5348caca60,A,7.0,False
A-3280,fe299764-f55e-4933-9e16-b7f4481fe704,comment,6f238b9e-151a-4afc-8404-ff5348caca60,A,7.0,False
A-3281,7c469bee-9b3a-4431-b4f9-e80f7f8da362,post,6f2b3e81-9581-4369-81df-5b309d751a0b,A,1.0,False
A-3282,1f45fdf0-93c3-405c-8751-4bcd387ec55f,post,6f425090-c9a2-4a95-9640-385ba06fccb5,A,1.0,False
A-3283,272032ca-5620-4144-93bd-49b9aa910805,post,6f4a4a74-3817-4407-8584-ec325ee5427d,A,1.0,False
A-3284,142a78c3-8ee1-49d2-b9ab-249fc19e0cd1,comment,6f566884-e902-4c2b-92ae-8ff1c0ccdb85,A,4.0,False
A-3285,7499094e-9b46-46be-a78e-768641f34afa,comment,6f566884-e902-4c2b-92ae-8ff1c0ccdb85,A,4.0,False
A-3286,d398cb36-0e44-45ed-8639-54f4e8faf07e,post,6f566884-e902-4c2b-92ae-8ff1c0ccdb85,A,4.0,False
A-3287,f4ec619c-2530-4be9-8013-5be70dda32cb,comment,6f566884-e902-4c2b-92ae-8ff1c0ccdb85,A,4.0,False
A-3288,5d7a93fd-5c22-4e79-8963-6e23efbc63b3,post,6f7527c0-b541-43af-8783-277a747e4040,A,3.0,False
A-3289,737237ef-cb42-4072-a911-21c0fbf726ac,post,6f7527c0-b541-43af-8783-277a747e4040,A,3.0,False
A-3290,b4cda69d-777e-4eb0-94a1-d2d37ad10608,post,6f7527c0-b541-43af-8783-277a747e4040,A,3.0,False
A-3291,08eca7c8-d7b8-4c66-a82f-e19ea3525761,post,6faa3482-8e65-4893-a127-2fe6524752c0,A,1.0,False
A-3292,f7dedb8f-6c53-40c9-b4fa-04a3e58e1590,post,6fb99da5-1470-4545-93b6-08cf6ef0f4db,A,1.0,False
A-3293,31c8037e-58ac-4c2f-bc24-1b24df2d151e,post,6fccfe64-36ca-462f-9a08-d3cd02a44cb6,A,1.0,False
A-3294,315558d4-6ec8-43af-bcca-760cc1edfc30,comment,6fe676a3-d200-4820-b97c-f5abd30682d2,A,2.0,False
A-3295,d82f2926-16ba-4ec5-9a43-214e988eed39,post,6fe676a3-d200-4820-b97c-f5abd30682d2,A,2.0,False
A-3296,0793a112-956e-40e1-8ba1-9795dd392138,post,6fea7199-b34d-4b58-9c4b-e35cf79f41a0,A,4.0,False
A-3297,190d0fe1-ef18-4923-8325-2d0b98300400,comment,6fea7199-b34d-4b58-9c4b-e35cf79f41a0,A,4.0,False
A-3298,61c6aaa8-461f-4e1c-8f60-01f1fbe544b6,comment,6fea7199-b34d-4b58-9c4b-e35cf79f41a0,A,4.0,False
A-3299,f69e2b82-6adb-4565-bde1-cffee1d0c98d,post,6fea7199-b34d-4b58-9c4b-e35cf79f41a0,A,4.0,False
A-3300,2543758f-268e-43cd-a50f-d6c1c2347763,post,6ff045c0-3c4f-478f-813a-3c48979c986c,A,1.0,False
A-3301,0e4ec1c3-56e7-4ab9-92f8-503293740a19,post,6ff06a05-1868-4e79-96ed-9935c5b2f59d,A,1.0,False
A-3302,0c367cec-c06c-480a-a4db-ee5b639be015,post,6ff0946b-b8bb-4731-aea5-329c42f2cfb0,A,3.0,False
A-3303,550d9277-aa40-43a4-998a-e80d30ca2a3f,post,6ff0946b-b8bb-4731-aea5-329c42f2cfb0,A,3.0,False
A-3304,98d57666-e183-49a2-aac3-d85e15f0e7e0,post,6ff0946b-b8bb-4731-aea5-329c42f2cfb0,A,3.0,False
A-3305,06d547bf-c1ab-404c-af3b-a6e29c659c0f,comment,6ff902a7-4a43-41a3-9b1c-1544efcadd6c,A,1.0,False
A-3306,0a544e86-c697-47eb-b70d-e43f7da3b7cf,post,7002354a-6e44-40b0-82a0-2b9ee612c978,A,1.0,False
A-3307,add9c085-c1b2-47cd-8a61-76cd9a79a5f7,post,702e101a-85ec-484b-91ed-2dc2b29bd9db,A,1.0,False
A-3308,709b2a8f-fa92-4f5a-85a9-f03797040cf3,post,702fc9c1-8363-4b02-938c-8a4eb8392f27,A,2.0,False
A-3309,ed5dcd95-f7b7-4bc8-9156-4f2f49a4a17d,post,702fc9c1-8363-4b02-938c-8a4eb8392f27,A,2.0,False
A-3310,1aba661d-72ac-4bc2-a139-95c7a63b7090,post,7039875d-6eed-4bfb-acfa-98df916a9d9f,A,1.0,False
A-3311,05e45406-b629-4727-b38b-9d0670b1bf64,post,7051f714-79aa-447e-b4b8-04a69725d1d4,A,6.0,False
A-3312,244f7f77-15bf-4bac-8750-d7ed8a11c18c,post,7051f714-79aa-447e-b4b8-04a69725d1d4,A,6.0,False
A-3313,dddb81b9-4440-4cd9-a02d-d6ff4d2e74ff,post,7051f714-79aa-447e-b4b8-04a69725d1d4,A,6.0,False
A-3314,fa03e8b8-3b1b-4437-81d6-b2a6fb4f1c1e,post,7051f714-79aa-447e-b4b8-04a69725d1d4,A,6.0,False
A-3315,fb1811ad-7c72-4669-9cad-c67dc761441b,post,7051f714-79aa-447e-b4b8-04a69725d1d4,A,6.0,False
A-3316,fe491d12-5e8c-4eec-8065-d21089a8dcf0,post,7051f714-79aa-447e-b4b8-04a69725d1d4,A,6.0,False
A-3317,9da65739-fe35-44ac-a0d4-14ef5b9cf3b2,post,70585c38-0b0b-4775-97d4-ad55a9379acb,A,1.0,False
A-3318,f993a74f-2d05-4ea6-89d4-3756960678be,post,70809384-6c05-4e8f-abac-8c874180cc43,A,1.0,False
A-3319,1f92b018-c73a-452c-941d-4c497af987d7,post,7083e8bd-a90d-424f-b976-bd9934974547,A,3.0,False
A-3320,9f47009d-4e4f-4698-9248-210ee6593b57,post,7083e8bd-a90d-424f-b976-bd9934974547,A,3.0,False
A-3321,f3d4bcc7-a588-4dc7-b832-cdb2ac90b003,comment,7083e8bd-a90d-424f-b976-bd9934974547,A,3.0,False
A-3322,67ed276c-0293-437c-bcdd-0a37b503d827,comment,7086804e-eefc-42e9-81fd-345a666a8498,A,3.0,False
A-3323,6ee779a8-1389-45a8-897a-117df633cd0d,post,7086804e-eefc-42e9-81fd-345a666a8498,A,3.0,False
A-3324,7d1d539a-26a8-4295-8849-d2cf6a79b2c5,post,7086804e-eefc-42e9-81fd-345a666a8498,A,3.0,False
A-3325,3dab924b-cc12-4fb8-9c24-d3c525f0ddde,post,70903907-b405-4e4e-b3c9-bc808e713da2,A,6.0,False
A-3326,68c1541b-dd22-4853-afb4-ce4ca5f2fde9,post,70903907-b405-4e4e-b3c9-bc808e713da2,A,6.0,False
A-3327,8d9c6d15-5959-4e91-ab7d-d19f87b1c2e4,post,70903907-b405-4e4e-b3c9-bc808e713da2,A,6.0,False
A-3328,ae980c9f-d34b-4392-9fe8-1f1bcd0e3e09,post,70903907-b405-4e4e-b3c9-bc808e713da2,A,6.0,False
A-3329,b7d2dea4-598a-4455-a492-4c4c10a377fa,comment,70903907-b405-4e4e-b3c9-bc808e713da2,A,6.0,False
A-3330,f4d7112b-7e1f-4cc3-b355-16547ed4941f,post,70903907-b405-4e4e-b3c9-bc808e713da2,A,6.0,False
A-3331,1a0503b0-c813-4f14-9cc1-954a7506c559,comment,7092f7f6-7eed-4f40-a6c5-198bf066931d,A,17.0,False
A-3332,1a00c101-4ed8-4ffe-8fde-14ae38ef1582,comment,7092f7f6-7eed-4f40-a6c5-198bf066931d,A,17.0,False
A-3333,bfd9029d-cda5-442e-aff8-4da88d122585,comment,7092f7f6-7eed-4f40-a6c5-198bf066931d,A,17.0,False
A-3334,29663427-b5e2-471a-ab65-1a29b17a70bd,post,7092f7f6-7eed-4f40-a6c5-198bf066931d,A,17.0,False
A-3335,afbe0ea7-fc90-49fb-b8bf-953603743b21,comment,7092f7f6-7eed-4f40-a6c5-198bf066931d,A,17.0,False
A-3336,eb03c81c-6cb2-43eb-ac49-3ca20450d3a7,comment,7092f7f6-7eed-4f40-a6c5-198bf066931d,A,17.0,False
A-3337,4fd9945d-0f94-4fe4-aa4a-fe6a68dabc53,comment,7092f7f6-7eed-4f40-a6c5-198bf066931d,A,17.0,False
A-3338,bda0d289-21f2-4548-939b-d5f81431170d,comment,7092f7f6-7eed-4f40-a6c5-198bf066931d,A,17.0,False
A-3339,cc5c1d37-8535-44b5-adc9-7cf7fc7e1da6,comment,7092f7f6-7eed-4f40-a6c5-198bf066931d,A,17.0,False
A-3340,091e151e-b1e9-482c-9515-5178e3dcc897,comment,7092f7f6-7eed-4f40-a6c5-198bf066931d,A,17.0,False
A-3341,4db3c03b-6d86-4cec-a0af-e64485a4aa03,comment,7092f7f6-7eed-4f40-a6c5-198bf066931d,A,17.0,False
A-3342,64becc37-0b02-4d5a-8f36-c82516051eaf,comment,7092f7f6-7eed-4f40-a6c5-198bf066931d,A,17.0,False
A-3343,642f97d5-7130-4b20-b1c5-f0070ce21a20,comment,7092f7f6-7eed-4f40-a6c5-198bf066931d,A,17.0,False
A-3344,850964a7-b992-490a-b550-38d64669cafc,comment,7092f7f6-7eed-4f40-a6c5-198bf066931d,A,17.0,False
A-3345,eb79a9d9-cac7-45e8-b4b6-517201917f85,comment,7092f7f6-7eed-4f40-a6c5-198bf066931d,A,17.0,False
A-3346,a3bc4109-d0db-4f5b-b5f1-c4c8be4716df,post,7095c39c-1d34-473b-a01d-bb168dcc8116,A,2.0,False
A-3347,e148d5c3-f45c-42e9-b2fa-aa546b5df1b1,post,7095c39c-1d34-473b-a01d-bb168dcc8116,A,2.0,False
A-3348,c8dc59f4-9c26-4fec-b589-81c72ec0674e,post,70b9c6cb-e760-453f-9c59-d1b2f39611be,A,1.0,False
A-3349,1a9b44e7-8e49-4681-ac08-667346ab0d03,post,70d56ab9-fb0d-4d61-88e4-7dc2bc5ea417,A,4.0,False
A-3350,250cfb54-9d43-42dc-a9c9-99a94d015bc3,post,70d56ab9-fb0d-4d61-88e4-7dc2bc5ea417,A,4.0,False
A-3351,4d9fc016-9129-463f-9f53-d0ac03c123e1,comment,70d56ab9-fb0d-4d61-88e4-7dc2bc5ea417,A,4.0,False
A-3352,615c6510-56e1-4904-bca9-a01692344836,post,70d56ab9-fb0d-4d61-88e4-7dc2bc5ea417,A,4.0,False
A-3353,2ab17aed-b02c-4389-970d-ebc351b8eb72,post,70e347a4-2dfe-4df1-92cc-3a356ab024a8,A,2.0,False
A-3354,59e0e29a-467b-43ae-8aee-357482b8a4e3,post,70e347a4-2dfe-4df1-92cc-3a356ab024a8,A,2.0,False
A-3355,72871e2b-02a1-429a-9805-45bf4950e1ef,post,70f7274c-eed3-40ed-b2a1-dfd418a29373,A,2.0,False
A-3356,84b6a3ff-102e-47ef-8f1a-991f79eb5939,post,70f7274c-eed3-40ed-b2a1-dfd418a29373,A,2.0,False
A-3357,d6fe0796-6643-4f81-8868-9f89bc6fc9f8,post,711b7ab9-1fc9-4d8f-832a-709018610f3f,A,1.0,False
A-3358,487ba626-d2e3-4796-8957-1870f4bcf386,post,711fd9c8-851b-41d4-908c-a7b4f0305836,A,1.0,False
A-3359,0564b9b2-930a-4120-b20e-0626b759c30f,comment,7141346e-47a7-466f-b831-9503f0681450,A,1.0,False
A-3360,2f2f90b1-8ab0-449f-a13c-1bdd421abf15,post,714b094b-63f5-4fb8-a126-92497ef0cafd,A,3.0,False
A-3361,53116a49-7d7c-45f2-802f-311a8ae7318a,post,714b094b-63f5-4fb8-a126-92497ef0cafd,A,3.0,False
A-3362,bc630a5e-9d23-444e-8f07-4ec802fbc11a,comment,714b094b-63f5-4fb8-a126-92497ef0cafd,A,3.0,False
A-3363,196dd214-717e-4e43-aeee-87dec85b49a5,post,71569214-a372-4ecf-be4d-4c4db08af388,A,1.0,False
A-3364,fb2cb01b-2b74-4640-b236-9a3e2605c94f,post,716130fb-a256-4465-978d-209cc697e57e,A,1.0,False
A-3365,21553401-bea6-4052-8ee3-c89ac9fbe6ea,comment,7177e77a-67f3-49d2-9422-e2bfb59d9f83,A,4.0,False
A-3366,2d317f68-e154-48ee-bb51-5f328ece3890,comment,7177e77a-67f3-49d2-9422-e2bfb59d9f83,A,4.0,False
A-3367,923ae0e5-9fed-4a4c-a633-facc4dc85393,post,7177e77a-67f3-49d2-9422-e2bfb59d9f83,A,4.0,False
A-3368,b56f0515-ec76-4f96-a226-260799c454f5,post,7177e77a-67f3-49d2-9422-e2bfb59d9f83,A,4.0,False
A-3369,00622417-8415-472d-abea-8b55da2145b1,post,7186d53d-3473-4645-ac2f-1766cb164765,A,1.0,False
A-3370,410733dc-7fd0-45a4-a9ed-f992615896df,post,7198c9ca-2f0a-4c35-9dc3-cd2a85e8f28b,A,2.0,False
A-3371,9e096e7d-cde2-45ac-b295-39468c85b88d,post,7198c9ca-2f0a-4c35-9dc3-cd2a85e8f28b,A,2.0,False
A-3372,16f5669a-83af-47d3-817d-dc852564698b,comment,7199dcba-6460-4e77-a682-e70ef723f0d4,A,7.0,False
A-3373,33a0abc3-9c7a-42bc-aebe-2b3eff6f62e6,post,7199dcba-6460-4e77-a682-e70ef723f0d4,A,7.0,False
A-3374,3aadb7ea-69f2-474d-bdd8-3e7ca93728ec,comment,7199dcba-6460-4e77-a682-e70ef723f0d4,A,7.0,False
A-3375,4a833ba5-47cd-4ddd-9a65-ad4256a69673,comment,7199dcba-6460-4e77-a682-e70ef723f0d4,A,7.0,False
A-3376,60669987-38a9-4f95-aefb-116058b8be8c,comment,7199dcba-6460-4e77-a682-e70ef723f0d4,A,7.0,False
A-3377,b69e4b68-d93b-46c0-846e-1e420fb28d60,comment,7199dcba-6460-4e77-a682-e70ef723f0d4,A,7.0,False
A-3378,b9be028b-4b25-463a-b1a5-fcc6496c6246,comment,7199dcba-6460-4e77-a682-e70ef723f0d4,A,7.0,False
A-3379,3ea0ad7c-d858-402d-a611-f061f11a774c,post,71c354c1-4a6a-46bf-aa40-bf9f7546ead0,A,3.0,False
A-3380,7278f139-af9d-48bd-a85b-ee52b4b408ae,post,71c354c1-4a6a-46bf-aa40-bf9f7546ead0,A,3.0,False
A-3381,f1163596-fd84-408e-882a-dcc2cb4d0f50,comment,71c354c1-4a6a-46bf-aa40-bf9f7546ead0,A,3.0,False
A-3382,4d54a282-6487-42ef-9c0c-1a6f94ed9831,comment,71c503a1-783f-41c1-b2d0-994c79e73333,A,1.0,False
A-3383,6e4e3c15-656b-4662-9f24-337a655ce108,post,71f9704d-7ac6-4194-b8b6-1be95c2a1277,A,3.0,False
A-3384,d2a06678-ced1-445f-a41c-d3b79730b4fb,post,71f9704d-7ac6-4194-b8b6-1be95c2a1277,A,3.0,False
A-3385,dd200361-2a69-4261-a63f-9d2a3ac48f52,post,71f9704d-7ac6-4194-b8b6-1be95c2a1277,A,3.0,False
A-3386,0eaeb2a3-94f5-4a2b-afaa-8ba3cf887f77,post,72015247-de7f-4a77-b301-46aa42f16e12,A,2.0,False
A-3387,dc0cec04-acc4-4707-8a4f-f722c7eeeea1,post,72015247-de7f-4a77-b301-46aa42f16e12,A,2.0,False
A-3388,6b1b84a2-0534-40bb-8162-b84173859b42,post,72052e3b-5af9-4700-b8a8-70344e4e0c96,A,1.0,False
A-3389,229c9998-d4d8-48fb-b48d-bf3a0f0fbd19,post,720e0bbe-df5a-4cb5-a7fd-24e55796b76c,A,2.0,False
A-3390,c048ca53-a060-49c4-ba09-d3f8e91213c9,post,720e0bbe-df5a-4cb5-a7fd-24e55796b76c,A,2.0,False
A-3391,2c7a6e55-adc0-4c5f-901c-38f5d297240c,post,72202393-c3ca-4e6b-bffc-adb3fd9e6a2f,A,2.0,False
A-3392,d5bd3afd-9678-4f2f-8f23-e2bae12fccc7,post,72202393-c3ca-4e6b-bffc-adb3fd9e6a2f,A,2.0,False
A-3393,31056e8f-7122-40a5-92a6-48fde2679dd2,post,7236c9ce-eb00-4cef-9a69-0828f45c1991,A,1.0,False
A-3394,f489af3a-8ea2-4f75-b98f-13b30ae66035,post,7258230c-0194-4b83-aad5-77477fffe252,A,1.0,False
A-3395,368889e9-258a-49a0-b084-998293dde9ac,post,726c8350-ccc5-4b3f-bf00-9fea392b490e,A,2.0,False
A-3396,39122497-0a50-4d25-85ed-c483b7083db9,post,726c8350-ccc5-4b3f-bf00-9fea392b490e,A,2.0,False
A-3397,8040beaa-ce6b-459e-ac60-3e52d506a9ca,comment,7271c95a-4cd3-4261-a65c-53d87f5ee712,A,4.0,False
A-3398,a5d63be5-c9ad-45fd-9432-6ac318796fa2,comment,7271c95a-4cd3-4261-a65c-53d87f5ee712,A,4.0,False
A-3399,a87af934-73a5-42ae-be09-9e49678fab60,comment,7271c95a-4cd3-4261-a65c-53d87f5ee712,A,4.0,False
A-3400,a880a7bd-c95a-48fd-95e1-72a9fd7de5f7,comment,7271c95a-4cd3-4261-a65c-53d87f5ee712,A,4.0,False
A-3401,25606a0b-8922-4604-b5a6-747305ba64e4,post,7272f3f4-3c6f-4e97-9aa1-41964edf042c,A,6.0,False
A-3402,51e088a2-c19c-43a7-a835-4d03ccdd38ce,post,7272f3f4-3c6f-4e97-9aa1-41964edf042c,A,6.0,False
A-3403,8e7eee5d-2d31-4353-b1b7-97b0de789f82,post,7272f3f4-3c6f-4e97-9aa1-41964edf042c,A,6.0,False
A-3404,dfc4cd7f-5281-417c-917c-1cacd8eecfa3,post,7272f3f4-3c6f-4e97-9aa1-41964edf042c,A,6.0,False
A-3405,e7dde052-c566-4cc6-980b-b206a964463e,post,7272f3f4-3c6f-4e97-9aa1-41964edf042c,A,6.0,False
A-3406,fe6a9444-4a11-4a47-a07a-3257e51995f1,post,7272f3f4-3c6f-4e97-9aa1-41964edf042c,A,6.0,False
A-3407,195b8e2a-4256-4319-a300-1ad91c087253,post,73087baf-8525-4140-b67f-4f8d1df4b9b0,A,2.0,False
A-3408,aa3f9d7f-757b-4ee8-b264-21641ac2bbbc,post,73087baf-8525-4140-b67f-4f8d1df4b9b0,A,2.0,False
A-3409,4290d99a-9e31-4bc9-909c-f1def5c10071,post,7324509d-2239-436b-8de7-f069e415db2a,A,1.0,False
A-3410,4c699e74-64a4-4fda-a314-ea060b6d1534,post,734ff6bb-1519-463e-ab7f-57ff08497392,A,6.0,False
A-3411,58f6a847-9c7f-4e4b-a670-6328b9972784,post,734ff6bb-1519-463e-ab7f-57ff08497392,A,6.0,False
A-3412,8b36576a-d20d-4c00-ba91-550e7e1d0735,comment,734ff6bb-1519-463e-ab7f-57ff08497392,A,6.0,False
A-3413,f79c8c59-2dee-41b0-8908-080420586617,comment,734ff6bb-1519-463e-ab7f-57ff08497392,A,6.0,False
A-3414,fb6cff44-0ec3-40dd-a8ed-1de685371345,comment,734ff6bb-1519-463e-ab7f-57ff08497392,A,6.0,False
A-3415,ff1fe25c-f9c9-4e18-b4c2-f67d0f8ff66f,comment,734ff6bb-1519-463e-ab7f-57ff08497392,A,6.0,False
A-3416,58fc5ff8-c8ff-4b4a-a274-121123a31bf3,post,7357f31d-e01e-449d-8a7f-4230f8e4605d,A,2.0,False
A-3417,87d7ee8b-10af-49e4-a4d1-10db9cb2931e,post,7357f31d-e01e-449d-8a7f-4230f8e4605d,A,2.0,False
A-3418,ee19ed7e-a8d1-4882-b861-a3e61dbd9aff,post,735fbca9-1961-49f9-a1da-779282b585be,A,1.0,False
A-3419,1a2b6668-517e-4a4d-b9a8-80c9c2b19d06,post,73728149-f3f4-43bf-b622-aadc812cca6f,A,1.0,False
A-3420,754d9c13-5606-4012-99f3-a5cc18405ec6,post,7387803c-2bbf-49aa-869a-6627f1990c4d,A,1.0,False
A-3421,232db7ba-6591-4eaf-b117-27a772c3ac8f,post,73a78591-1600-45fb-bf9a-3675cc6d65a5,A,3.0,False
A-3422,4968f4d6-9d6b-4446-bf9f-1f2a5a113113,comment,73a78591-1600-45fb-bf9a-3675cc6d65a5,A,3.0,False
A-3423,8f769236-6156-4a5e-8429-8ec81b4556c1,post,73a78591-1600-45fb-bf9a-3675cc6d65a5,A,3.0,False
A-3424,2cceea8e-3498-4441-8bf4-d72651a6adaa,comment,73a98f1d-99f4-4d84-b951-e0f35782e339,A,6.0,False
A-3425,4423f654-9bb5-4728-9607-764e9ea4fc97,post,73a98f1d-99f4-4d84-b951-e0f35782e339,A,6.0,False
A-3426,75fc2233-d064-4710-941d-ad41e96304f0,post,73a98f1d-99f4-4d84-b951-e0f35782e339,A,6.0,False
A-3427,c09a11f3-cda0-48c4-a6e3-78e8f1fd533b,comment,73a98f1d-99f4-4d84-b951-e0f35782e339,A,6.0,False
A-3428,d7579aa4-3b98-4bd7-9ed7-1b4a19690f9e,comment,73a98f1d-99f4-4d84-b951-e0f35782e339,A,6.0,False
A-3429,e30ea854-dbf8-4e13-bd27-30e4551f50a2,comment,73a98f1d-99f4-4d84-b951-e0f35782e339,A,6.0,False
A-3430,a8a5ae2b-9825-4fd1-bb71-c7fb762e43c0,post,73c42038-136e-493a-8615-d555ec2eb054,A,1.0,False
A-3431,cda9fc06-1758-4af3-bedb-100cee9d32e1,comment,73c97f8d-5c2b-4349-8d60-146121c5a651,A,16.0,False
A-3432,3bb95d80-e987-413c-b7b5-6375f3b5b08a,comment,73c97f8d-5c2b-4349-8d60-146121c5a651,A,16.0,False
A-3433,8b7369ba-16e8-41cc-b4ed-914dc22bf56c,comment,73c97f8d-5c2b-4349-8d60-146121c5a651,A,16.0,False
A-3434,42bee165-df1a-464a-9ff6-8182f3c97e7d,comment,73c97f8d-5c2b-4349-8d60-146121c5a651,A,16.0,False
A-3435,e30f5476-eb64-469e-93f1-112de9c7e5b2,comment,73c97f8d-5c2b-4349-8d60-146121c5a651,A,16.0,False
A-3436,bd881b9d-dbee-4f52-970d-ea5f83375bc0,comment,73c97f8d-5c2b-4349-8d60-146121c5a651,A,16.0,False
A-3437,08c3289b-029c-4af5-b53c-0f4707c4743a,comment,73c97f8d-5c2b-4349-8d60-146121c5a651,A,16.0,False
A-3438,4d74db18-3122-49ab-bfef-c5355a406596,comment,73c97f8d-5c2b-4349-8d60-146121c5a651,A,16.0,False
A-3439,dcbfb758-8dd1-44cf-ae80-998bc3b9c89d,comment,73c97f8d-5c2b-4349-8d60-146121c5a651,A,16.0,False
A-3440,edafc87f-be98-467e-a1c1-b0a8098f9b68,post,73c97f8d-5c2b-4349-8d60-146121c5a651,A,16.0,False
A-3441,361fac48-1562-44c4-8b93-edaa3013938f,comment,73c97f8d-5c2b-4349-8d60-146121c5a651,A,16.0,False
A-3442,73c167e7-57a0-403d-ae4f-bbfbde9eefa5,post,73c97f8d-5c2b-4349-8d60-146121c5a651,A,16.0,False
A-3443,e7b81802-f2e0-40c2-9f5f-bf07d93923af,post,73c97f8d-5c2b-4349-8d60-146121c5a651,A,16.0,False
A-3444,7441327a-95fd-4d3b-be86-4c6f614441d6,post,73c97f8d-5c2b-4349-8d60-146121c5a651,A,16.0,False
A-3445,ccdde961-bccf-4d09-82e8-618913a67931,post,73c97f8d-5c2b-4349-8d60-146121c5a651,A,16.0,False
A-3446,36d302c0-6a71-4fc1-b3e0-e37c3a7aec7d,comment,73de57fc-76fe-4047-9cb5-48855a8096a2,A,1.0,False
A-3447,24525fcd-7f8d-47e6-bd32-4d77d65063e3,post,73f6eeac-4321-4ea1-8638-5e4e319db6fd,A,1.0,False
A-3448,173e1200-c07f-4ff1-b8a6-fa3862f274dc,comment,73fd4343-c7aa-4407-84df-8d53fe130457,A,6.0,False
A-3449,2891b827-27ae-4049-83c6-63537f6411f3,comment,73fd4343-c7aa-4407-84df-8d53fe130457,A,6.0,False
A-3450,489418ad-345c-450a-ae67-518fca0cfe12,comment,73fd4343-c7aa-4407-84df-8d53fe130457,A,6.0,False
A-3451,4ed58729-4848-4053-b76c-bc30867113f2,comment,73fd4343-c7aa-4407-84df-8d53fe130457,A,6.0,False
A-3452,6a86c9a1-3155-40b2-afbb-222363324dc7,comment,73fd4343-c7aa-4407-84df-8d53fe130457,A,6.0,False
A-3453,8dbb0c8d-4718-47dd-80fb-df19bb7677f5,comment,73fd4343-c7aa-4407-84df-8d53fe130457,A,6.0,False
A-3454,40c56288-56a7-44c0-9fa4-4fb0b2108757,post,73ff528e-3262-4654-87a3-e6e69ce7cdb9,A,1.0,False
A-3455,de86fc10-6a8b-4b81-b1ff-5e6b0785da44,comment,7413277c-88f4-4914-9e42-0ece310c7251,A,1.0,False
A-3456,0713cdc4-2c3b-4c7b-92ce-f340622f9c55,post,741acb07-58c2-4cb0-86ec-ebf53217c67d,A,8.0,False
A-3457,4b63a105-fd10-4c78-a694-3ad81d28d060,comment,741acb07-58c2-4cb0-86ec-ebf53217c67d,A,8.0,False
A-3458,4d7e70e6-56d0-4a4d-a4f9-aa95c0baed70,comment,741acb07-58c2-4cb0-86ec-ebf53217c67d,A,8.0,False
A-3459,9288f24b-aa8e-48ba-82a2-f320c2a93ac2,comment,741acb07-58c2-4cb0-86ec-ebf53217c67d,A,8.0,False
A-3460,99773ade-44b0-4d42-9ab3-29b3306874ab,post,741acb07-58c2-4cb0-86ec-ebf53217c67d,A,8.0,False
A-3461,ca85b446-c769-4742-830e-ea19a3a70777,post,741acb07-58c2-4cb0-86ec-ebf53217c67d,A,8.0,False
A-3462,d11f1b37-4266-4bc2-93f8-543ce72279af,comment,741acb07-58c2-4cb0-86ec-ebf53217c67d,A,8.0,False
A-3463,f7bb0ba5-12d8-45df-84c7-1624a2571085,post,741acb07-58c2-4cb0-86ec-ebf53217c67d,A,8.0,False
A-3464,85997d4d-9ed2-48e7-b3e4-41025ec5de22,comment,74307f38-7e45-41f8-b171-710347633e63,A,1.0,False
A-3465,9576cda6-00ec-4247-9537-5e66e7a56137,post,7441bdec-9814-4ed7-8cf4-b40b94d7af01,A,16.0,False
A-3466,ea4cb736-98ac-4ce0-80f3-25d313dbaacf,post,7441bdec-9814-4ed7-8cf4-b40b94d7af01,A,16.0,False
A-3467,c534276f-f863-4991-8e5d-d9c8b12647d3,comment,7441bdec-9814-4ed7-8cf4-b40b94d7af01,A,16.0,False
A-3468,62ff3070-8338-448e-9732-8221267bd2ec,comment,7441bdec-9814-4ed7-8cf4-b40b94d7af01,A,16.0,False
A-3469,6640e850-004e-4c64-bb26-0a62d2d849b5,post,7441bdec-9814-4ed7-8cf4-b40b94d7af01,A,16.0,False
A-3470,d9dcaae3-3e1d-4a4b-b4a8-3861504c26cd,post,7441bdec-9814-4ed7-8cf4-b40b94d7af01,A,16.0,False
A-3471,5250cd80-27cf-49fd-9e29-afc637740f91,post,7441bdec-9814-4ed7-8cf4-b40b94d7af01,A,16.0,False
A-3472,202454fe-b12b-488b-a8ba-5c0cfd519c30,comment,7441bdec-9814-4ed7-8cf4-b40b94d7af01,A,16.0,False
A-3473,68016aee-9192-452b-96e9-15151ce074e7,comment,7441bdec-9814-4ed7-8cf4-b40b94d7af01,A,16.0,False
A-3474,55929abd-2ddf-45b1-ac3e-e06d748789be,post,7441bdec-9814-4ed7-8cf4-b40b94d7af01,A,16.0,False
A-3475,744b81cc-f07f-43ea-8710-5a5efd3e1d86,post,7441bdec-9814-4ed7-8cf4-b40b94d7af01,A,16.0,False
A-3476,c1cda68f-1178-4bb1-a84e-0b26a9a7042d,post,7441bdec-9814-4ed7-8cf4-b40b94d7af01,A,16.0,False
A-3477,ad420965-8090-4354-8d83-ea3e9ecc2c68,post,7441bdec-9814-4ed7-8cf4-b40b94d7af01,A,16.0,False
A-3478,23e173a0-a4cf-4906-b16e-dea775ee3633,post,7441bdec-9814-4ed7-8cf4-b40b94d7af01,A,16.0,False
A-3479,68b0798c-4c64-4890-b6ce-419398139890,comment,7441bdec-9814-4ed7-8cf4-b40b94d7af01,A,16.0,False
A-3480,c1d0ebb3-4861-4c09-bb7d-62051cb9cf2c,post,74526428-a2d6-40bb-8dfb-43be8fe38e40,A,1.0,False
A-3481,dabb9e72-605e-4eb5-9f01-33c02c6ec421,comment,745e7b14-7fb9-458f-b599-df0cc19e7f55,A,2.0,False
A-3482,eb8b5193-a688-4519-83d5-51896d4f564a,post,745e7b14-7fb9-458f-b599-df0cc19e7f55,A,2.0,False
A-3483,83d478a9-b80d-4268-9647-4622572382d1,post,746cacba-c01e-4242-a87b-101538f6750c,A,1.0,False
A-3484,15fd8935-934a-4a1e-80cf-2a4891257fd3,post,74bb7d0a-8d37-4d15-844d-7d4623ae8aca,A,7.0,False
A-3485,67368519-a260-4f83-8ef5-932c6daeba1d,comment,74bb7d0a-8d37-4d15-844d-7d4623ae8aca,A,7.0,False
A-3486,84fbe344-5a8c-4bac-83bf-3368f04da42f,comment,74bb7d0a-8d37-4d15-844d-7d4623ae8aca,A,7.0,False
A-3487,94d8dd82-2657-4a74-a24e-b7508348ee97,comment,74bb7d0a-8d37-4d15-844d-7d4623ae8aca,A,7.0,False
A-3488,9ead1c18-fa49-4df4-b23a-21581d52a4e9,comment,74bb7d0a-8d37-4d15-844d-7d4623ae8aca,A,7.0,False
A-3489,db97c12a-6958-47f1-8333-2fe05a8e8554,comment,74bb7d0a-8d37-4d15-844d-7d4623ae8aca,A,7.0,False
A-3490,e4833410-e00c-4b7a-9c25-d29c99d72d7f,post,74bb7d0a-8d37-4d15-844d-7d4623ae8aca,A,7.0,False
A-3491,1d90e655-e540-480d-85e1-27e631d5bd27,comment,74cfeee7-fb44-46cc-95f9-d6264662b5f8,A,4.0,False
A-3492,2015fdf0-0fbc-496e-ba1d-1dabf2054738,post,74cfeee7-fb44-46cc-95f9-d6264662b5f8,A,4.0,False
A-3493,8b3bf532-b919-4292-b93b-a375d0db36e9,post,74cfeee7-fb44-46cc-95f9-d6264662b5f8,A,4.0,False
A-3494,f4f532ad-d4b2-4810-b47e-464740a03dab,comment,74cfeee7-fb44-46cc-95f9-d6264662b5f8,A,4.0,False
A-3495,1fd49b65-19f0-4031-a8ee-7f1033a26625,post,74d4cab2-2fa1-4945-a9b1-7f0672a41b05,A,1.0,False
A-3496,e3704707-6618-46fe-a16f-b83dd7783309,post,74d77390-5ecf-4a67-bee8-e7ae7c3b858f,A,2.0,False
A-3497,feb0061d-0448-49b9-aae4-a8900f1e00e2,post,74d77390-5ecf-4a67-bee8-e7ae7c3b858f,A,2.0,False
A-3498,1f0e7851-29e5-4a9e-87f8-2c28f7dbf5de,post,74dcfb46-be30-4284-96a3-b054564917dd,A,1.0,False
A-3499,04041233-cefd-4a17-95d5-16b4d61e6e09,post,75620c12-708e-4779-a631-76ebc834076b,A,1.0,False
A-3500,ac6f46f5-7f8e-4cdb-8715-45d380e1ed06,comment,756b02ff-0627-4a2f-81b8-f3a1df8f01e6,A,1.0,False
A-3501,20a02e05-ab5b-41d3-9e4e-f41c37e560e9,comment,75768ffd-5e67-49d3-bad8-156666d0288e,A,4.0,False
A-3502,5c324264-c7e3-4d8d-b828-1e617dd5c226,comment,75768ffd-5e67-49d3-bad8-156666d0288e,A,4.0,False
A-3503,7bcc6ef6-663f-43aa-a97d-5d2f3fc64efd,post,75768ffd-5e67-49d3-bad8-156666d0288e,A,4.0,False
A-3504,e63bb61c-a63b-479b-84d3-d87e720b6a60,comment,75768ffd-5e67-49d3-bad8-156666d0288e,A,4.0,False
A-3505,76c56626-c31b-499b-8733-eb82aef408cd,post,7593e7ab-9368-4c19-a7ae-c0b2ee01bdc4,A,2.0,False
A-3506,a74e676b-96b1-4ab9-bc78-781c7d3b7ab7,comment,7593e7ab-9368-4c19-a7ae-c0b2ee01bdc4,A,2.0,False
A-3507,064fb187-2e7f-4d3c-9970-7887f1741c40,comment,759451c9-5a00-4515-a729-073e4e160b26,A,2.0,False
A-3508,f68ed371-7dd1-467a-9a01-756bf7e282c7,comment,759451c9-5a00-4515-a729-073e4e160b26,A,2.0,False
A-3509,8a806f77-1ffc-47c8-bfad-7213555c5df6,post,75acd383-571a-42a1-89e7-29645717c871,A,1.0,False
A-3510,82ae6601-72ea-4ab2-b404-6e1789375bd9,comment,75b2372f-74e3-48ef-9412-60d641c37bd4,A,2.0,False
A-3511,cfff0b43-0158-46c7-ac8e-91d2f552d406,post,75b2372f-74e3-48ef-9412-60d641c37bd4,A,2.0,False
A-3512,49d46fec-d864-4343-82e7-06313599466f,comment,75c44834-97b9-453f-9e0e-9678e9f0f0fc,A,8.0,False
A-3513,5cb2ab6f-c228-408b-b103-d757f599da73,comment,75c44834-97b9-453f-9e0e-9678e9f0f0fc,A,8.0,False
A-3514,683a99b8-07c1-4bc0-b3d9-8cb47437d5be,comment,75c44834-97b9-453f-9e0e-9678e9f0f0fc,A,8.0,False
A-3515,787408a2-a13b-4694-9ceb-e67378ff41bb,comment,75c44834-97b9-453f-9e0e-9678e9f0f0fc,A,8.0,False
A-3516,91a11cd0-0cd6-4695-8e88-673e177b2eb0,comment,75c44834-97b9-453f-9e0e-9678e9f0f0fc,A,8.0,False
A-3517,9d17eb54-8dc2-44c0-9372-99198068f5ba,comment,75c44834-97b9-453f-9e0e-9678e9f0f0fc,A,8.0,False
A-3518,a69a8132-7f0c-4239-aee8-cf4491c542cc,post,75c44834-97b9-453f-9e0e-9678e9f0f0fc,A,8.0,False
A-3519,cfcca6f3-2775-4429-845c-00b08688199e,comment,75c44834-97b9-453f-9e0e-9678e9f0f0fc,A,8.0,False
A-3520,1491e9fa-a1a8-41ff-8b75-9a81f2188b0c,post,75c4677e-2858-4424-8c7a-c5cb35f27653,A,15.0,False
A-3521,237a21ec-ecbb-44bb-a29f-22ca829429df,comment,75c4677e-2858-4424-8c7a-c5cb35f27653,A,15.0,False
A-3522,255949d4-738d-4599-bc79-f1420b9e8068,post,75c4677e-2858-4424-8c7a-c5cb35f27653,A,15.0,False
A-3523,64b3b261-c17b-4099-ba6d-34cbbab13296,post,75c4677e-2858-4424-8c7a-c5cb35f27653,A,15.0,False
A-3524,7193caab-bdc2-4310-bd12-822170a15083,post,75c4677e-2858-4424-8c7a-c5cb35f27653,A,15.0,False
A-3525,72d9f068-df35-4d1e-8646-6beb1f8b584a,post,75c4677e-2858-4424-8c7a-c5cb35f27653,A,15.0,False
A-3526,89c78203-b53c-4a61-b632-4255721b51da,post,75c4677e-2858-4424-8c7a-c5cb35f27653,A,15.0,False
A-3527,8bd3694f-b321-4daf-9301-2392418b7409,post,75c4677e-2858-4424-8c7a-c5cb35f27653,A,15.0,False
A-3528,8f78a86b-7a35-49a7-9bc1-3f0dc0f7bd5d,comment,75c4677e-2858-4424-8c7a-c5cb35f27653,A,15.0,False
A-3529,af26b247-00d1-4180-ad36-457e1be70a24,post,75c4677e-2858-4424-8c7a-c5cb35f27653,A,15.0,False
A-3530,c49bb776-7662-4bea-b26b-d392a53cdd6c,post,75c4677e-2858-4424-8c7a-c5cb35f27653,A,15.0,False
A-3531,cb9a0afd-5d9a-47a9-b451-d337ec99dc8f,post,75c4677e-2858-4424-8c7a-c5cb35f27653,A,15.0,False
A-3532,d56f7f14-e421-4b81-97d5-8cac85a454dd,post,75c4677e-2858-4424-8c7a-c5cb35f27653,A,15.0,False
A-3533,e72d15e0-f046-45ce-be99-e608511becc1,post,75c4677e-2858-4424-8c7a-c5cb35f27653,A,15.0,False
A-3534,f69b1617-11e5-45ff-9954-f3480855b60e,comment,75c4677e-2858-4424-8c7a-c5cb35f27653,A,15.0,False
A-3535,d918c04a-5b87-4e57-8ccb-4777992e925e,post,75ff7933-d613-4289-afe1-381e51907ecc,A,1.0,False
A-3536,0574ddd4-2509-4778-acef-75febab523f7,post,760110f8-429d-4555-83a7-35403538bd48,A,3.0,False
A-3537,64fde846-127d-4021-adfa-3c52e0972215,comment,760110f8-429d-4555-83a7-35403538bd48,A,3.0,False
A-3538,9caae14f-d6f2-4e25-9e5d-862f932c5e35,comment,760110f8-429d-4555-83a7-35403538bd48,A,3.0,False
A-3539,86512ff0-b436-472e-aec4-0189d2868f07,post,76104e6c-66f2-47b7-928c-cb7deb0dfaad,A,1.0,False
A-3540,3f9172fe-5f6c-48e0-ab3b-ef6c1a831137,comment,76361cb8-cb68-4c50-a177-f6e843616852,A,3.0,False
A-3541,86ebf894-53c1-4603-8680-1a7516d36663,comment,76361cb8-cb68-4c50-a177-f6e843616852,A,3.0,False
A-3542,98411a09-e326-4e4e-bb19-e21799cdd87b,post,76361cb8-cb68-4c50-a177-f6e843616852,A,3.0,False
A-3543,cd9fbe24-2309-433b-a5f8-ca00910f1102,comment,763d66d0-4539-4395-8715-2de7518d829d,A,1.0,False
A-3544,0c7c949f-2f47-48db-a067-992a3355bc7a,post,765bec79-ff13-4c7c-9028-d19c0410f312,A,5.0,False
A-3545,0dc4780b-00df-4459-956e-6f3bf5e3e76b,post,765bec79-ff13-4c7c-9028-d19c0410f312,A,5.0,False
A-3546,241f4be6-d832-438f-931a-641c32b88dd5,post,765bec79-ff13-4c7c-9028-d19c0410f312,A,5.0,False
A-3547,5d98e4ff-9883-4676-8357-620e46ea8944,post,765bec79-ff13-4c7c-9028-d19c0410f312,A,5.0,False
A-3548,d682eac7-c567-48f5-8b48-bed2d5e0116e,post,765bec79-ff13-4c7c-9028-d19c0410f312,A,5.0,False
A-3549,3d1703a5-823e-4677-8e8d-41a62befce8d,comment,7665ab31-147a-4bd9-ae8f-9f39ef92535d,A,1.0,False
A-3550,4828d916-1ed8-43f2-8e01-dde1a20eb613,post,766e089a-07b0-4af1-9aa2-35acd7c2acec,A,2.0,False
A-3551,cd5498ca-4543-44b6-9f13-f8b1b71bdbaa,post,766e089a-07b0-4af1-9aa2-35acd7c2acec,A,2.0,False
A-3552,d230746a-b53c-4188-b79f-3eae0b9839de,comment,76812e59-4fdf-4cec-a0f4-2a5918c65ffb,A,1.0,False
A-3553,088b9f9b-5711-4bae-8ba4-0367350e8df1,post,7682db40-ebfb-4c83-82e0-5e7c5cd73c01,A,1.0,False
A-3554,30b7dbe4-5a7c-4479-9de1-d6678a04c665,post,769df1f8-7f7d-4c0a-befb-c0aecaa22967,A,1.0,False
A-3555,38dfc11c-d391-4739-a9c6-b0de2dbaeec4,post,769f6cb0-e58a-4fb8-8600-1479624f0860,A,1.0,False
A-3556,2a40601e-c595-4396-9b1f-cf2a4ce5fb78,post,76a9f268-8156-4281-a2b2-9e707c0246f1,A,1.0,False
A-3557,0d8f7505-2393-4c5a-8b7e-c3604d15ed38,comment,76c6533e-33ef-4012-9176-0e2aa5a726b9,A,8.0,False
A-3558,1d3bda9b-4584-48b7-8cfe-3ff640bc9c73,comment,76c6533e-33ef-4012-9176-0e2aa5a726b9,A,8.0,False
A-3559,471ef77c-d88f-482d-bf67-e31cb5087d01,comment,76c6533e-33ef-4012-9176-0e2aa5a726b9,A,8.0,False
A-3560,5983bb7b-b862-44df-b3ef-5673010d5534,comment,76c6533e-33ef-4012-9176-0e2aa5a726b9,A,8.0,False
A-3561,a2ea1b4d-a2b2-4c8a-a0d3-79d91fba2186,comment,76c6533e-33ef-4012-9176-0e2aa5a726b9,A,8.0,False
A-3562,a2fa0c3b-b650-43e9-baaa-44cffddebe0e,post,76c6533e-33ef-4012-9176-0e2aa5a726b9,A,8.0,False
A-3563,b5c6f882-8e6e-4d89-9ac0-8a21db3040ab,comment,76c6533e-33ef-4012-9176-0e2aa5a726b9,A,8.0,False
A-3564,fe185a0f-ea9c-401c-8250-bd9bc2a1887d,comment,76c6533e-33ef-4012-9176-0e2aa5a726b9,A,8.0,False
A-3565,b8b6f9e6-8ab9-4a61-98e8-1370cda7158e,post,76ef5154-56eb-41bd-a3e1-e312e37b80a5,A,1.0,False
A-3566,046217ee-1578-4806-a99b-5dd3ef018ee6,comment,76fce684-27d4-4f41-9267-60b892c6b9cc,A,13.0,False
A-3567,04d451dd-fd71-450f-a372-bd8e5cedb341,comment,76fce684-27d4-4f41-9267-60b892c6b9cc,A,13.0,False
A-3568,08b7c284-895d-4eec-b71f-f6fa50a7e700,comment,76fce684-27d4-4f41-9267-60b892c6b9cc,A,13.0,False
A-3569,4892edd6-438e-4624-808a-11d0ddebbec2,comment,76fce684-27d4-4f41-9267-60b892c6b9cc,A,13.0,False
A-3570,4902e017-b3e0-4aa8-bc5a-0cb445b74768,comment,76fce684-27d4-4f41-9267-60b892c6b9cc,A,13.0,False
A-3571,5630770a-ab9c-478c-a1d9-75b6168016bc,post,76fce684-27d4-4f41-9267-60b892c6b9cc,A,13.0,False
A-3572,66fa7867-1215-4574-9ce2-a78d98bf9bef,post,76fce684-27d4-4f41-9267-60b892c6b9cc,A,13.0,False
A-3573,951d1765-1860-482c-b819-129660979cf3,post,76fce684-27d4-4f41-9267-60b892c6b9cc,A,13.0,False
A-3574,9c56a76d-9f7a-4e79-92e7-f2c1d7022509,post,76fce684-27d4-4f41-9267-60b892c6b9cc,A,13.0,False
A-3575,9e26e7bc-087d-42b6-a229-f185c113db60,post,76fce684-27d4-4f41-9267-60b892c6b9cc,A,13.0,False
A-3576,b74d8b81-137d-488f-bc99-4a30ce20e7c8,post,76fce684-27d4-4f41-9267-60b892c6b9cc,A,13.0,False
A-3577,ba571967-e19e-411d-8e28-39ec326d2b09,post,76fce684-27d4-4f41-9267-60b892c6b9cc,A,13.0,False
A-3578,c67d17c6-7f26-4048-8dae-6525618ea1fb,post,76fce684-27d4-4f41-9267-60b892c6b9cc,A,13.0,False
A-3579,287fe1ac-b31e-4500-b7a6-dd0339309c8a,comment,77026a15-7f32-4186-90f5-1f8c6c3fb750,A,3.0,False
A-3580,2cb5974f-3c5b-472c-847d-84dca058fd22,post,77026a15-7f32-4186-90f5-1f8c6c3fb750,A,3.0,False
A-3581,3a42fce1-13c6-4c0a-8e58-92d1b11499d3,comment,77026a15-7f32-4186-90f5-1f8c6c3fb750,A,3.0,False
A-3582,38c335c9-7c52-4ec5-8b41-7fa995cb0aff,comment,7707a60a-98e8-4813-a5d0-0dbcb051e0bc,A,17.0,False
A-3583,2d718520-602b-4ce2-a301-b9e6f9efe40f,comment,7707a60a-98e8-4813-a5d0-0dbcb051e0bc,A,17.0,False
A-3584,2e4c9182-c411-4daa-8ae9-78d4982fd7c2,post,7707a60a-98e8-4813-a5d0-0dbcb051e0bc,A,17.0,False
A-3585,a1e94e0c-b5f9-4d56-94c5-327245811fd2,comment,7707a60a-98e8-4813-a5d0-0dbcb051e0bc,A,17.0,False
A-3586,6b6f807d-bf81-4f1d-bbd9-85a61d412df4,comment,7707a60a-98e8-4813-a5d0-0dbcb051e0bc,A,17.0,False
A-3587,244c9ff4-1226-4bd1-9e69-70a47589d7cc,comment,7707a60a-98e8-4813-a5d0-0dbcb051e0bc,A,17.0,False
A-3588,77d3012e-d554-44b4-922d-4dd14542509b,post,7707a60a-98e8-4813-a5d0-0dbcb051e0bc,A,17.0,False
A-3589,4fec338e-ce2e-4e26-899e-1b02708b1831,comment,7707a60a-98e8-4813-a5d0-0dbcb051e0bc,A,17.0,False
A-3590,7925cc64-b42b-481e-ba62-1a7166a7e060,post,7707a60a-98e8-4813-a5d0-0dbcb051e0bc,A,17.0,False
A-3591,89746f15-63f9-45f8-80fc-20b0d39f84b1,post,7707a60a-98e8-4813-a5d0-0dbcb051e0bc,A,17.0,False
A-3592,829bb708-db87-4340-b4e3-5684d228a359,comment,7707a60a-98e8-4813-a5d0-0dbcb051e0bc,A,17.0,False
A-3593,3baeb2d3-a4ec-498e-a11f-2dcbaf0e7aac,comment,7707a60a-98e8-4813-a5d0-0dbcb051e0bc,A,17.0,False
A-3594,2ae9a396-360a-4417-a2ac-d7f1567a3ed0,post,7707a60a-98e8-4813-a5d0-0dbcb051e0bc,A,17.0,False
A-3595,3c5a4423-7648-49fe-85aa-9aa7b3826b5a,post,7707a60a-98e8-4813-a5d0-0dbcb051e0bc,A,17.0,False
A-3596,fa7b88af-d41a-4868-87dd-d372a7f7890d,post,7707a60a-98e8-4813-a5d0-0dbcb051e0bc,A,17.0,False
A-3597,16d1a886-e103-4f4a-b06f-18ed7ceca0e7,post,7719f7a4-efc1-43bb-85fb-ebfb8dbcc35a,A,3.0,False
A-3598,717e540a-4f1c-4e9b-9c11-ced9ad8a58d0,post,7719f7a4-efc1-43bb-85fb-ebfb8dbcc35a,A,3.0,False
A-3599,fd73e288-a22d-4d22-a14c-8cab48c280a6,post,7719f7a4-efc1-43bb-85fb-ebfb8dbcc35a,A,3.0,False
A-3600,b577cca8-2bf5-4fe3-becc-c3c9a81346de,post,77235b7b-2c97-4676-9553-3932cb748dee,A,1.0,False
A-3601,6bfd74f9-4fab-4b1d-bd40-cbfa449134c6,post,77275541-45e1-479f-b19a-b844e178a5ae,A,1.0,False
A-3602,40924f57-c640-4201-9c28-7bb3a3cac4e2,post,7735b88b-b7b4-44c6-a571-ecf790644a1d,A,2.0,False
A-3603,eb2964ef-a2cd-4b1b-99d6-143a4bb149c0,post,7735b88b-b7b4-44c6-a571-ecf790644a1d,A,2.0,False
A-3604,182ce125-04e7-4523-aa50-f0b4fae52569,comment,77370584-f2df-4619-a9c0-d56f189fe65c,A,5.0,False
A-3605,2274e80f-5a49-488e-bce2-9636e9f0781e,comment,77370584-f2df-4619-a9c0-d56f189fe65c,A,5.0,False
A-3606,ae8bdefa-ab86-40c9-9868-7a86fdb3adfb,post,77370584-f2df-4619-a9c0-d56f189fe65c,A,5.0,False
A-3607,c2465a7a-8c15-477b-a6c3-d819f06431bc,post,77370584-f2df-4619-a9c0-d56f189fe65c,A,5.0,False
A-3608,cb28ff78-e74d-4815-8f9e-06364302722b,post,77370584-f2df-4619-a9c0-d56f189fe65c,A,5.0,False
A-3609,cbdd4932-92a4-4cc3-b21d-3c9f7cdc4ddd,comment,77391a78-9b9c-4d8e-808a-006458c11dea,A,1.0,False
A-3610,1b442865-476f-445c-b4d3-06c0e7a446d9,post,774fdb03-3e79-4f12-918c-07a9eb096b78,A,1.0,False
A-3611,ead81f34-9d4e-4b06-bcbc-ebb42784cd31,post,7758ccb1-054b-4f1f-a311-7f8a7f857f30,A,1.0,False
A-3612,559ef41b-b9c4-488a-b3af-650498655c02,post,776084f2-8d8d-466b-a9e5-e95516cc609a,A,1.0,False
A-3613,c9ec3e08-9863-4cbe-9a1e-b227d6358873,post,776bfb47-1e0a-4d4b-bf14-aa73668815df,A,1.0,False
A-3614,59de8fa3-19cf-4828-8c44-db5b14a20c64,post,779a13f9-a20d-4e85-9772-9427da40a985,A,1.0,False
A-3615,ef201496-139e-4bc2-afad-2780a5ae09ad,post,77a4fa05-7e79-480f-8954-a0cc5726964a,A,1.0,False
A-3616,bae62d3a-de85-4a33-a38a-8e1800d75240,post,77b201de-57b0-48f7-bd1e-85ba07efde26,A,1.0,False
A-3617,b14d3159-3e8c-4d95-8a1f-2bf64c45018f,post,77b9421d-3462-4fa2-8f3a-690fdd38f024,A,1.0,False
A-3618,f6a9341e-f101-4aa9-94ec-4f5a6c422bca,post,77d3bc2f-5779-40d3-84ab-6de3421b232c,A,1.0,False
A-3619,0b7422d1-dc31-467c-8b69-71e12c7b5868,comment,77e28f4f-fd97-4bd6-9f64-3b45e39b62a1,A,8.0,False
A-3620,12be5858-460c-421a-bee4-810959d300bd,comment,77e28f4f-fd97-4bd6-9f64-3b45e39b62a1,A,8.0,False
A-3621,3b3635d2-e03f-402d-8337-28dd9ea6538e,comment,77e28f4f-fd97-4bd6-9f64-3b45e39b62a1,A,8.0,False
A-3622,3fb35391-61b3-44ae-9e9d-753341a8f9cf,comment,77e28f4f-fd97-4bd6-9f64-3b45e39b62a1,A,8.0,False
A-3623,76b81783-4a10-4a10-a939-f93c5a7a8172,comment,77e28f4f-fd97-4bd6-9f64-3b45e39b62a1,A,8.0,False
A-3624,819ca28c-2fce-45eb-b314-8d600f7e7647,comment,77e28f4f-fd97-4bd6-9f64-3b45e39b62a1,A,8.0,False
A-3625,cbf6e017-5b84-4b6d-abfe-48e527606d23,post,77e28f4f-fd97-4bd6-9f64-3b45e39b62a1,A,8.0,False
A-3626,f6b03795-c41f-42f9-b1cf-7ec00288b107,post,77e28f4f-fd97-4bd6-9f64-3b45e39b62a1,A,8.0,False
A-3627,b7e06643-7dfe-4261-834b-7c448975b145,comment,77f2d64c-63a6-4dbb-b5c6-006a9861c6ab,A,50.0,False
A-3628,17eb72ab-7048-42a4-8111-c2013ce3b943,comment,77f2d64c-63a6-4dbb-b5c6-006a9861c6ab,A,50.0,False
A-3629,f3e26af4-9888-4b0f-a2fa-61d23c2243ae,comment,77f2d64c-63a6-4dbb-b5c6-006a9861c6ab,A,50.0,False
A-3630,4d34656d-b7fe-4e8c-a769-771905dda8e1,comment,77f2d64c-63a6-4dbb-b5c6-006a9861c6ab,A,50.0,False
A-3631,1b36d9e0-df5d-43d9-8a3b-e1a9b6d543fd,post,77f2d64c-63a6-4dbb-b5c6-006a9861c6ab,A,50.0,False
A-3632,7ee182e6-4c4d-4385-aefd-04b3608dfb7e,post,77f2d64c-63a6-4dbb-b5c6-006a9861c6ab,A,50.0,False
A-3633,ff3c7bc3-f69a-4754-ad32-5e3c0fddd1fb,comment,77f2d64c-63a6-4dbb-b5c6-006a9861c6ab,A,50.0,False
A-3634,25fa3e82-3a38-4514-8e6c-d4f77980a745,comment,77f2d64c-63a6-4dbb-b5c6-006a9861c6ab,A,50.0,False
A-3635,a06fe17d-8bf5-49ec-8495-736caaa15d7c,comment,77f2d64c-63a6-4dbb-b5c6-006a9861c6ab,A,50.0,False
A-3636,5cc65479-2c0c-4f6b-bdba-06c6da530a71,comment,77f2d64c-63a6-4dbb-b5c6-006a9861c6ab,A,50.0,False
A-3637,f7aee924-c4be-497b-9264-697d352ef878,comment,77f2d64c-63a6-4dbb-b5c6-006a9861c6ab,A,50.0,False
A-3638,17aa7889-42ff-41a0-9071-6b488b4d0129,post,77f2d64c-63a6-4dbb-b5c6-006a9861c6ab,A,50.0,False
A-3639,9dbad7e9-60f8-46e8-b1bc-32f6f8a421f7,post,77f2d64c-63a6-4dbb-b5c6-006a9861c6ab,A,50.0,False
A-3640,68edf3ab-7fc4-48f1-883f-0756f6f4f3db,comment,77f2d64c-63a6-4dbb-b5c6-006a9861c6ab,A,50.0,False
A-3641,4559abde-44c0-48e2-83c0-e44be42300b2,comment,77f2d64c-63a6-4dbb-b5c6-006a9861c6ab,A,50.0,False
A-3642,b375c204-b04e-4ca4-8a75-b26808910cf0,post,7808aba9-2da2-4886-81fe-b5a00987d7f7,A,1.0,False
A-3643,2dcf5db0-17f1-4504-813d-bc3a8fdd7c0d,post,781b9dd0-4214-4542-8106-b499990e15ad,A,4.0,False
A-3644,4b9f538e-8c6d-4605-9ff6-a95ed442f618,post,781b9dd0-4214-4542-8106-b499990e15ad,A,4.0,False
A-3645,b90dfeaf-3406-4c80-833e-c911d31dc3dd,post,781b9dd0-4214-4542-8106-b499990e15ad,A,4.0,False
A-3646,c67da0bd-6aa1-4c93-ba69-47ba06eef558,post,781b9dd0-4214-4542-8106-b499990e15ad,A,4.0,False
A-3647,70665058-a0bc-4a3e-ab2b-b6bd21f81b4c,post,7824ca68-f44b-4905-b14f-e45171e09ea5,A,1.0,False
A-3648,a5589023-152d-40bd-98fa-0a0c4a3a3714,post,7837c1b2-e486-4cdb-9244-1f25e09618ae,A,3.0,False
A-3649,e3e866e9-250f-4de7-89e7-8d332047b908,post,7837c1b2-e486-4cdb-9244-1f25e09618ae,A,3.0,False
A-3650,f8eb9aa1-8567-4bd4-bc06-360c534aa005,post,7837c1b2-e486-4cdb-9244-1f25e09618ae,A,3.0,False
A-3651,0330c347-27dc-4bfc-a9ff-da44fa02b51f,post,78496083-699b-45f9-89d0-0677ea35ddb3,A,13.0,False
A-3652,0c803b5d-7eaf-4a57-bee2-dd495728d1a6,post,78496083-699b-45f9-89d0-0677ea35ddb3,A,13.0,False
A-3653,12a9c954-e494-45db-aff3-6cfba8ab13d4,post,78496083-699b-45f9-89d0-0677ea35ddb3,A,13.0,False
A-3654,2f56c755-a4fd-4e17-8a1a-9f21dfecd4da,post,78496083-699b-45f9-89d0-0677ea35ddb3,A,13.0,False
A-3655,31ec34c8-2db6-4bc6-b818-217eebaf5779,post,78496083-699b-45f9-89d0-0677ea35ddb3,A,13.0,False
A-3656,538ed456-d1ac-4f0e-9ecb-c68b3635df3f,post,78496083-699b-45f9-89d0-0677ea35ddb3,A,13.0,False
A-3657,54055256-ea27-4180-8562-ab44e26a13b9,post,78496083-699b-45f9-89d0-0677ea35ddb3,A,13.0,False
A-3658,72e6f6b6-58a4-453a-95ad-57285aa2c254,post,78496083-699b-45f9-89d0-0677ea35ddb3,A,13.0,False
A-3659,7f9c59fd-80d5-4e81-a18f-55be31f3a22c,post,78496083-699b-45f9-89d0-0677ea35ddb3,A,13.0,False
A-3660,83d229ba-5906-44a1-a783-711177fdda39,post,78496083-699b-45f9-89d0-0677ea35ddb3,A,13.0,False
A-3661,a6bceed9-2a55-4996-9159-e496b91f94c9,post,78496083-699b-45f9-89d0-0677ea35ddb3,A,13.0,False
A-3662,c1907dd5-4384-432e-9491-71043f9b84f8,post,78496083-699b-45f9-89d0-0677ea35ddb3,A,13.0,False
A-3663,c3982fe0-4019-459f-9e0d-2f8182b5c515,post,78496083-699b-45f9-89d0-0677ea35ddb3,A,13.0,False
A-3664,bcfa2022-387b-448a-b0d8-1d3363fc8311,post,78516724-3b45-4f58-9cf3-01377d24748c,A,1.0,False
A-3665,a15a3f64-52c6-4028-8ae0-b8a88a37cb9c,post,787a3772-4e21-4da3-9f9b-5a9af0005e1b,A,2.0,False
A-3666,b60db04e-e4ac-4235-b562-9c1fa942a54e,post,787a3772-4e21-4da3-9f9b-5a9af0005e1b,A,2.0,False
A-3667,527836c2-d27b-42c4-9961-83da9e9b91c2,post,78b325a1-dc1a-4a27-8c8d-4e7648acc9bc,A,2.0,False
A-3668,e15dcdc7-b0a0-48df-9b3a-3e0db6366764,comment,78b325a1-dc1a-4a27-8c8d-4e7648acc9bc,A,2.0,False
A-3669,94d46ab2-1dab-4c1e-af35-adfef43f093b,comment,78e3e525-cc96-410b-aaeb-2fcbc86b6a1c,A,1.0,False
A-3670,c3b306d1-49c6-49cc-8f93-08c067dd7a63,post,78e6dc01-ec2a-410c-b23b-f974d05320cf,A,2.0,False
A-3671,d9233b9f-369b-4dc6-b639-75910256c320,post,78e6dc01-ec2a-410c-b23b-f974d05320cf,A,2.0,False
A-3672,1c355751-aeb8-4534-b9a5-e2f46a6e9465,post,78e90469-77f7-4ef9-ba2f-81830f6aebc8,A,1.0,False
A-3673,027cc8b5-b615-40ed-9368-b18793cc2d13,post,7919d568-f60c-48fa-8440-52222541c185,A,1.0,False
A-3674,643e26ef-f721-46e1-8c49-5a8e9d4f6da4,post,796651ee-b695-4d75-8fdf-2d18056fcc2a,A,2.0,False
A-3675,8a036d92-4f05-4915-83b9-07369f6b33b1,post,796651ee-b695-4d75-8fdf-2d18056fcc2a,A,2.0,False
A-3676,c96fbd4f-1319-4182-92a8-869fb8327585,post,796687d5-6747-45e4-bf00-954ad52d6732,A,1.0,False
A-3677,ada70b70-2c70-4741-9721-16d20e10ac80,post,79886955-3008-4c69-a045-e788fe47272f,A,1.0,False
A-3678,3dea6968-0df0-41c3-8d59-2c77a2244f6a,post,79b4af53-144a-4731-95c3-52f4c8160cdb,A,1.0,False
A-3679,c7432790-9bb2-4cbc-8ad5-f7ae8596751b,post,79b9e718-0ea0-48e8-9396-ba05ec1725ac,A,1.0,False
A-3680,250b8d1c-a552-435b-9ddd-9a6508ba6954,post,79bb325b-eabd-4d6c-af81-ed70803b0723,A,1.0,False
A-3681,8fbdfbb5-3fc6-4017-aba8-0fe0b34c664c,post,7a1f7f0f-fbc7-46de-8b62-046dd1ba27a0,A,1.0,False
A-3682,640838e6-4dea-4d37-9a59-7494059e1252,post,7a640736-0291-456a-97d7-9cc859e4eab9,A,2.0,False
A-3683,bb3f8b4e-5e7b-4b1b-baf8-76f0c7cd7f00,post,7a640736-0291-456a-97d7-9cc859e4eab9,A,2.0,False
A-3684,04440050-e4c9-4087-bbd1-0f3334a34979,comment,7a6c8090-7cb1-4d6b-b2aa-5a0cf7fe0044,A,12.0,False
A-3685,063bf396-923b-4685-ac73-870c4c714233,post,7a6c8090-7cb1-4d6b-b2aa-5a0cf7fe0044,A,12.0,False
A-3686,197289de-e4f7-4a70-bf74-c48995383be5,post,7a6c8090-7cb1-4d6b-b2aa-5a0cf7fe0044,A,12.0,False
A-3687,2f14e881-249c-4e01-8cf4-427e80546c55,post,7a6c8090-7cb1-4d6b-b2aa-5a0cf7fe0044,A,12.0,False
A-3688,9036cc8d-8761-4ebc-b604-9fe6c5b0631f,post,7a6c8090-7cb1-4d6b-b2aa-5a0cf7fe0044,A,12.0,False
A-3689,91e08191-96d1-4756-a789-f641fba33227,post,7a6c8090-7cb1-4d6b-b2aa-5a0cf7fe0044,A,12.0,False
A-3690,9a0b01f3-c892-4a36-9aea-fb9f3f696380,comment,7a6c8090-7cb1-4d6b-b2aa-5a0cf7fe0044,A,12.0,False
A-3691,b0411b7d-1da3-49c2-8c3e-07eda4ed671a,post,7a6c8090-7cb1-4d6b-b2aa-5a0cf7fe0044,A,12.0,False
A-3692,b5ffaa64-65de-41a5-b549-6818e830f24d,comment,7a6c8090-7cb1-4d6b-b2aa-5a0cf7fe0044,A,12.0,False
A-3693,dc5f2f30-c8a0-49b7-8f0f-6d6d7cc1bb65,post,7a6c8090-7cb1-4d6b-b2aa-5a0cf7fe0044,A,12.0,False
A-3694,f08e2723-e3ae-4b13-a72f-f445aeaf9085,comment,7a6c8090-7cb1-4d6b-b2aa-5a0cf7fe0044,A,12.0,False
A-3695,fd97243a-081c-4229-9048-ba10235972b2,post,7a6c8090-7cb1-4d6b-b2aa-5a0cf7fe0044,A,12.0,False
A-3696,21de0ef8-4906-4da0-8a29-e2ce06f51637,post,7a7a9029-4dd0-4994-b6cb-3c431d06e267,A,1.0,False
A-3697,46808a9a-780d-47a8-ab67-49f18e8ce362,post,7aa2ba97-0f60-43c7-9471-ee9e2d80e30a,A,1.0,False
A-3698,b9256855-34f9-4106-a251-fd855a8fc959,comment,7aa7f063-bdef-4055-815c-c52d0fbb0d79,A,19.0,False
A-3699,2563ca2a-4c48-448a-9e9d-038cf9d7320a,post,7aa7f063-bdef-4055-815c-c52d0fbb0d79,A,19.0,False
A-3700,b0789ef2-b5ba-4422-80f3-8c5a3868a3f4,comment,7aa7f063-bdef-4055-815c-c52d0fbb0d79,A,19.0,False
A-3701,dccc000d-d728-4e7d-a0a4-612058ca328b,comment,7aa7f063-bdef-4055-815c-c52d0fbb0d79,A,19.0,False
A-3702,2f804bf7-2b95-4fbd-9926-0bea36e08ae7,comment,7aa7f063-bdef-4055-815c-c52d0fbb0d79,A,19.0,False
A-3703,3c0a166d-b9a6-474e-8152-2f91571d7c17,comment,7aa7f063-bdef-4055-815c-c52d0fbb0d79,A,19.0,False
A-3704,c825cb0f-b606-4ed2-9b9f-13e4500d39b1,comment,7aa7f063-bdef-4055-815c-c52d0fbb0d79,A,19.0,False
A-3705,8f84a802-3b00-489f-ae30-3d46dc4da202,comment,7aa7f063-bdef-4055-815c-c52d0fbb0d79,A,19.0,False
A-3706,8878a45c-455a-4399-ad21-c75991806c0a,comment,7aa7f063-bdef-4055-815c-c52d0fbb0d79,A,19.0,False
A-3707,af074ef0-59ff-4bce-83c3-3a8b8f453601,comment,7aa7f063-bdef-4055-815c-c52d0fbb0d79,A,19.0,False
A-3708,85ac3f20-ee16-4163-a07b-aa27b602dece,comment,7aa7f063-bdef-4055-815c-c52d0fbb0d79,A,19.0,False
A-3709,0a4e41a9-d6d1-4ad3-9128-b81487f77e14,comment,7aa7f063-bdef-4055-815c-c52d0fbb0d79,A,19.0,False
A-3710,378fa180-39df-4b3f-9971-7e8d5758e981,comment,7aa7f063-bdef-4055-815c-c52d0fbb0d79,A,19.0,False
A-3711,7d800a63-1767-4d8f-9260-51ee82409354,comment,7aa7f063-bdef-4055-815c-c52d0fbb0d79,A,19.0,False
A-3712,16216ca4-14c6-4a4d-b4d5-e2ea1c60ad66,comment,7aa7f063-bdef-4055-815c-c52d0fbb0d79,A,19.0,False
A-3713,3f2428b6-9211-4f6d-a164-af64764acbe8,comment,7abbebec-5361-47ae-a68e-ce32a02b1914,A,35.0,False
A-3714,c7d0d384-a480-4bd7-be5c-891f021377ac,comment,7abbebec-5361-47ae-a68e-ce32a02b1914,A,35.0,False
A-3715,feeb29d9-a065-4cd2-aaa3-d587663adc07,comment,7abbebec-5361-47ae-a68e-ce32a02b1914,A,35.0,False
A-3716,47aaee5f-ebcd-4ea2-bafb-8b4b3cde6ea6,comment,7abbebec-5361-47ae-a68e-ce32a02b1914,A,35.0,False
A-3717,35fe6278-2d60-496c-a27a-13533a1242d1,comment,7abbebec-5361-47ae-a68e-ce32a02b1914,A,35.0,False
A-3718,444331ad-4ea3-49f0-9f2a-c000595179cc,comment,7abbebec-5361-47ae-a68e-ce32a02b1914,A,35.0,False
A-3719,87891372-aee1-4a7d-9f0d-fc991e17c939,comment,7abbebec-5361-47ae-a68e-ce32a02b1914,A,35.0,False
A-3720,09d7db50-af9f-4d8e-9636-d02362e7ac39,comment,7abbebec-5361-47ae-a68e-ce32a02b1914,A,35.0,False
A-3721,c431183f-68b2-47ce-a0b9-eca5cd90467e,comment,7abbebec-5361-47ae-a68e-ce32a02b1914,A,35.0,False
A-3722,d90ad586-a489-43b1-8e2e-7b8fd3dd86d0,comment,7abbebec-5361-47ae-a68e-ce32a02b1914,A,35.0,False
A-3723,95cddd09-9eb6-4ab5-8cb8-fea4c4032cef,comment,7abbebec-5361-47ae-a68e-ce32a02b1914,A,35.0,False
A-3724,ae4b6628-5b4a-49f6-958b-748211036e1c,comment,7abbebec-5361-47ae-a68e-ce32a02b1914,A,35.0,False
A-3725,b69e6bc0-67ce-4bab-b7cf-ac86714ba4f6,comment,7abbebec-5361-47ae-a68e-ce32a02b1914,A,35.0,False
A-3726,dddb07b6-6ade-417b-90b2-d78e33f58f6f,comment,7abbebec-5361-47ae-a68e-ce32a02b1914,A,35.0,False
A-3727,15b0f893-0c5c-4a63-9155-a20154709d69,comment,7abbebec-5361-47ae-a68e-ce32a02b1914,A,35.0,False
A-3728,9537ac61-e431-4ba8-a465-32413db373c2,post,7ace46ce-71c2-42b2-8aaa-930bc09fc1be,A,1.0,False
A-3729,23788f92-486d-423b-8487-532b8d98202d,post,7ad2b552-c702-4b6c-b9f4-1164672e1849,A,1.0,False
A-3730,236fb0c9-56e9-47b9-ab2d-6f09bc7390b1,comment,7ad5ec66-634b-4b2d-a251-82365626af54,A,7.0,False
A-3731,2b274513-1062-4698-8a2b-e7e49bbaeeb5,post,7ad5ec66-634b-4b2d-a251-82365626af54,A,7.0,False
A-3732,36363e89-aa3d-438c-92df-d7526e12a349,comment,7ad5ec66-634b-4b2d-a251-82365626af54,A,7.0,False
A-3733,3a84e472-ad8f-451e-a239-9920d37293f4,post,7ad5ec66-634b-4b2d-a251-82365626af54,A,7.0,False
A-3734,82c7f6a7-e95f-4037-a0d6-a4cd8d2c1881,post,7ad5ec66-634b-4b2d-a251-82365626af54,A,7.0,False
A-3735,bbb14bfa-29a8-410b-b912-f8029d1d8c4f,comment,7ad5ec66-634b-4b2d-a251-82365626af54,A,7.0,False
A-3736,c286af50-8fd6-4fdf-bbb1-0bfcad4e75e1,comment,7ad5ec66-634b-4b2d-a251-82365626af54,A,7.0,False
A-3737,62a19a6b-483c-4ccc-9d08-abffc5717aaf,post,7b0797a1-edac-4459-8311-65f474f7ccce,A,1.0,False
A-3738,c4dfd0c1-7502-4c86-a1f1-a95a10a53a42,comment,7b11dcf4-c8a6-4ef9-929f-f3271f1d498b,A,2.0,False
A-3739,dd73e5e6-8f58-4fa2-abeb-55f0c00f3097,post,7b11dcf4-c8a6-4ef9-929f-f3271f1d498b,A,2.0,False
A-3740,8c3d5d95-3964-4ae2-b1d4-a64d621b0be8,post,7b2ecfa9-2cde-4046-a9b6-b296ede2bcb6,A,1.0,False
A-3741,362af0c4-4e11-4867-955f-f1a10c6d2a94,post,7b476e9f-4921-4304-879b-bbf9d25b7af8,A,3.0,False
A-3742,979f8747-e8a1-44e8-81ae-bfa845060f0f,post,7b476e9f-4921-4304-879b-bbf9d25b7af8,A,3.0,False
A-3743,e71b6b36-6508-408a-8b0a-58b1a419d587,post,7b476e9f-4921-4304-879b-bbf9d25b7af8,A,3.0,False
A-3744,ea80f6bc-0446-4a0d-a541-45efeeebd673,post,7b50ed69-be2d-4458-972f-a1c3a6557050,A,1.0,False
A-3745,4808dc95-1f49-41c6-863d-5fe71fa88d22,post,7b6ec514-47a5-4b64-b143-166b4a763ffa,A,39.0,False
A-3746,bae4a95d-d634-444b-9849-c141a2a64f30,post,7b6ec514-47a5-4b64-b143-166b4a763ffa,A,39.0,False
A-3747,e2199988-e420-483e-ba7d-4faecfbf194c,comment,7b6ec514-47a5-4b64-b143-166b4a763ffa,A,39.0,False
A-3748,b1ab8e23-12e4-4e51-a315-72a11c450fcb,comment,7b6ec514-47a5-4b64-b143-166b4a763ffa,A,39.0,False
A-3749,e0f1ccc5-01ed-49a3-9d61-5767984991f2,comment,7b6ec514-47a5-4b64-b143-166b4a763ffa,A,39.0,False
A-3750,11805926-af53-4b8d-88ff-51e2610291e4,comment,7b6ec514-47a5-4b64-b143-166b4a763ffa,A,39.0,False
A-3751,c537f93d-9288-4f65-bddc-24f96343d34a,post,7b6ec514-47a5-4b64-b143-166b4a763ffa,A,39.0,False
A-3752,936a3680-3e11-4a2e-a078-ca0ac25ec144,comment,7b6ec514-47a5-4b64-b143-166b4a763ffa,A,39.0,False
A-3753,9271dd7b-45af-4281-8c92-fa776b6b7fb0,comment,7b6ec514-47a5-4b64-b143-166b4a763ffa,A,39.0,False
A-3754,aef13bd2-4faf-4627-8bc5-bedee0e032f9,comment,7b6ec514-47a5-4b64-b143-166b4a763ffa,A,39.0,False
A-3755,de80b416-a3f1-46d3-ae52-7cce54e58a68,post,7b6ec514-47a5-4b64-b143-166b4a763ffa,A,39.0,False
A-3756,8a35e038-fa10-45ee-9b24-5238f2b56927,comment,7b6ec514-47a5-4b64-b143-166b4a763ffa,A,39.0,False
A-3757,a4ad1584-9a4b-4c64-94d6-4cd58861bc0f,post,7b6ec514-47a5-4b64-b143-166b4a763ffa,A,39.0,False
A-3758,f1b90761-c987-4a62-b403-1f615a5233db,comment,7b6ec514-47a5-4b64-b143-166b4a763ffa,A,39.0,False
A-3759,b7c2f058-9881-473a-905b-a66be346609a,comment,7b6ec514-47a5-4b64-b143-166b4a763ffa,A,39.0,False
A-3760,fa02b235-e9cd-4d20-afb8-4046920e0f1c,post,7b769f73-c3a6-4859-a658-32b3fce71794,A,1.0,False
A-3761,1daacb58-193a-4f35-a57d-18a67026cdd3,post,7b808c15-8145-4135-a319-7b5d38e54c37,A,1.0,False
A-3762,ed61e92a-a1a4-46e8-9a15-9c3ba1b2b0ee,comment,7b8aa236-598f-4c5d-ad1c-ef9099f78276,A,1.0,False
A-3763,33cbeeaf-69b5-4c7e-ac81-ff77c7df1b3e,comment,7ba21dbe-cefa-4d50-8c83-61b6cbfb74fe,A,1.0,False
A-3764,ef721f95-4e97-46f3-9111-e92738ab4919,post,7bafe3b1-f64b-4fa0-a397-6f63aba4a4fe,A,1.0,False
A-3765,33cf209e-016e-47e0-acc7-5ca3b1d0d007,post,7bbe5a2f-9d73-43a3-818d-5af7272f9511,A,1.0,False
A-3766,01e6459a-9463-434b-a7b0-e5e51deb59e9,comment,7bd50cff-fd78-45b3-866a-90f1b408974d,A,11.0,False
A-3767,2e8d272d-e466-4052-a871-4ebe787eaf5c,post,7bd50cff-fd78-45b3-866a-90f1b408974d,A,11.0,False
A-3768,63433b19-861d-43c7-98d4-1a789e2d09aa,comment,7bd50cff-fd78-45b3-866a-90f1b408974d,A,11.0,False
A-3769,6ac5fc5a-4d7d-4356-8e53-d6cde65da61d,post,7bd50cff-fd78-45b3-866a-90f1b408974d,A,11.0,False
A-3770,78745a26-e7c8-43ed-826f-d060259bc3c1,comment,7bd50cff-fd78-45b3-866a-90f1b408974d,A,11.0,False
A-3771,7d8cf8ce-2aba-4250-ade2-1797562b4a33,comment,7bd50cff-fd78-45b3-866a-90f1b408974d,A,11.0,False
A-3772,87adea64-da79-4a9e-af01-6365e01c2096,comment,7bd50cff-fd78-45b3-866a-90f1b408974d,A,11.0,False
A-3773,90b7d958-c723-4ec9-9b62-ac52e607d101,comment,7bd50cff-fd78-45b3-866a-90f1b408974d,A,11.0,False
A-3774,a57e3211-301b-49ec-8ed2-19dc91ec795b,post,7bd50cff-fd78-45b3-866a-90f1b408974d,A,11.0,False
A-3775,b8112479-f947-4dfb-802b-8f092bb5db97,comment,7bd50cff-fd78-45b3-866a-90f1b408974d,A,11.0,False
A-3776,f69e415d-f4dc-4e9a-9d57-5fbead81e16c,post,7bd50cff-fd78-45b3-866a-90f1b408974d,A,11.0,False
A-3777,fa69dacd-f1b7-47d0-b7b0-9332d85f5eea,post,7bde35ec-ae0f-4668-ba07-62a81f8bfa8a,A,1.0,False
A-3778,c1f24012-103e-4ea8-9e7b-648809c1bec8,post,7bf44193-b463-45f8-8732-6baab4834a20,A,1.0,False
A-3779,08ef21b0-8924-480f-86af-6fe08055bca9,post,7c0b2950-c593-4eb3-9713-401e56337b48,A,11.0,False
A-3780,298f2677-1604-4945-a17d-fc7a6e7696eb,post,7c0b2950-c593-4eb3-9713-401e56337b48,A,11.0,False
A-3781,4cc3d1f0-a6da-457b-9276-5c4f9d499f24,post,7c0b2950-c593-4eb3-9713-401e56337b48,A,11.0,False
A-3782,4d53d707-3db4-45b5-9307-c7db3e14adf0,comment,7c0b2950-c593-4eb3-9713-401e56337b48,A,11.0,False
A-3783,561b3d49-6e37-41ba-b723-ad9f8291d813,post,7c0b2950-c593-4eb3-9713-401e56337b48,A,11.0,False
A-3784,700f8bcf-7abc-4ac7-842c-6508873b23dc,post,7c0b2950-c593-4eb3-9713-401e56337b48,A,11.0,False
A-3785,80a39ea0-1498-4f95-aee1-c838a699ddc4,post,7c0b2950-c593-4eb3-9713-401e56337b48,A,11.0,False
A-3786,8544f3b1-ff91-4e76-92a5-75abe411fa1d,post,7c0b2950-c593-4eb3-9713-401e56337b48,A,11.0,False
A-3787,8ca8fd4f-6768-4e1b-a231-e82963ef4968,post,7c0b2950-c593-4eb3-9713-401e56337b48,A,11.0,False
A-3788,9c4b7398-3b22-4bc7-bf5a-980590ff0e47,post,7c0b2950-c593-4eb3-9713-401e56337b48,A,11.0,False
A-3789,e8321ef2-4e1f-4961-8a01-e874b20e0598,post,7c0b2950-c593-4eb3-9713-401e56337b48,A,11.0,False
A-3790,1375bcba-9077-4f04-9a1f-cbf4ad4ddbd4,comment,7c3d27ce-90bf-4c9d-8c13-8b2fe9e31cf0,A,6.0,False
A-3791,23478afb-79db-4d00-bb4b-0ea00e751356,comment,7c3d27ce-90bf-4c9d-8c13-8b2fe9e31cf0,A,6.0,False
A-3792,7b95cd6b-f415-4cdc-b6c5-3f456c0ba2d4,comment,7c3d27ce-90bf-4c9d-8c13-8b2fe9e31cf0,A,6.0,False
A-3793,7bc88f99-cb43-4c4d-b1bb-833073407c93,post,7c3d27ce-90bf-4c9d-8c13-8b2fe9e31cf0,A,6.0,False
A-3794,94365a5b-f988-4f8c-991a-f515f2c98a7a,comment,7c3d27ce-90bf-4c9d-8c13-8b2fe9e31cf0,A,6.0,False
A-3795,c3166313-e924-4fac-bda1-8be2bd532433,comment,7c3d27ce-90bf-4c9d-8c13-8b2fe9e31cf0,A,6.0,False
A-3796,0e117541-83db-4eef-b734-bc1a914864ba,post,7c5a75f3-0182-40c5-afa2-17a184adf8bb,A,3.0,False
A-3797,611ae10e-022c-4340-9447-ef9fb79e7486,comment,7c5a75f3-0182-40c5-afa2-17a184adf8bb,A,3.0,False
A-3798,c21af717-c768-460d-89d3-69386b61de82,post,7c5a75f3-0182-40c5-afa2-17a184adf8bb,A,3.0,False
A-3799,061205e1-58ed-4b87-91c5-0bf323bc34f3,post,7c899da3-dbd4-45e7-84ba-101190c6d15e,A,1.0,False
A-3800,3421e784-a10f-4d6c-acfa-658c38cb5806,comment,7c96dbcf-c93a-43f9-8a4a-6b7e1d120030,A,2.0,False
A-3801,cfb4aee7-2833-4cbe-9f50-ae37c23d06fd,comment,7c96dbcf-c93a-43f9-8a4a-6b7e1d120030,A,2.0,False
A-3802,30372800-b27f-4092-8dc8-bde97b07bbc3,post,7ca11a09-ec42-4708-83ef-f159f38b9302,A,2.0,False
A-3803,c2b485ae-1bb4-45de-ad57-b9aca666fae2,post,7ca11a09-ec42-4708-83ef-f159f38b9302,A,2.0,False
A-3804,62f5dfe5-a22e-4945-b493-f9e7f6e58518,post,7ca18bee-322e-4da3-9a61-7f9a000ffadd,A,1.0,False
A-3805,3382d834-e986-40cc-a4e3-78fbbc807635,post,7cacfef7-5aa9-42d0-af07-ea152dff5a0f,A,2.0,False
A-3806,634fb84c-5571-422e-85f3-51591f910d83,comment,7cacfef7-5aa9-42d0-af07-ea152dff5a0f,A,2.0,False
A-3807,b33c26db-8169-42ad-9227-672de3879491,comment,7caf6d12-c71a-4f5c-aec7-18fc42b925ad,A,1.0,False
A-3808,7107d129-87e6-4ff6-9e71-bb885ff548d7,post,7cc0671f-7ad3-44ff-8f5d-a95510c77380,A,1.0,False
A-3809,14cf0a2d-f716-419b-9467-524057bb7ae2,post,7cf6400c-0248-4f9d-a4bc-17e44d56a6b5,A,1.0,False
A-3810,38cd4caf-b35a-4034-bc8f-f295e4770f84,comment,7d050177-d135-4b98-8f06-856df3daf8c5,A,4.0,False
A-3811,49f6dc91-60f3-48a0-920e-952623c3bf87,post,7d050177-d135-4b98-8f06-856df3daf8c5,A,4.0,False
A-3812,699efcce-441d-4de8-9208-cf19aab6e9a0,comment,7d050177-d135-4b98-8f06-856df3daf8c5,A,4.0,False
A-3813,a84c1cea-6650-4128-9fc5-13547891a615,comment,7d050177-d135-4b98-8f06-856df3daf8c5,A,4.0,False
A-3814,fa74303f-c79a-47a6-a4d3-4ca53676c581,post,7d227fde-c2d4-44cf-92c3-b920abcf875c,A,1.0,False
A-3815,20f16bc5-81cb-4a8e-ac11-846a46b947cd,post,7d65b03d-9d16-474e-8a39-49f6729f4919,A,1.0,False
A-3816,c311ba9f-f041-49b8-b2d0-c6db485e2e15,post,7d745cc7-ae80-4569-9a87-e3542f67fef1,A,1.0,False
A-3817,b0549d93-be93-482f-a13f-aff93b20a248,post,7d814e3b-76a9-4f39-b769-93bdd35aa145,A,1.0,False
A-3818,124fec5a-e767-4f69-9263-a1e633d23ead,comment,7dd04d50-f46e-405a-bbb0-5f092c62f896,A,2.0,False
A-3819,a9895f85-fb4c-4bec-8e2b-1be8447a6271,comment,7dd04d50-f46e-405a-bbb0-5f092c62f896,A,2.0,False
A-3820,37efa03f-87d3-476f-af31-3ed1493f5e2e,post,7e27c0ca-c779-4638-ba5e-7f09af1e74bd,A,1.0,False
A-3821,a7e89434-47c1-428b-997b-98d9b00c1fb9,post,7e2c33fb-02e7-416b-b8c9-2274a61d24be,A,1.0,False
A-3822,00816a67-107d-4e3d-b952-085eeb431398,comment,7e30c199-03ba-4bb7-a1b3-ec3b51610bdb,A,13.0,False
A-3823,0b426de1-a9b8-41a1-bcb7-a94761eaa161,comment,7e30c199-03ba-4bb7-a1b3-ec3b51610bdb,A,13.0,False
A-3824,10e5b127-f742-4e61-bb48-5ce063e1c819,comment,7e30c199-03ba-4bb7-a1b3-ec3b51610bdb,A,13.0,False
A-3825,24d22b74-8f60-4775-9404-b156e37b66b3,comment,7e30c199-03ba-4bb7-a1b3-ec3b51610bdb,A,13.0,False
A-3826,29bb350e-2ebb-4a8d-8a12-19b0c3d7dc7f,post,7e30c199-03ba-4bb7-a1b3-ec3b51610bdb,A,13.0,False
A-3827,2f446126-8a99-4822-8c0f-fa5f4f9d1e4f,comment,7e30c199-03ba-4bb7-a1b3-ec3b51610bdb,A,13.0,False
A-3828,4a4dae02-64b1-4a26-8473-1c19e279cde5,comment,7e30c199-03ba-4bb7-a1b3-ec3b51610bdb,A,13.0,False
A-3829,75af68a2-5253-4142-a290-9967011345c2,post,7e30c199-03ba-4bb7-a1b3-ec3b51610bdb,A,13.0,False
A-3830,7dfd4da7-de21-46d6-8031-2627d68a670e,comment,7e30c199-03ba-4bb7-a1b3-ec3b51610bdb,A,13.0,False
A-3831,aa911e7a-b5ba-4a15-81c4-d39a083a75e4,post,7e30c199-03ba-4bb7-a1b3-ec3b51610bdb,A,13.0,False
A-3832,b419c778-3d51-4f55-ac04-b45586c6ea05,comment,7e30c199-03ba-4bb7-a1b3-ec3b51610bdb,A,13.0,False
A-3833,b76042fa-55a5-4e25-8bfe-2d046d7cfee9,comment,7e30c199-03ba-4bb7-a1b3-ec3b51610bdb,A,13.0,False
A-3834,bfd3dbd2-f51e-4d0a-859f-0731f0b08e58,post,7e30c199-03ba-4bb7-a1b3-ec3b51610bdb,A,13.0,False
A-3835,df0e9a73-787a-44bd-a756-378ae5c996a3,post,7e4429d4-0486-44b6-8002-686aaa41c4c8,A,1.0,False
A-3836,aa269703-3d67-41b6-9e1d-8be7c70019df,post,7e4df386-b91f-4768-aa76-b0d433c7cde7,A,1.0,False
A-3837,2312c374-b3bd-4541-be0d-6f2fac16fb1d,comment,7e57c2b0-254b-44d2-8765-83db7146beee,A,6.0,False
A-3838,41dbec71-4353-41db-b239-12e5a2ce7529,comment,7e57c2b0-254b-44d2-8765-83db7146beee,A,6.0,False
A-3839,b05bda55-0a32-4787-9c41-e9d511f33749,comment,7e57c2b0-254b-44d2-8765-83db7146beee,A,6.0,False
A-3840,c0d172ca-2a7f-42d1-91b9-9d046e83ad33,comment,7e57c2b0-254b-44d2-8765-83db7146beee,A,6.0,False
A-3841,ce27c4cc-fb18-49d7-9ceb-ece1fb2008d3,comment,7e57c2b0-254b-44d2-8765-83db7146beee,A,6.0,False
A-3842,d30c8a90-5bfd-41f8-b0db-204435b7f876,post,7e57c2b0-254b-44d2-8765-83db7146beee,A,6.0,False
A-3843,87d43f0d-da23-44ee-b19b-51d24a7a240f,comment,7e607be4-8474-4bd0-859b-9b02af54874f,A,3.0,False
A-3844,99167e0f-4777-44fd-afb7-db2e6f4fe787,post,7e607be4-8474-4bd0-859b-9b02af54874f,A,3.0,False
A-3845,9fee30e1-d937-427f-b4ab-12c621562bdc,post,7e607be4-8474-4bd0-859b-9b02af54874f,A,3.0,False
A-3846,61eb7605-ab35-4352-86e6-3db7d0dfcce2,post,7e886220-5c34-4efb-b6d3-1183f8360948,A,1.0,False
A-3847,fe3c1937-40c7-43e3-afbc-b26a378ca7d1,post,7eac123a-f358-437e-ad88-995035e0fd29,A,1.0,False
A-3848,b461a0bf-cad8-4cd1-8a76-df08553e3953,post,7ed041db-ae3e-4ee7-9f62-8e2c6e3b8bcf,A,1.0,False
A-3849,0c507fb4-9434-491f-af7e-8e2de479aa51,post,7f0eccda-dc88-47bc-8f4a-a5fd5c220d31,A,4.0,False
A-3850,70b5d3d3-ed38-455b-8d69-3e6b303ed312,post,7f0eccda-dc88-47bc-8f4a-a5fd5c220d31,A,4.0,False
A-3851,8f35fdee-529c-4f17-a6ce-46f1451cf146,post,7f0eccda-dc88-47bc-8f4a-a5fd5c220d31,A,4.0,False
A-3852,a19193db-186e-430e-a48f-52ac5f00bd7d,post,7f0eccda-dc88-47bc-8f4a-a5fd5c220d31,A,4.0,False
A-3853,53405091-0682-4f2c-af8c-ead1e303c50d,post,7f113d8e-1d0e-4049-b12a-bb4c63216074,A,6.0,False
A-3854,5aa5a49b-cd13-4368-8689-465d125a88c4,post,7f113d8e-1d0e-4049-b12a-bb4c63216074,A,6.0,False
A-3855,679e7d27-37b2-4a46-883f-fe2c78c4dcc2,post,7f113d8e-1d0e-4049-b12a-bb4c63216074,A,6.0,False
A-3856,e2f02267-b013-4bf0-afed-8c9a9e041094,comment,7f113d8e-1d0e-4049-b12a-bb4c63216074,A,6.0,False
A-3857,e74c9fd4-4978-4a86-8737-c0a01efd6310,post,7f113d8e-1d0e-4049-b12a-bb4c63216074,A,6.0,False
A-3858,fb493710-0a32-4550-89f5-15902c9c3deb,comment,7f113d8e-1d0e-4049-b12a-bb4c63216074,A,6.0,False
A-3859,2b80d221-f852-45e0-8a7c-a1b483a86b87,post,7f156f6b-addc-4fa5-9429-5b67221db959,A,1.0,False
A-3860,0258771a-9093-44e4-b949-ab25bdd9a93e,comment,7f1e9d88-74bf-47e9-bf2b-cb2459270ca4,A,3.0,False
A-3861,7a7c4dab-a693-4bf8-83b4-2c602df4a642,comment,7f1e9d88-74bf-47e9-bf2b-cb2459270ca4,A,3.0,False
A-3862,f9a6d3ac-a347-4965-9961-42901e36d55e,comment,7f1e9d88-74bf-47e9-bf2b-cb2459270ca4,A,3.0,False
A-3863,1520efe0-ace0-4df2-8c63-8199bf4d0ac5,post,7f3da458-d3e3-4713-8ac7-5537a3293c00,A,2.0,False
A-3864,1a84237f-34cd-42bc-bf9a-15007fde6747,post,7f3da458-d3e3-4713-8ac7-5537a3293c00,A,2.0,False
A-3865,00014014-be27-4709-ada9-159ae3b711e3,comment,7f473a36-9947-4d8b-95f3-dff14d778393,A,8.0,False
A-3866,18710699-a3f7-41ea-9b6a-593c56bc7abb,post,7f473a36-9947-4d8b-95f3-dff14d778393,A,8.0,False
A-3867,3acef82e-0ced-4153-865b-996b8243fb90,post,7f473a36-9947-4d8b-95f3-dff14d778393,A,8.0,False
A-3868,5c955bbf-e3a9-4bc5-bd53-9fac503f708b,comment,7f473a36-9947-4d8b-95f3-dff14d778393,A,8.0,False
A-3869,8978323c-b690-4fdf-a225-9019856a20b4,comment,7f473a36-9947-4d8b-95f3-dff14d778393,A,8.0,False
A-3870,98635122-6a88-425b-affd-ddbef4fdda0e,post,7f473a36-9947-4d8b-95f3-dff14d778393,A,8.0,False
A-3871,acd0c08f-b6b1-4077-8025-a111bce6db3a,post,7f473a36-9947-4d8b-95f3-dff14d778393,A,8.0,False
A-3872,f8b5d965-1b4c-49c1-931f-707bbfd13ca2,post,7f473a36-9947-4d8b-95f3-dff14d778393,A,8.0,False
A-3873,36d429eb-44af-4da1-924a-0eceab24ff9d,post,7f598b2b-3490-4bcc-a3b4-6b888677f8c5,A,1.0,False
A-3874,28ce9259-5cd5-4dc4-8b9a-fec6c9c22ced,post,7f5ec5a8-9a0c-4d3c-8666-79a6adda65e3,A,5.0,False
A-3875,46d49aad-9df6-4088-8939-bc809fce684b,post,7f5ec5a8-9a0c-4d3c-8666-79a6adda65e3,A,5.0,False
A-3876,8e702492-3e7e-44ef-a6bb-a8b87849df76,post,7f5ec5a8-9a0c-4d3c-8666-79a6adda65e3,A,5.0,False
A-3877,afc33e6e-d63c-4050-92ad-d53d808a70f0,comment,7f5ec5a8-9a0c-4d3c-8666-79a6adda65e3,A,5.0,False
A-3878,fe60726a-ac18-47d0-883f-05e9b36bd747,comment,7f5ec5a8-9a0c-4d3c-8666-79a6adda65e3,A,5.0,False
A-3879,ddfd855b-3fbf-46a6-b142-d7982d650b15,comment,7f773042-76fa-4808-9c26-e70b65f1532d,A,2.0,False
A-3880,f2016582-ca21-4b5f-aed9-f681ac61da6c,post,7f773042-76fa-4808-9c26-e70b65f1532d,A,2.0,False
A-3881,0230ea70-716f-475e-8930-01f8c90eb427,post,7f8612dc-8d84-4687-b22a-f31d517b95e8,A,1.0,False
A-3882,421b27ba-9253-449e-b0da-043aba28ff0b,post,7f8c95fc-0610-4d40-b660-6c50ebe59d93,A,3.0,False
A-3883,832d1b51-9d62-42f7-9dab-64707df927f3,post,7f8c95fc-0610-4d40-b660-6c50ebe59d93,A,3.0,False
A-3884,96f522cf-6efc-4857-b30e-a87f202e6d6d,post,7f8c95fc-0610-4d40-b660-6c50ebe59d93,A,3.0,False
A-3885,68860ac0-b108-47fe-bccc-792390a4a363,post,7fb03b88-63a6-4b1c-800b-907a3c9b5ec6,A,2.0,False
A-3886,ebde893f-a898-493b-a3e3-999d0eddbf8d,comment,7fb03b88-63a6-4b1c-800b-907a3c9b5ec6,A,2.0,False
A-3887,7a60c9d8-5684-4736-9e94-e2aed2fdabcb,post,7fc9d0c4-9d0f-4e42-bd32-15932e0e5aac,A,1.0,False
A-3888,512b1fff-7144-4cba-ba44-1e44af9b2269,post,7fcccd2f-6272-4295-b5d2-d014f8a853ad,A,1.0,False
A-3889,a22c8b7a-6798-43ec-a82c-e68781ad4445,post,8009090b-c51c-4470-9bde-f5e44cd36ff9,A,2.0,False
A-3890,e8543535-3864-4c55-85ea-8c5b4214c5a9,post,8009090b-c51c-4470-9bde-f5e44cd36ff9,A,2.0,False
A-3891,49653f60-7f3b-4e03-b604-d94923c1d9a0,post,802013d5-39f4-48a8-ac45-345308ab1bfc,A,5.0,False
A-3892,623c9ebd-3260-4aad-99c2-29426d82bcf0,comment,802013d5-39f4-48a8-ac45-345308ab1bfc,A,5.0,False
A-3893,b54c0837-5bec-4b7a-a328-d506acaca78b,comment,802013d5-39f4-48a8-ac45-345308ab1bfc,A,5.0,False
A-3894,c6ad5391-1072-4c9a-960f-4466db49c515,comment,802013d5-39f4-48a8-ac45-345308ab1bfc,A,5.0,False
A-3895,d444d100-c595-47e7-9cdf-6d939cb92d0c,comment,802013d5-39f4-48a8-ac45-345308ab1bfc,A,5.0,False
A-3896,5a8eb7a1-cdbe-458d-83ab-fc997eeb8c2b,post,804d42f8-4092-407b-9e57-651444bbc7ae,A,1.0,False
A-3897,14c8dcba-8e91-4979-9a93-839c26a389ff,comment,804fd7b7-2fe9-4c43-b72c-5afe8383404d,A,12.0,False
A-3898,27735923-2f34-4146-8d9f-9ec22b9e5324,comment,804fd7b7-2fe9-4c43-b72c-5afe8383404d,A,12.0,False
A-3899,29b38fd7-8b4a-4938-8705-6e4f66a39c32,comment,804fd7b7-2fe9-4c43-b72c-5afe8383404d,A,12.0,False
A-3900,6e625ff2-4656-410f-92bf-7513979f7e79,comment,804fd7b7-2fe9-4c43-b72c-5afe8383404d,A,12.0,False
A-3901,7837421b-6d7b-4e7b-9bf6-65315e2c24b9,post,804fd7b7-2fe9-4c43-b72c-5afe8383404d,A,12.0,False
A-3902,9cedcfa7-350e-4b6b-9aa5-8681315a3e53,comment,804fd7b7-2fe9-4c43-b72c-5afe8383404d,A,12.0,False
A-3903,a24404e4-e848-4414-a618-3a1b85fa8978,comment,804fd7b7-2fe9-4c43-b72c-5afe8383404d,A,12.0,False
A-3904,a2f1fa23-3089-40aa-a474-b68b97056604,comment,804fd7b7-2fe9-4c43-b72c-5afe8383404d,A,12.0,False
A-3905,b666a1c3-1a15-4398-b5f1-90dc80184ec7,comment,804fd7b7-2fe9-4c43-b72c-5afe8383404d,A,12.0,False
A-3906,b940625f-89fa-4096-be98-5ff45816ca03,comment,804fd7b7-2fe9-4c43-b72c-5afe8383404d,A,12.0,False
A-3907,c0d5ae4a-163f-4b14-a5cf-600eb079349a,post,804fd7b7-2fe9-4c43-b72c-5afe8383404d,A,12.0,False
A-3908,c78ed2cf-ec34-4ac7-9cc3-daaa805c2134,comment,804fd7b7-2fe9-4c43-b72c-5afe8383404d,A,12.0,False
A-3909,2c639941-c73d-4af2-a3ec-04d8903b9c23,post,805f890f-10af-4269-a043-2c06a1989dca,A,1.0,False
A-3910,92ec1217-fe43-48f4-b63c-9a07272a1778,post,8087bed3-4af4-42e9-bc1b-0394e7d77530,A,2.0,False
A-3911,992c674a-84d3-4ee6-97c3-d4bff3b14cb6,post,8087bed3-4af4-42e9-bc1b-0394e7d77530,A,2.0,False
A-3912,1c9c5375-f941-4045-b301-5ecad405bc22,post,808b4d14-a0a0-43f4-a298-e91b9ef9b051,A,1.0,False
A-3913,8d62e17e-7885-4c86-a0e6-21aad7ff753c,post,808b5354-3766-492a-baa4-c1c530999a11,A,2.0,False
A-3914,ee0a6786-dd93-4665-9210-ff30bfe0ade7,post,808b5354-3766-492a-baa4-c1c530999a11,A,2.0,False
A-3915,032a3c1a-1cef-45ee-af43-696494d18b2c,post,8098929a-94d1-4296-aac9-a3a708771ca4,A,11.0,False
A-3916,35db93c3-6eca-4d74-82f6-f67eed7d7abc,comment,8098929a-94d1-4296-aac9-a3a708771ca4,A,11.0,False
A-3917,3bdf148a-001b-431d-bb15-ff8feef6231d,comment,8098929a-94d1-4296-aac9-a3a708771ca4,A,11.0,False
A-3918,463a1da0-6017-43f6-a0e4-0a83f8ada9e7,comment,8098929a-94d1-4296-aac9-a3a708771ca4,A,11.0,False
A-3919,46e013e4-f317-491d-b6fb-33d34f4bebfc,comment,8098929a-94d1-4296-aac9-a3a708771ca4,A,11.0,False
A-3920,47b5c04e-0c6c-40e0-b3cb-18e7d279b6f9,post,8098929a-94d1-4296-aac9-a3a708771ca4,A,11.0,False
A-3921,5aca373b-96e3-4d80-be88-70878cc002e1,comment,8098929a-94d1-4296-aac9-a3a708771ca4,A,11.0,False
A-3922,9c9eeb39-bec6-49e0-9bbb-0819f788dc37,post,8098929a-94d1-4296-aac9-a3a708771ca4,A,11.0,False
A-3923,9dc9bd74-3a35-4b38-b2b5-149fd7f6b4cb,post,8098929a-94d1-4296-aac9-a3a708771ca4,A,11.0,False
A-3924,a5d57711-6223-470b-9468-062bab6fb5ba,comment,8098929a-94d1-4296-aac9-a3a708771ca4,A,11.0,False
A-3925,bdc533d2-c920-40b4-8e73-9af5914f8edf,comment,8098929a-94d1-4296-aac9-a3a708771ca4,A,11.0,False
A-3926,4a4da65a-5f22-4f9a-a306-5dedbb3ea4f5,post,80b92f7f-af51-44e8-9691-415374b8778d,A,1.0,False
A-3927,ddc43e18-dde7-4f2a-be96-fb83eb6caff6,post,80df18e4-5adb-4f7b-a88a-2b80416bb46a,A,1.0,False
A-3928,62909a66-4665-4cf6-a178-64885b30746b,post,80ec319b-d347-403f-9939-3692b8485b9c,A,1.0,False
A-3929,213d5ee6-2a3f-40f8-abb2-bc1c7921e5a3,post,80f15697-2a4b-4621-aaa8-d2381d7e413f,A,1.0,False
A-3930,4cef46ab-51c0-4f0b-bf11-aafa723ff894,post,8117152d-d356-4617-9529-9d22194b0623,A,2.0,False
A-3931,56a404a3-f2f7-4cda-814d-4518f8918d40,comment,8117152d-d356-4617-9529-9d22194b0623,A,2.0,False
A-3932,5a1ff066-aa00-48e4-9b43-9bd8344709f0,comment,811dfb13-f79f-4de3-89e2-3df2d8de3b65,A,8.0,False
A-3933,892f42e8-c4c1-4b79-b360-b5140a37b060,comment,811dfb13-f79f-4de3-89e2-3df2d8de3b65,A,8.0,False
A-3934,9c1fc1e9-5f01-4ddb-81cf-c15e6e63d3eb,comment,811dfb13-f79f-4de3-89e2-3df2d8de3b65,A,8.0,False
A-3935,9ff54556-bb32-4cbf-8b47-a621e889f03c,post,811dfb13-f79f-4de3-89e2-3df2d8de3b65,A,8.0,False
A-3936,bc055ac8-dde3-43e2-a525-f1793ba60eae,post,811dfb13-f79f-4de3-89e2-3df2d8de3b65,A,8.0,False
A-3937,cfec86f4-0b9d-45a7-a196-7268e639519c,post,811dfb13-f79f-4de3-89e2-3df2d8de3b65,A,8.0,False
A-3938,d270a517-d851-4f53-b453-a780fea20976,post,811dfb13-f79f-4de3-89e2-3df2d8de3b65,A,8.0,False
A-3939,ecdb058c-0875-4c9c-9e24-69e491d715bb,comment,811dfb13-f79f-4de3-89e2-3df2d8de3b65,A,8.0,False
A-3940,14ad6b76-2516-4941-b4ba-42036a896467,post,8123ae47-7855-4ea2-b264-7148a662a3a7,A,3.0,False
A-3941,9a2d9b60-f87a-4f4b-a908-e110822fe773,comment,8123ae47-7855-4ea2-b264-7148a662a3a7,A,3.0,False
A-3942,d06f7800-a146-4469-82d2-d226edbe5ed2,post,8123ae47-7855-4ea2-b264-7148a662a3a7,A,3.0,False
A-3943,f2c08a6a-433b-499e-909d-4bfd26be77a6,post,813b9d44-c987-47c3-a702-c00851dc5542,A,1.0,False
A-3944,4095e304-99c6-4e35-a5fe-287ba1f72f08,post,8162e7ca-28b5-476d-99bd-961ebf9bd3eb,A,1.0,False
A-3945,e9943c19-ceed-4a6d-bf64-b5f613107e43,post,817e5037-65b8-4e66-8b71-ac1bdea5e5ff,A,1.0,False
A-3946,ccdd3561-16a3-4d26-babc-62aa76367db2,post,81826188-47f4-4df4-a8ec-ffcb0a810e33,A,1.0,False
A-3947,911c9bfd-6ea8-4c83-b16d-e2f2cf812f0a,comment,818c081b-8892-4c11-ae1c-7405c9be5002,A,2.0,False
A-3948,af10b138-3196-4a65-a0d7-a41cf2fccde1,comment,818c081b-8892-4c11-ae1c-7405c9be5002,A,2.0,False
A-3949,007efb6d-9814-4a1e-91c2-6404e6fa513b,post,81a1ea1a-8a11-43f6-85cd-1fd944cc4424,A,1.0,False
A-3950,34f1e2dd-d24e-4163-867b-c30949af232f,post,81a59df5-18e5-471d-a8a0-759641a2b622,A,9.0,False
A-3951,475a7dae-e707-4591-8b92-5971ac1d5175,comment,81a59df5-18e5-471d-a8a0-759641a2b622,A,9.0,False
A-3952,643dcfd2-4389-4efd-a697-93e806a94a96,comment,81a59df5-18e5-471d-a8a0-759641a2b622,A,9.0,False
A-3953,86efe13a-1004-4929-935c-6f1db555c8c0,post,81a59df5-18e5-471d-a8a0-759641a2b622,A,9.0,False
A-3954,99a9fce3-98b2-476a-a0d8-6de2058d0458,post,81a59df5-18e5-471d-a8a0-759641a2b622,A,9.0,False
A-3955,bc43011f-1586-4c1c-963f-26fe1427cce7,comment,81a59df5-18e5-471d-a8a0-759641a2b622,A,9.0,False
A-3956,c275fcab-a59b-452e-afd6-08537cdf4a68,post,81a59df5-18e5-471d-a8a0-759641a2b622,A,9.0,False
A-3957,e7caef48-c353-40c1-aa91-00c966002cbb,comment,81a59df5-18e5-471d-a8a0-759641a2b622,A,9.0,False
A-3958,e918dce6-b517-4948-9c44-3471fe7bfe90,comment,81a59df5-18e5-471d-a8a0-759641a2b622,A,9.0,False
A-3959,1c1063b7-a7ae-4e7d-8f1c-d1ec2f99d4b2,post,81b48a19-c345-4e82-808a-a596c47d546b,A,2.0,False
A-3960,9cce61e7-5db2-41f9-abcc-4e229c6dbe8f,post,81b48a19-c345-4e82-808a-a596c47d546b,A,2.0,False
A-3961,0309266a-e919-4fcf-9dca-ebe4fce01aa5,comment,81c6a8b3-85b7-4749-8c88-70e0030120f5,A,13.0,False
A-3962,277a9afa-774b-426d-89e0-19effbd673fb,post,81c6a8b3-85b7-4749-8c88-70e0030120f5,A,13.0,False
A-3963,3b280725-8b7a-4590-99ad-3bc24abe1236,comment,81c6a8b3-85b7-4749-8c88-70e0030120f5,A,13.0,False
A-3964,53d7235e-c087-43c0-bed3-98de01b0ef63,post,81c6a8b3-85b7-4749-8c88-70e0030120f5,A,13.0,False
A-3965,63a70e86-620b-490a-9da7-927f30fa0bd9,post,81c6a8b3-85b7-4749-8c88-70e0030120f5,A,13.0,False
A-3966,994aa05a-ed38-4938-834e-967122cd26a9,post,81c6a8b3-85b7-4749-8c88-70e0030120f5,A,13.0,False
A-3967,9d666e6f-c107-4df1-b61e-f8edb1e74670,comment,81c6a8b3-85b7-4749-8c88-70e0030120f5,A,13.0,False
A-3968,abd22f66-aca7-40c4-b6b4-ca46584f95cf,post,81c6a8b3-85b7-4749-8c88-70e0030120f5,A,13.0,False
A-3969,bd8397e3-d3c3-4749-9c65-6b6f4f5fd81a,post,81c6a8b3-85b7-4749-8c88-70e0030120f5,A,13.0,False
A-3970,c247f0c9-4f53-4198-86d5-5226b55e7ba9,post,81c6a8b3-85b7-4749-8c88-70e0030120f5,A,13.0,False
A-3971,ca7d4be7-1869-4ede-891e-e53bf4f3c337,comment,81c6a8b3-85b7-4749-8c88-70e0030120f5,A,13.0,False
A-3972,e8f92951-b774-4157-800c-3991a445f228,post,81c6a8b3-85b7-4749-8c88-70e0030120f5,A,13.0,False
A-3973,f4749e0c-ab6c-448b-a41b-cdcc31f0f000,post,81c6a8b3-85b7-4749-8c88-70e0030120f5,A,13.0,False
A-3974,252eea85-87df-4de9-9f34-bafac0cf7ab8,post,81dd6dd1-f481-4bc3-a247-98f352df2418,A,1.0,False
A-3975,33cee98b-4862-430c-946b-36b57cd7e144,comment,81e86bb1-a7b8-4bb4-8da2-20af1921c84c,A,14.0,False
A-3976,380266ae-48b3-4a89-b5be-2e0f70334570,comment,81e86bb1-a7b8-4bb4-8da2-20af1921c84c,A,14.0,False
A-3977,3cca9b84-8a29-429e-84be-890a5baf97cd,comment,81e86bb1-a7b8-4bb4-8da2-20af1921c84c,A,14.0,False
A-3978,4f9652fa-c803-4a6c-81b5-da9bf7c37def,comment,81e86bb1-a7b8-4bb4-8da2-20af1921c84c,A,14.0,False
A-3979,601d14ea-8bdb-499f-88a5-aa8236a648aa,comment,81e86bb1-a7b8-4bb4-8da2-20af1921c84c,A,14.0,False
A-3980,709a9bd1-555d-48c9-a77a-df33d71f2692,comment,81e86bb1-a7b8-4bb4-8da2-20af1921c84c,A,14.0,False
A-3981,7586bee1-8aac-49e5-b525-30d12f86791b,comment,81e86bb1-a7b8-4bb4-8da2-20af1921c84c,A,14.0,False
A-3982,860945c6-7498-4553-b1d6-c2945421714b,post,81e86bb1-a7b8-4bb4-8da2-20af1921c84c,A,14.0,False
A-3983,9496deee-e623-4491-b2e5-b31e32c99c65,comment,81e86bb1-a7b8-4bb4-8da2-20af1921c84c,A,14.0,False
A-3984,9cc627ce-5b47-4cf2-8e2f-40b6860bbfdf,comment,81e86bb1-a7b8-4bb4-8da2-20af1921c84c,A,14.0,False
A-3985,bc6ec3d5-fd46-4672-bf9d-91f25c6b065e,comment,81e86bb1-a7b8-4bb4-8da2-20af1921c84c,A,14.0,False
A-3986,c0226fb8-8821-49ed-9744-debac32a2a8e,comment,81e86bb1-a7b8-4bb4-8da2-20af1921c84c,A,14.0,False
A-3987,dc6d1d18-2c92-4684-a961-6daa57ea87f4,post,81e86bb1-a7b8-4bb4-8da2-20af1921c84c,A,14.0,False
A-3988,e3401d1f-b8c7-40ea-9d6d-66d62e5d7756,comment,81e86bb1-a7b8-4bb4-8da2-20af1921c84c,A,14.0,False
A-3989,0493e950-912e-4d2c-be65-1653a012c151,post,81f2d007-ed5c-4d5a-bbf6-16a04a86e8fd,A,21.0,False
A-3990,bc45d97d-9ca6-4288-85ae-95792812d3a1,post,81f2d007-ed5c-4d5a-bbf6-16a04a86e8fd,A,21.0,False
A-3991,2a2bd841-9df2-4128-9d2b-0337adef2914,comment,81f2d007-ed5c-4d5a-bbf6-16a04a86e8fd,A,21.0,False
A-3992,2216a6bf-4551-4492-8b12-4f0b75250f9d,comment,81f2d007-ed5c-4d5a-bbf6-16a04a86e8fd,A,21.0,False
A-3993,b961ba2d-c870-4dda-8283-80bced7a11aa,post,81f2d007-ed5c-4d5a-bbf6-16a04a86e8fd,A,21.0,False
A-3994,629f2be3-21f1-4896-bc41-b6adaa607c61,post,81f2d007-ed5c-4d5a-bbf6-16a04a86e8fd,A,21.0,False
A-3995,d93067eb-c5b2-4fb8-8488-5a296d529a7e,post,81f2d007-ed5c-4d5a-bbf6-16a04a86e8fd,A,21.0,False
A-3996,72c1ce7d-0795-401b-a1a7-07e4bcc47bcb,post,81f2d007-ed5c-4d5a-bbf6-16a04a86e8fd,A,21.0,False
A-3997,f3c4c04b-a3c0-49b4-93e9-cf6fc646011e,comment,81f2d007-ed5c-4d5a-bbf6-16a04a86e8fd,A,21.0,False
A-3998,87209213-8b63-44c4-8d3e-af2ee89b0528,comment,81f2d007-ed5c-4d5a-bbf6-16a04a86e8fd,A,21.0,False
A-3999,0113ed75-cb82-4f50-93db-9e493f1d328c,comment,81f2d007-ed5c-4d5a-bbf6-16a04a86e8fd,A,21.0,False
A-4000,eb9da812-9647-4945-a790-3dbd46415acc,post,81f2d007-ed5c-4d5a-bbf6-16a04a86e8fd,A,21.0,False
A-4001,fab8f40f-9d4a-4931-a7a0-429391ce4735,comment,81f2d007-ed5c-4d5a-bbf6-16a04a86e8fd,A,21.0,False
A-4002,72f1cd95-184f-4e2a-bc88-54ef0539aa68,comment,81f2d007-ed5c-4d5a-bbf6-16a04a86e8fd,A,21.0,False
A-4003,bbf59732-d567-46a2-a3de-22ffb8c27362,comment,81f2d007-ed5c-4d5a-bbf6-16a04a86e8fd,A,21.0,False
A-4004,4b425933-970b-45b9-a130-b6843a577870,post,8217bfad-ffce-4d06-b8f1-5b7a3077abea,A,1.0,False
A-4005,0284d582-de14-4464-9f79-a4dc92eb5d24,post,822e5bb8-f80c-4f40-9be8-cba44499760c,A,3.0,False
A-4006,c3c10d93-f739-40ac-85ab-f7ce8b50d531,post,822e5bb8-f80c-4f40-9be8-cba44499760c,A,3.0,False
A-4007,db9630d2-5e1b-4375-997a-010df91ec322,post,822e5bb8-f80c-4f40-9be8-cba44499760c,A,3.0,False
A-4008,f4c9cf69-89b4-45ba-adb5-dbf99f374e4f,post,822f96a4-8609-408c-ab31-341630f6ce5f,A,1.0,False
A-4009,15d106ab-bca7-4e9a-bcca-c5d18a1beda5,comment,82404e32-15ee-4a57-ae8d-4484a6644fef,A,10.0,False
A-4010,4c15d3b2-e04e-4ab6-8989-5894d6db70d8,comment,82404e32-15ee-4a57-ae8d-4484a6644fef,A,10.0,False
A-4011,69b94db5-bbdc-42fa-9276-b31746f164c3,comment,82404e32-15ee-4a57-ae8d-4484a6644fef,A,10.0,False
A-4012,7ebcd72b-f2c5-4aac-aec6-55bb58c60868,comment,82404e32-15ee-4a57-ae8d-4484a6644fef,A,10.0,False
A-4013,98fcb816-563c-4e16-a81c-159222791e8b,comment,82404e32-15ee-4a57-ae8d-4484a6644fef,A,10.0,False
A-4014,d0436cea-90f6-4c6e-883c-3936c9f35d3b,comment,82404e32-15ee-4a57-ae8d-4484a6644fef,A,10.0,False
A-4015,e78a2896-6463-44ea-889d-8a615da25eea,post,82404e32-15ee-4a57-ae8d-4484a6644fef,A,10.0,False
A-4016,edba2829-ef68-4396-9c2f-c6672b23fc73,post,82404e32-15ee-4a57-ae8d-4484a6644fef,A,10.0,False
A-4017,f58fcaec-3d66-4842-b2ad-9aa5f588e1df,post,82404e32-15ee-4a57-ae8d-4484a6644fef,A,10.0,False
A-4018,f66fbbdc-4bce-4cbd-97cd-ac48b7789828,post,82404e32-15ee-4a57-ae8d-4484a6644fef,A,10.0,False
A-4019,733f1101-0f15-4d43-8b93-58a4c72ae4e4,post,827cd126-8dbf-41d7-a9fb-85fcddb91080,A,1.0,False
A-4020,671abe63-3934-4573-a7ac-f0fb75335cad,post,8289fdc5-70ce-4ae2-b910-3ee91cf1c84f,A,1.0,False
A-4021,8c9ec313-86dc-41c1-945e-51c7620d64bf,post,8290f682-64fa-4ee0-b763-848dac505aaa,A,1.0,False
A-4022,7252b767-69a7-464c-ba46-5790b6d76fc2,comment,8294f50a-0b1d-4539-b36c-8531662fcfb4,A,23.0,False
A-4023,f0233cc1-0b7c-4d11-a259-028bf7c43ca0,comment,8294f50a-0b1d-4539-b36c-8531662fcfb4,A,23.0,False
A-4024,13f89606-93c7-4521-9b3d-feac0a154d73,comment,8294f50a-0b1d-4539-b36c-8531662fcfb4,A,23.0,False
A-4025,7176843b-9469-42e3-a0d5-9b093e3af742,comment,8294f50a-0b1d-4539-b36c-8531662fcfb4,A,23.0,False
A-4026,bd675531-2f0a-4829-ba71-3b56aec084dc,comment,8294f50a-0b1d-4539-b36c-8531662fcfb4,A,23.0,False
A-4027,265b7329-1be5-42ce-ac4c-2c551b1c7003,comment,8294f50a-0b1d-4539-b36c-8531662fcfb4,A,23.0,False
A-4028,17ee37c0-4207-496f-a7be-239194cc30da,comment,8294f50a-0b1d-4539-b36c-8531662fcfb4,A,23.0,False
A-4029,30e884f1-2ad8-4095-b7f2-7cf98aea67f3,comment,8294f50a-0b1d-4539-b36c-8531662fcfb4,A,23.0,False
A-4030,12731c87-8ed6-4a6b-9764-395ba607ff51,comment,8294f50a-0b1d-4539-b36c-8531662fcfb4,A,23.0,False
A-4031,32ef37b5-71a3-408a-a444-9c4f4ce411a3,comment,8294f50a-0b1d-4539-b36c-8531662fcfb4,A,23.0,False
A-4032,79812692-47ca-4da6-8834-83974a6ffd8b,comment,8294f50a-0b1d-4539-b36c-8531662fcfb4,A,23.0,False
A-4033,6733abfd-9a96-4d02-83bb-3a1a52a9f053,comment,8294f50a-0b1d-4539-b36c-8531662fcfb4,A,23.0,False
A-4034,e9e2b630-1f7b-4b63-8482-e3cd736a9c33,comment,8294f50a-0b1d-4539-b36c-8531662fcfb4,A,23.0,False
A-4035,95fe58c6-58c3-4a75-8fca-cad8a65da5bf,comment,8294f50a-0b1d-4539-b36c-8531662fcfb4,A,23.0,False
A-4036,47321264-c255-48be-a296-9fd6f74767c9,comment,8294f50a-0b1d-4539-b36c-8531662fcfb4,A,23.0,False
A-4037,68483d90-7d27-4657-802c-1cf6e3e56a87,post,82c183c4-a714-47e5-a960-a542f5b0d503,A,2.0,False
A-4038,7897e073-a62c-4b49-b985-8582cd6aef4c,post,82c183c4-a714-47e5-a960-a542f5b0d503,A,2.0,False
A-4039,26e5102a-d731-4bb4-bf5b-b23ebe9b636e,comment,82d7c7d5-6fb0-4d80-a206-bf42d3a5adc2,A,5.0,False
A-4040,5f056b89-0416-4952-add6-fe5a7d5fcb87,comment,82d7c7d5-6fb0-4d80-a206-bf42d3a5adc2,A,5.0,False
A-4041,6ffa55be-79dd-4d2b-a698-4957f83c1180,comment,82d7c7d5-6fb0-4d80-a206-bf42d3a5adc2,A,5.0,False
A-4042,7781ec4c-b29d-4284-b462-4c1c648a7480,comment,82d7c7d5-6fb0-4d80-a206-bf42d3a5adc2,A,5.0,False
A-4043,b24780bd-aa1c-411e-a11e-f4959918e3fb,comment,82d7c7d5-6fb0-4d80-a206-bf42d3a5adc2,A,5.0,False
A-4044,f5049b4d-372c-4ad6-8f19-36a51e2b748d,post,82dafa3d-e220-44c0-904c-359ab01cd534,A,1.0,False
A-4045,950b4269-586b-4057-ad7e-83e26c32d661,post,82dec692-857b-4ccf-8867-6dae783bee32,A,1.0,False
A-4046,487f3d66-bd08-4155-b306-1ce7e638d04b,post,8312fcdf-497a-4e59-b928-086072c19bd3,A,1.0,False
A-4047,d1ddd409-c381-48c6-b3f9-6229e5ad94c2,post,832b6ab8-bdb6-4db7-955c-b2f400236912,A,1.0,False
A-4048,37bfde39-bc44-4655-98f4-50299ffa317d,comment,8357bb6d-bbf9-4752-933d-aed266fdcbd0,A,3.0,False
A-4049,b3bd06fe-5a95-4905-9c7c-0a728727e4e8,post,8357bb6d-bbf9-4752-933d-aed266fdcbd0,A,3.0,False
A-4050,b75b24cd-867e-469f-8844-01e6901c3733,post,8357bb6d-bbf9-4752-933d-aed266fdcbd0,A,3.0,False
A-4051,bf5dfe77-24a5-465e-ab81-73e4009c5090,post,83694bc2-7e08-4578-8bf5-a8f8e8ca2e1a,A,1.0,False
A-4052,aa2f9210-e714-455f-91bf-2fc8394fcec9,post,836da2f9-dd1c-4afd-a114-86c769a065a8,A,1.0,False
A-4053,46b8dc4b-105c-4b62-8d9a-a836267798b9,comment,838a294c-0c24-421f-9bf1-faaf110b0630,A,4.0,False
A-4054,712b990a-fe8f-4918-a8b5-f5c1d8b86d80,comment,838a294c-0c24-421f-9bf1-faaf110b0630,A,4.0,False
A-4055,789804b0-3f90-4d65-a377-2feeb9ab5cf5,post,838a294c-0c24-421f-9bf1-faaf110b0630,A,4.0,False
A-4056,f8b7138d-31b2-4b2b-8b75-26cecfbd0df4,comment,838a294c-0c24-421f-9bf1-faaf110b0630,A,4.0,False
A-4057,70393a04-24b3-464f-a8a1-56e9afbd078b,post,838d54a5-e3fa-4adc-99f1-e1aeaadaa13b,A,2.0,False
A-4058,7c3d65c8-c84d-4332-8ad0-4f37131df7e1,comment,838d54a5-e3fa-4adc-99f1-e1aeaadaa13b,A,2.0,False
A-4059,9e3217a5-9770-4c9a-8fd7-55bce9629ba4,comment,8399b17a-2440-4741-b29b-6a7d4d9767a6,A,2.0,False
A-4060,ec1ff059-e61f-4b88-824b-a7f756c30a12,post,8399b17a-2440-4741-b29b-6a7d4d9767a6,A,2.0,False
A-4061,41a0e7a0-7f70-4294-b826-f196747f1c8a,post,83b13f14-8714-4897-8ad1-845599d5f307,A,4.0,False
A-4062,50ab62ed-f3e5-4229-8559-123d97f5c8a6,post,83b13f14-8714-4897-8ad1-845599d5f307,A,4.0,False
A-4063,5893c27f-a948-498f-a9c5-5d33ff9cb8d4,comment,83b13f14-8714-4897-8ad1-845599d5f307,A,4.0,False
A-4064,b65caca2-7440-49b2-a3d3-b1d9688447e7,comment,83b13f14-8714-4897-8ad1-845599d5f307,A,4.0,False
A-4065,f539339a-0ef7-422d-bc43-c2c5b71c9da8,comment,83cca71e-2761-444f-8761-1abac269d9b3,A,46.0,False
A-4066,739c43cc-34de-432b-b109-a4c0ac8b4cdb,comment,83cca71e-2761-444f-8761-1abac269d9b3,A,46.0,False
A-4067,f6062296-8595-49a1-ba8c-7157053ee184,comment,83cca71e-2761-444f-8761-1abac269d9b3,A,46.0,False
A-4068,e159ac4a-b04a-47f7-8602-bf6b863da6dc,comment,83cca71e-2761-444f-8761-1abac269d9b3,A,46.0,False
A-4069,d747fdc1-8ef6-4efc-bb89-01a07251a684,comment,83cca71e-2761-444f-8761-1abac269d9b3,A,46.0,False
A-4070,3fc5b7fd-ce26-4029-8d5e-bf3907343847,comment,83cca71e-2761-444f-8761-1abac269d9b3,A,46.0,False
A-4071,61cabcb9-4d2a-4f92-a993-2ed76378e1fe,comment,83cca71e-2761-444f-8761-1abac269d9b3,A,46.0,False
A-4072,3d46e70a-1ab5-4fc3-993f-00a1a625853c,comment,83cca71e-2761-444f-8761-1abac269d9b3,A,46.0,False
A-4073,9c812184-7e53-428e-a7c8-9313b1ff41c4,comment,83cca71e-2761-444f-8761-1abac269d9b3,A,46.0,False
A-4074,493fbb86-ec1a-4761-8255-a8b9b0d4b3c1,comment,83cca71e-2761-444f-8761-1abac269d9b3,A,46.0,False
A-4075,487b2305-c26c-4151-a0b1-0e09fbc17fda,comment,83cca71e-2761-444f-8761-1abac269d9b3,A,46.0,False
A-4076,618709a6-2a38-4321-a4cb-9549a2161c27,comment,83cca71e-2761-444f-8761-1abac269d9b3,A,46.0,False
A-4077,7cd1bc98-9912-4a7f-aa12-b9f265c4b147,comment,83cca71e-2761-444f-8761-1abac269d9b3,A,46.0,False
A-4078,93672b65-59de-400d-b74d-dfe1a090e147,comment,83cca71e-2761-444f-8761-1abac269d9b3,A,46.0,False
A-4079,f8a4b7aa-6de9-45aa-849b-df89adccd063,comment,83cca71e-2761-444f-8761-1abac269d9b3,A,46.0,False
A-4080,6f9e9741-ea0e-4bd9-bbf1-128c3e91c3fc,post,83f76d71-95fa-403e-ad8f-1dcf871ad14e,A,1.0,False
A-4081,854bb7f3-1b13-4d09-9c05-65c1bc7815cc,post,840f7dae-de91-427d-bb34-03168c7059a2,A,1.0,False
A-4082,37170a0d-db59-428d-af43-fb4c600b34f0,post,841f6df0-1fcd-42f9-b2b3-5cf554a17062,A,1.0,False
A-4083,0d650ab5-1671-4eef-88c6-18a197cf8c1e,post,8478482d-2257-4a13-9a0c-2ff8f38877dc,A,1.0,False
A-4084,34f83eeb-b24b-4962-8b06-de44f35878a0,comment,849cd6cd-07c7-4010-b172-d1faeffe0bd4,A,2.0,False
A-4085,c46f5771-e084-4103-a259-2e93d73b4141,post,849cd6cd-07c7-4010-b172-d1faeffe0bd4,A,2.0,False
A-4086,ebc021ae-5a4b-4e1f-a924-5e2aaa248228,post,84f22171-c5ce-4e9c-b745-d10db30c7ca4,A,1.0,False
A-4087,62d3b8f9-08a0-4257-ab6a-285ea07d4bd7,post,84fa495a-6d36-4bb8-a12a-afdb3f800437,A,1.0,False
A-4088,90d2ad77-411c-4109-aee7-2a3bd4f2f0b5,post,8510d51a-955c-4162-b198-c475501adc5f,A,2.0,False
A-4089,c0abfb53-8e4c-4602-a19a-80e61a903e47,post,8510d51a-955c-4162-b198-c475501adc5f,A,2.0,False
A-4090,03f16dfd-d45c-4109-8d8a-a82a2eda5169,post,85374bcd-3f34-4202-b807-ef7503d0a7ef,A,2.0,False
A-4091,41d245ef-b84d-423e-b8bb-44de1118b3d8,post,85374bcd-3f34-4202-b807-ef7503d0a7ef,A,2.0,False
A-4092,1d95e7ea-27fc-4992-b3c7-b9c9cf199803,post,855642bb-d803-4ed9-86cb-20943f6e8ea3,A,1.0,False
A-4093,22e020c7-555e-4a20-bd81-cbafd7984ba0,post,855cdb6a-fdbd-4d43-acb2-10b658ec9500,A,2.0,False
A-4094,b5cb1775-14b2-4c34-81dc-e0148f18f335,post,855cdb6a-fdbd-4d43-acb2-10b658ec9500,A,2.0,False
A-4095,a6d96473-990d-4f67-ab8b-99f7c1f48c79,comment,856d1773-b0f2-4131-9b6c-bca0efa16922,A,2.0,False
A-4096,a9d197b9-b00e-495e-8d05-6d5d0a984493,comment,856d1773-b0f2-4131-9b6c-bca0efa16922,A,2.0,False
A-4097,09562853-6fc8-4545-8a1c-9b47c8350e83,comment,858e8edc-7412-433a-b06d-320dd79ebf6a,A,4.0,False
A-4098,1dcb762f-5564-4a16-885e-4bc304a92a21,post,858e8edc-7412-433a-b06d-320dd79ebf6a,A,4.0,False
A-4099,3e073657-1e50-481d-933a-81fda7cfe140,comment,858e8edc-7412-433a-b06d-320dd79ebf6a,A,4.0,False
A-4100,8f81f7bf-7e86-43cb-a4ea-df7634e5c40f,post,858e8edc-7412-433a-b06d-320dd79ebf6a,A,4.0,False
A-4101,59e6e248-90a5-4de3-a03b-bfc54ae86f7f,post,8592839b-df2d-49c2-82ab-a5704786a469,A,1.0,False
A-4102,02e7ea31-7198-4f6d-8aaa-3198d8bb8e0f,post,85afea2b-46e8-483b-939b-c26d1e32aaef,A,2.0,False
A-4103,f10bd2a1-c8e5-4d4e-9f50-a2eec927112a,post,85afea2b-46e8-483b-939b-c26d1e32aaef,A,2.0,False
A-4104,15fb7a1e-e9bf-4bda-a616-c24ed3269042,post,85b13386-bd7c-4d7b-9a99-a37f8b85fb1a,A,9.0,False
A-4105,2a5ad897-1af6-4b43-80be-05cd4b520447,post,85b13386-bd7c-4d7b-9a99-a37f8b85fb1a,A,9.0,False
A-4106,46bb3fad-e730-441c-b259-7209d12be6f6,post,85b13386-bd7c-4d7b-9a99-a37f8b85fb1a,A,9.0,False
A-4107,497bff2a-951b-4a50-8a6a-6c1bb296eae6,post,85b13386-bd7c-4d7b-9a99-a37f8b85fb1a,A,9.0,False
A-4108,5445631d-9c3e-4eb1-af76-e237b7f92a1b,post,85b13386-bd7c-4d7b-9a99-a37f8b85fb1a,A,9.0,False
A-4109,5b7d615b-ab9e-46d6-9e5a-e14d26d43c78,comment,85b13386-bd7c-4d7b-9a99-a37f8b85fb1a,A,9.0,False
A-4110,840e4f57-d505-45ac-9afc-ab0c2ea26534,comment,85b13386-bd7c-4d7b-9a99-a37f8b85fb1a,A,9.0,False
A-4111,e03cc63f-8aa9-4174-9894-0fd1d250bc91,post,85b13386-bd7c-4d7b-9a99-a37f8b85fb1a,A,9.0,False
A-4112,f1c5dfa3-0f7a-4802-af23-3c5c9df5d8e8,comment,85b13386-bd7c-4d7b-9a99-a37f8b85fb1a,A,9.0,False
A-4113,902707cc-df2e-4f01-93b7-4a14c0b1dedf,comment,85bf65f0-2728-4a32-92bb-d0765ccb6618,A,2.0,False
A-4114,f7108c29-ad92-4143-a591-4ec81c1860ce,post,85bf65f0-2728-4a32-92bb-d0765ccb6618,A,2.0,False
A-4115,76b01f9c-e28f-4550-bb36-12e02e49ab4f,post,85c992ee-b123-4215-8975-c329a1a1e2e5,A,1.0,False
A-4116,1a6cc86d-bc6e-48fd-ae82-1c1d61f43095,post,86270af4-1f4e-4292-b34a-f72aaf2ccc60,A,1.0,False
A-4117,0b154feb-4263-4628-b786-2a363d6c96fa,post,8634bd55-fb03-44e1-a0bd-bc6259ab457a,A,1.0,False
A-4118,404b24a2-7bff-4c03-a174-fd8d1a6ae050,post,8674a9f8-42e0-4ec2-941f-38b5275b33ec,A,1.0,False
A-4119,f6c2df99-e3fa-44b4-b570-81ea8b555f5d,post,867c3d53-5b4d-4dfc-b729-d43ab7e418c2,A,1.0,False
A-4120,17e2a291-c7c1-4121-a0d2-3867b4672ece,post,867caec8-1580-49f8-9cd5-af9ba905b25c,A,1.0,False
A-4121,5ca8d545-02c7-493f-839e-d5715ef6f62d,post,869ee9be-90c5-4c24-96ee-0dd350606457,A,1.0,False
A-4122,ef442d67-152d-469b-9aa3-e7ca5fc99821,post,86c8395d-f08c-416d-bbc9-ab5351d810d9,A,1.0,False
A-4123,2d993ef4-a954-432f-b096-1bade29fb864,post,86e6977f-b8d3-4363-9ba0-9ba38e92d418,A,1.0,False
A-4124,48f3a6a9-dcae-4912-93ad-9b6253c7e2f5,comment,86fd6048-88bb-482f-9cc5-4e6bf6be261e,A,18.0,False
A-4125,9b5de021-99d4-4748-aa4f-cb62a3588ca6,comment,86fd6048-88bb-482f-9cc5-4e6bf6be261e,A,18.0,False
A-4126,d991dad4-234b-40e0-aaa1-e0a85a3d5373,comment,86fd6048-88bb-482f-9cc5-4e6bf6be261e,A,18.0,False
A-4127,e66dd086-93c3-4223-880b-16903d57e2a8,comment,86fd6048-88bb-482f-9cc5-4e6bf6be261e,A,18.0,False
A-4128,859e639b-1c99-4c59-ae12-8e43a5bdb118,post,86fd6048-88bb-482f-9cc5-4e6bf6be261e,A,18.0,False
A-4129,f07a5dfa-f4e1-4c97-b41a-df43800c8c9a,comment,86fd6048-88bb-482f-9cc5-4e6bf6be261e,A,18.0,False
A-4130,9d0a3d03-85a8-4a0d-8c0b-a6b5987c126c,comment,86fd6048-88bb-482f-9cc5-4e6bf6be261e,A,18.0,False
A-4131,b901c215-046c-416d-8a5f-56a74131d234,comment,86fd6048-88bb-482f-9cc5-4e6bf6be261e,A,18.0,False
A-4132,277b7918-d29e-43a3-b569-3fa2305641a5,comment,86fd6048-88bb-482f-9cc5-4e6bf6be261e,A,18.0,False
A-4133,70110d44-2849-451e-984a-84d316d3e6d2,comment,86fd6048-88bb-482f-9cc5-4e6bf6be261e,A,18.0,False
A-4134,42ba70b1-4ee3-47d6-bb45-153982a8e337,post,86fd6048-88bb-482f-9cc5-4e6bf6be261e,A,18.0,False
A-4135,4872568c-4b27-49d9-9712-75245b9e8137,comment,86fd6048-88bb-482f-9cc5-4e6bf6be261e,A,18.0,False
A-4136,7f02cd7e-1c55-4ac9-88e7-3347cdd23529,post,86fd6048-88bb-482f-9cc5-4e6bf6be261e,A,18.0,False
A-4137,10aeee94-90c6-49ff-a520-cac67ba12777,comment,86fd6048-88bb-482f-9cc5-4e6bf6be261e,A,18.0,False
A-4138,99d4e9e5-5b8b-4b71-8d25-874dcfdf9800,comment,86fd6048-88bb-482f-9cc5-4e6bf6be261e,A,18.0,False
A-4139,7781de2a-de12-45f2-a8b9-dad19794a3ef,comment,871a833b-d9e7-45a8-ac10-faadc62e869e,A,1.0,False
A-4140,4fcf297f-4ff6-48f1-a140-a3a31f5b1340,post,8721ed17-cc65-4d46-8fca-37b673f015bf,A,1.0,False
A-4141,8d34ad27-b446-487c-9afb-94e99143710a,post,8725b93f-7666-4a33-8358-37cccc1c58e7,A,1.0,False
A-4142,6a99d3ae-0c3e-4814-888d-30e95279f4a4,comment,874242a9-5844-4194-aeaf-d0778bd1f534,A,1.0,False
A-4143,8f250324-a3fe-4d63-9ecd-f25a3ba1a4f5,post,87580646-c08f-4b3a-af6a-0febcdeea921,A,1.0,False
A-4144,2a507d42-d0bf-448d-8d2b-3040d0dffdf2,comment,875a5dcf-678a-41c6-8587-a535c9b37042,A,5.0,False
A-4145,60ee86b6-e928-4477-a4c1-7a89b1102599,post,875a5dcf-678a-41c6-8587-a535c9b37042,A,5.0,False
A-4146,6112dab5-4278-42e4-a9fd-a35a9bc00b48,post,875a5dcf-678a-41c6-8587-a535c9b37042,A,5.0,False
A-4147,8353cca8-c929-4196-a126-d4b826cc05b9,comment,875a5dcf-678a-41c6-8587-a535c9b37042,A,5.0,False
A-4148,d4972d8d-f287-43cf-9504-d4443e3e50b7,post,875a5dcf-678a-41c6-8587-a535c9b37042,A,5.0,False
A-4149,99db10d7-f09b-4476-8206-97795cd80547,post,8777dc88-5f7c-4124-a27d-a255fd3a52aa,A,1.0,False
A-4150,18d13752-986a-4013-a603-2f2c63cbefd1,comment,877f720d-53f1-43b6-8df7-f174fd3d5a5c,A,4.0,False
A-4151,321eb842-52d0-406f-a9a6-0ee2acf544e6,comment,877f720d-53f1-43b6-8df7-f174fd3d5a5c,A,4.0,False
A-4152,3235c2ee-6d37-486e-84e9-ef72210ca602,post,877f720d-53f1-43b6-8df7-f174fd3d5a5c,A,4.0,False
A-4153,d8f11549-5e5a-41aa-8714-842a3bdf553b,comment,877f720d-53f1-43b6-8df7-f174fd3d5a5c,A,4.0,False
A-4154,4d448572-d9be-4414-88e7-5bdb100eb748,post,87ae0924-83d7-4150-a0c6-7001174e2fde,A,2.0,False
A-4155,53acadf3-a1f4-4f1e-945d-147c0afabecb,post,87ae0924-83d7-4150-a0c6-7001174e2fde,A,2.0,False
A-4156,4aec045f-4ee2-4e49-bf37-6cacb2fa26bb,post,87c1feb6-cbfe-4812-b42e-7a9a4800d9e0,A,1.0,False
A-4157,3239ceb0-5e41-47e9-8efc-955a890348b7,comment,87cafa49-0b78-4e79-8272-0811fbd6d76d,A,6.0,False
A-4158,5d02d03b-6adc-4f6b-aa61-a78d1573e125,post,87cafa49-0b78-4e79-8272-0811fbd6d76d,A,6.0,False
A-4159,68db196e-f5ca-4cd9-b849-3158e6f19715,comment,87cafa49-0b78-4e79-8272-0811fbd6d76d,A,6.0,False
A-4160,9b4bc3ef-8ac0-441b-a916-ec3fcced9570,post,87cafa49-0b78-4e79-8272-0811fbd6d76d,A,6.0,False
A-4161,b0c30c26-341c-48d7-8cb7-87cbbc0c79d8,post,87cafa49-0b78-4e79-8272-0811fbd6d76d,A,6.0,False
A-4162,ffd53635-abfe-4a2c-9574-3c822c88753e,post,87cafa49-0b78-4e79-8272-0811fbd6d76d,A,6.0,False
A-4163,b12ac86a-37f1-4b8b-b0e6-8a6a14abb282,post,87f8e381-ad32-4a1e-90c8-6d116e1ce1a7,A,1.0,False
A-4164,ce74bdb1-5139-44aa-b491-59c9355bdd7e,post,880c2333-7c72-4822-a36c-8d7370487a95,A,1.0,False
A-4165,ffe4d44e-8b09-4500-b81c-df0438d9fac0,comment,880fd0ab-08e2-4ad3-9959-8d2817e9cdd8,A,1.0,False
A-4166,7b651a57-cbe1-436b-b5b3-1afc55fdc21b,comment,88138dfc-6c38-48ec-a2f3-4b96024432b4,A,2.0,False
A-4167,c2235530-8d0e-4209-8a6b-03898d7e50fc,comment,88138dfc-6c38-48ec-a2f3-4b96024432b4,A,2.0,False
A-4168,a7393adf-118b-4d3a-96b5-a0c3a898a9c0,post,882753ef-b922-40d7-aa8b-6995aa29b4b2,A,1.0,False
A-4169,7d42b462-d575-4cc5-888c-49931040ca6f,post,88577b4c-7803-4492-9a6c-29016f8fe3df,A,1.0,False
A-4170,1c388747-ee36-4c87-93a1-60c5d4a9844e,post,885a35bc-f497-42e7-bd75-fa5d7c1563e1,A,1.0,False
A-4171,9469ea4c-1b44-4e2e-b477-9e312f745ebc,post,88608049-cd32-4f67-88a0-477bd07fd053,A,3.0,False
A-4172,db77280d-ca8d-48b6-8edc-08c50bbbd5ac,post,88608049-cd32-4f67-88a0-477bd07fd053,A,3.0,False
A-4173,f6c68474-ede1-44ef-ab77-20c69b1d3e4a,post,88608049-cd32-4f67-88a0-477bd07fd053,A,3.0,False
A-4174,b900b5c8-191d-44ba-a924-8dd3785719e1,post,8882e3f0-1bcf-499e-b47c-520a1acae622,A,1.0,False
A-4175,330b58c8-2edf-4bf9-9476-1564a8a64beb,post,8894dbc3-fa58-423b-b555-3bc370018852,A,1.0,False
A-4176,3605ad05-9c96-4201-8d06-85a6927310d4,post,88b75eaf-ac23-4398-99a4-9de2389a349c,A,3.0,False
A-4177,3d0ecc53-4c01-4cea-b604-9f1b76734f7c,post,88b75eaf-ac23-4398-99a4-9de2389a349c,A,3.0,False
A-4178,9da684a6-3a8f-4929-8b9c-2ec3c6d658cf,post,88b75eaf-ac23-4398-99a4-9de2389a349c,A,3.0,False
A-4179,7c9c9c06-1098-49b5-846f-56d21e066594,post,88e9c0ed-e474-46cf-a7a1-afb9097272d5,A,17.0,False
A-4180,53693d74-7e88-4a72-a5ba-abedd7c6a2c0,comment,88e9c0ed-e474-46cf-a7a1-afb9097272d5,A,17.0,False
A-4181,50239c54-e7cc-4c94-8e12-e811dc9c200c,post,88e9c0ed-e474-46cf-a7a1-afb9097272d5,A,17.0,False
A-4182,6ca090b4-c28f-4668-b211-9bda30374024,comment,88e9c0ed-e474-46cf-a7a1-afb9097272d5,A,17.0,False
A-4183,e3853e3a-9088-425d-bc03-71f8ace490a8,comment,88e9c0ed-e474-46cf-a7a1-afb9097272d5,A,17.0,False
A-4184,e6633537-dd1c-4469-8e93-fd5a7951c306,comment,88e9c0ed-e474-46cf-a7a1-afb9097272d5,A,17.0,False
A-4185,a00a0c2d-bd07-4abc-b09b-019ede19a820,comment,88e9c0ed-e474-46cf-a7a1-afb9097272d5,A,17.0,False
A-4186,e0242f52-99a9-43d8-88b2-e7d4a60cffa6,comment,88e9c0ed-e474-46cf-a7a1-afb9097272d5,A,17.0,False
A-4187,f494196a-6542-40c4-95d3-6f488197ff57,comment,88e9c0ed-e474-46cf-a7a1-afb9097272d5,A,17.0,False
A-4188,d2bec554-65c6-4b41-a9bb-0ef442b82150,comment,88e9c0ed-e474-46cf-a7a1-afb9097272d5,A,17.0,False
A-4189,539f7c98-10c1-42af-b4d3-f0ecdbf7628a,comment,88e9c0ed-e474-46cf-a7a1-afb9097272d5,A,17.0,False
A-4190,83a76870-9aec-4d3a-8be7-3f5ca4190cfb,post,88e9c0ed-e474-46cf-a7a1-afb9097272d5,A,17.0,False
A-4191,96a06431-ae95-4ef1-8515-ac2db2a1fe69,comment,88e9c0ed-e474-46cf-a7a1-afb9097272d5,A,17.0,False
A-4192,b3d88662-e226-42b3-bdcd-1a5d696a3d6e,comment,88e9c0ed-e474-46cf-a7a1-afb9097272d5,A,17.0,False
A-4193,11cf2534-2bde-4ba7-9ad5-92c565cdcf20,comment,88e9c0ed-e474-46cf-a7a1-afb9097272d5,A,17.0,False
A-4194,7aeea79f-3696-42b4-85b4-dd255b775f7c,post,88e9d082-3e49-4cb6-84af-94738ab2f4d4,A,1.0,False
A-4195,b71ebaaf-fece-46c8-ae21-14f57e250edb,post,88f8ec88-bead-4157-8297-a44d6e4e2718,A,1.0,False
A-4196,c07c67b0-1378-486b-b6d6-718b9c9047db,post,891e99f1-1b00-416b-8ecd-5f3aa6e9da80,A,2.0,False
A-4197,d6b5cbd2-76ef-4f55-8b4b-4b8835e9724e,post,891e99f1-1b00-416b-8ecd-5f3aa6e9da80,A,2.0,False
A-4198,b339f3fe-f549-4bba-ba34-f67a3b81664d,comment,893728e6-4679-4a35-9161-b0320bd54cf7,A,1.0,False
A-4199,1273cf50-a156-49e4-a8c0-62655d3970d4,comment,894f1128-590e-40ff-81da-dc817b125cf5,A,26.0,False
A-4200,a8fd8be7-a7b2-489e-8c98-16ae28b3063f,comment,894f1128-590e-40ff-81da-dc817b125cf5,A,26.0,False
A-4201,5afb23d6-173d-453f-b416-f6883718d6da,comment,894f1128-590e-40ff-81da-dc817b125cf5,A,26.0,False
A-4202,3053bf69-440d-42b5-a7eb-bb4547220da2,post,894f1128-590e-40ff-81da-dc817b125cf5,A,26.0,False
A-4203,c2fae534-7462-4b8d-bb9d-23308fa170e7,comment,894f1128-590e-40ff-81da-dc817b125cf5,A,26.0,False
A-4204,ddef4009-c8b6-4f5a-89e2-a3cd1bee85e9,comment,894f1128-590e-40ff-81da-dc817b125cf5,A,26.0,False
A-4205,5b2bdc44-7452-46bb-9d73-5f33a17b3e76,comment,894f1128-590e-40ff-81da-dc817b125cf5,A,26.0,False
A-4206,02234ed9-dd48-43fe-a795-4937034afb36,post,894f1128-590e-40ff-81da-dc817b125cf5,A,26.0,False
A-4207,59f25136-78b1-4e3f-beec-df5a0b4d21aa,comment,894f1128-590e-40ff-81da-dc817b125cf5,A,26.0,False
A-4208,9986cb67-a5af-48b1-9aa8-f7c99030d46d,comment,894f1128-590e-40ff-81da-dc817b125cf5,A,26.0,False
A-4209,85a444f1-9d00-4d80-80db-0086d49eb0d5,post,894f1128-590e-40ff-81da-dc817b125cf5,A,26.0,False
A-4210,4b2bf4d8-a60d-4b84-88e8-541a1332d5fb,comment,894f1128-590e-40ff-81da-dc817b125cf5,A,26.0,False
A-4211,49a5eeeb-5eb3-4327-bd82-6f3631c5e46d,comment,894f1128-590e-40ff-81da-dc817b125cf5,A,26.0,False
A-4212,2739258d-70a3-4968-ae33-828956efe80c,comment,894f1128-590e-40ff-81da-dc817b125cf5,A,26.0,False
A-4213,a9926ea0-6167-475c-a236-551283520d1e,post,894f1128-590e-40ff-81da-dc817b125cf5,A,26.0,False
A-4214,e1f9d941-36ee-429a-990b-7c0319760656,post,8962e5eb-27ef-443b-a4ec-cb1f19878382,A,1.0,False
A-4215,29815603-72ff-4c28-b2ab-f2d2771bccc6,post,89839bdb-9b32-40a4-a759-618e12567bff,A,1.0,False
A-4216,19f578b4-d73c-4561-8c77-8ad66ddb7da2,post,8985505b-6c32-48e5-8d99-6d479d2ebf3a,A,3.0,False
A-4217,cdfe0e1d-131b-4c1c-a353-27e4b696d747,post,8985505b-6c32-48e5-8d99-6d479d2ebf3a,A,3.0,False
A-4218,dab1cf3a-de8b-44dc-a003-64a85ba00717,post,8985505b-6c32-48e5-8d99-6d479d2ebf3a,A,3.0,False
A-4219,60921283-90d4-48c3-a58e-2ba421f7f398,post,89aa28e0-8af9-4077-b051-502a9894e0c5,A,1.0,False
A-4220,dd71613f-5f13-4f9a-85a8-0a3e4be37a62,post,89f5a11c-4062-4d76-80df-31499569824e,A,1.0,False
A-4221,0a797ab0-5644-45c7-a9a9-21589698b922,post,8a12eb9b-da83-4f55-8f9e-559fbbce1429,A,3.0,False
A-4222,22f4223b-5670-4810-9a6e-78ecbacf87fb,post,8a12eb9b-da83-4f55-8f9e-559fbbce1429,A,3.0,False
A-4223,560a6236-61ea-4bad-ba29-4c549651948e,post,8a12eb9b-da83-4f55-8f9e-559fbbce1429,A,3.0,False
A-4224,87972e03-82ad-4af2-828f-f1e293b0a6ae,post,8a19c8b4-06b9-4774-9e38-86a35f82edd2,A,1.0,False
A-4225,80146a7b-7dcb-41ba-96c9-a615c545d163,post,8a27fe62-9495-45ac-b8eb-c96f8a7e2e0f,A,1.0,False
A-4226,1a7bd2ff-dcdc-405d-9b5a-3a1c6827db76,comment,8a299c48-bbf1-4ef0-a895-b8eabc9f7056,A,4.0,False
A-4227,2cc4d391-3677-4e0c-a8be-6def5bd93d8e,comment,8a299c48-bbf1-4ef0-a895-b8eabc9f7056,A,4.0,False
A-4228,a9e19085-6141-4b82-8fb8-a5c8d8f6f663,post,8a299c48-bbf1-4ef0-a895-b8eabc9f7056,A,4.0,False
A-4229,cdb64d43-2f72-49e6-9058-6cea0efd7d0b,comment,8a299c48-bbf1-4ef0-a895-b8eabc9f7056,A,4.0,False
A-4230,89e4bbff-cc07-4548-8cb6-128d50f71c66,comment,8a45c431-3daf-480f-a282-582a9436ad59,A,1.0,False
A-4231,8693ae7a-5df6-4516-a50d-9ff3ccb6b988,post,8a473ae5-416c-4654-8ffb-09afbf9c35d5,A,3.0,False
A-4232,ad92ef33-e0fc-4e0a-bf2a-498ff8de6f5a,comment,8a473ae5-416c-4654-8ffb-09afbf9c35d5,A,3.0,False
A-4233,f01bcec1-c4fa-41ac-a775-36b7768d606b,post,8a473ae5-416c-4654-8ffb-09afbf9c35d5,A,3.0,False
A-4234,b3f5cf90-a265-4e96-b024-61c1e9362202,post,8ab6ee28-6635-4409-9522-482aa8571257,A,2.0,False
A-4235,ff9e3109-4b4e-403f-bd48-ecdd825c970d,post,8ab6ee28-6635-4409-9522-482aa8571257,A,2.0,False
A-4236,469bb422-478f-4dc3-aa0a-35955be31813,post,8ac03f2b-1b69-449d-aed9-de4c89b2e157,A,1.0,False
A-4237,264cc6c8-7d2f-4fec-b8ec-9c374422b5cd,post,8acfa922-37a9-42a0-b194-a4a39baad71e,A,1.0,False
A-4238,87745a80-81e4-423b-8155-b8dacbdee29a,post,8ae768fa-63dd-4dcf-ac6e-62c087ec621d,A,1.0,False
A-4239,be7be245-fe38-4437-96ef-f051aeb4fedf,post,8af38764-1da2-4a54-8841-2fa273ca0b48,A,1.0,False
A-4240,cf4ebbf9-965c-4e81-b3ea-ad014f306e5a,post,8afeb077-10aa-410c-8ce4-08d8182a1e48,A,1.0,False
A-4241,3c716f65-9de4-4f05-ba3d-479e9b7d5474,post,8b4d58e5-af50-49a9-8ac7-16671dd2f2ef,A,1.0,False
A-4242,47d72610-1ac6-46d6-9eb0-a6085d5b5462,post,8b56a6fc-8471-4afd-99c5-5b64db5ca94f,A,1.0,False
A-4243,66685a14-59ae-4b63-9132-8d4cc42f8122,post,8b6aba14-5170-4d1a-aac9-416bb7009bd4,A,1.0,False
A-4244,d8d695bd-e12b-43f4-84c0-e4638f18a345,post,8b753fd1-f0c5-452b-bb68-1b4eec6f06d5,A,1.0,False
A-4245,040e3eee-e99a-42c6-97b8-0175b3a6a787,comment,8b8f7438-932c-488d-aade-95e3be5b52a8,A,6.0,False
A-4246,6646199e-d557-4861-86e2-3a39fcd965f0,comment,8b8f7438-932c-488d-aade-95e3be5b52a8,A,6.0,False
A-4247,75dbf166-8fed-4cf5-9477-3c6217b1a8c6,comment,8b8f7438-932c-488d-aade-95e3be5b52a8,A,6.0,False
A-4248,9ce0fe28-b522-44fb-b50f-d2cfa6a0c8b0,post,8b8f7438-932c-488d-aade-95e3be5b52a8,A,6.0,False
A-4249,9d063ec6-0bbb-4f6d-89ce-35c8bfea3602,comment,8b8f7438-932c-488d-aade-95e3be5b52a8,A,6.0,False
A-4250,b2180057-9e4b-42aa-99c4-0fbf7af1bbec,post,8b8f7438-932c-488d-aade-95e3be5b52a8,A,6.0,False
A-4251,505189a5-08ef-4411-9c67-7fe9e5695b80,post,8bc0e3ab-e53e-4884-a483-051efaced68d,A,2.0,False
A-4252,c3b09cd3-0ed8-4deb-aefc-52925ded834d,comment,8bc0e3ab-e53e-4884-a483-051efaced68d,A,2.0,False
A-4253,c57ec1b6-12ba-4391-9122-213c7eb8dffd,post,8bd0878c-1658-4575-a868-755e394a002c,A,1.0,False
A-4254,326bf104-52c7-4da0-8b66-e3c640e79dad,post,8bf07641-afd3-44a8-831d-e06ff181e747,A,1.0,False
A-4255,a8d3833b-257b-4fd9-b94a-679e2cc7dddc,post,8c34d812-eaf1-414f-8f54-60545033c15e,A,1.0,False
A-4256,8881d396-04e6-442d-87df-ff9f9aeb80ac,post,8c377071-75cc-4e0b-9ade-3103db76b095,A,2.0,False
A-4257,aab309be-928a-4980-9534-7916be6d1f25,post,8c377071-75cc-4e0b-9ade-3103db76b095,A,2.0,False
A-4258,2447cfa5-846a-44aa-a90a-6549137a7a91,post,8c6b777a-bf4e-4d1f-b5c6-cf3ee05ecabd,A,2.0,False
A-4259,ac687c4a-7696-4627-a343-0c1ced6873ae,post,8c6b777a-bf4e-4d1f-b5c6-cf3ee05ecabd,A,2.0,False
A-4260,55202ce2-b511-44e1-a757-6fccee952dda,comment,8c788eda-b109-465d-a2fa-d8f18d18ea9e,A,2.0,False
A-4261,9728828b-2faa-45fe-a6cb-0676b412736e,post,8c788eda-b109-465d-a2fa-d8f18d18ea9e,A,2.0,False
A-4262,5ed29126-7d29-4bd3-af7e-41a58fa5cc63,post,8c814869-7ecf-4416-8d28-b419884b3f34,A,1.0,False
A-4263,4eb31bb5-0d36-4d6d-8bb2-ed4b0c38269d,post,8ca9e57c-b6a6-4c33-97a4-54f5701f6985,A,1.0,False
A-4264,69cd0130-0758-48c2-a601-00742f7b381f,comment,8cafb28e-eba8-439c-8bc2-04b12d897eed,A,2.0,False
A-4265,873d56b4-3216-4d37-a752-244e66c6b811,comment,8cafb28e-eba8-439c-8bc2-04b12d897eed,A,2.0,False
A-4266,3e7fafae-5b32-4f61-b110-6d764a493717,post,8cb14514-baf6-499c-be65-c7720c83ad2d,A,4.0,False
A-4267,92b2db41-e09f-494f-929f-23567693ba1a,post,8cb14514-baf6-499c-be65-c7720c83ad2d,A,4.0,False
A-4268,9ba51dfb-80eb-4241-b27c-b3dbe1ad2745,comment,8cb14514-baf6-499c-be65-c7720c83ad2d,A,4.0,False
A-4269,d51cc530-4353-4d59-8a46-1c7356061c21,post,8cb14514-baf6-499c-be65-c7720c83ad2d,A,4.0,False
A-4270,2a528978-3076-4372-b831-0960bc443b3f,comment,8cc70824-de79-4a0d-a22c-a90fe03f41ff,A,8.0,False
A-4271,2bb38d3f-a999-44c8-8298-884701ecb351,post,8cc70824-de79-4a0d-a22c-a90fe03f41ff,A,8.0,False
A-4272,2c6caeab-3900-4df4-bda3-24a8a713605b,comment,8cc70824-de79-4a0d-a22c-a90fe03f41ff,A,8.0,False
A-4273,99007b88-1e55-4914-9604-62a82b6a885d,post,8cc70824-de79-4a0d-a22c-a90fe03f41ff,A,8.0,False
A-4274,ad483bd0-109d-41c6-811c-8f9c165efcb7,comment,8cc70824-de79-4a0d-a22c-a90fe03f41ff,A,8.0,False
A-4275,c0e87753-7dae-4cf8-bed7-23df073180bc,post,8cc70824-de79-4a0d-a22c-a90fe03f41ff,A,8.0,False
A-4276,df9bf000-72be-43cd-bebd-6dcf9a615c8f,comment,8cc70824-de79-4a0d-a22c-a90fe03f41ff,A,8.0,False
A-4277,fdca5611-bc9c-4f37-a12b-0075aadb35bf,post,8cc70824-de79-4a0d-a22c-a90fe03f41ff,A,8.0,False
A-4278,51cee2bc-e83e-49ac-a47c-fd83d1971b26,post,8cd524d4-367e-4695-b38c-b8770b7c1dd1,A,1.0,False
A-4279,821a51fb-6e84-4c5c-ad5d-b71bc0411359,comment,8cfa519e-e2f6-402c-9220-3c435a3b68f3,A,3.0,False
A-4280,ddc06009-bdaa-4acd-923a-1bbf545a8f5c,comment,8cfa519e-e2f6-402c-9220-3c435a3b68f3,A,3.0,False
A-4281,e1c70f6f-4fd3-4004-ae15-748203b37954,comment,8cfa519e-e2f6-402c-9220-3c435a3b68f3,A,3.0,False
A-4282,2e89fd8b-e8bd-4d4f-ab23-64d1fb4a2aa9,post,8cfb6dd7-2668-493a-91d0-9c3ad1b0ae1a,A,2.0,False
A-4283,93dc8dd7-91cb-4556-bea1-c9a03163d13f,post,8cfb6dd7-2668-493a-91d0-9c3ad1b0ae1a,A,2.0,False
A-4284,0c2b3443-b992-445f-9765-eb958c3ded3c,post,8d0c344d-aa45-4832-9caf-afa37aef080b,A,2.0,False
A-4285,e2511eba-adae-4db0-a9e2-a484c459ee05,post,8d0c344d-aa45-4832-9caf-afa37aef080b,A,2.0,False
A-4286,076f7470-105c-467f-9c98-995493cbdb7a,comment,8d236417-c5ac-4d0f-aa02-18b959a92075,A,8.0,False
A-4287,23ed20ec-7036-4e59-b2be-fa7a10629389,post,8d236417-c5ac-4d0f-aa02-18b959a92075,A,8.0,False
A-4288,55decbac-f0ea-44bb-b36e-45e335d27c42,comment,8d236417-c5ac-4d0f-aa02-18b959a92075,A,8.0,False
A-4289,653cfa8d-0181-49fb-ae9f-2918c42546bc,post,8d236417-c5ac-4d0f-aa02-18b959a92075,A,8.0,False
A-4290,704224e0-dd4f-4452-8f18-44dc91657207,comment,8d236417-c5ac-4d0f-aa02-18b959a92075,A,8.0,False
A-4291,8065baf1-4895-45d0-b153-7a176af288fa,comment,8d236417-c5ac-4d0f-aa02-18b959a92075,A,8.0,False
A-4292,99a70858-9755-4e86-9d10-af72d50893f5,comment,8d236417-c5ac-4d0f-aa02-18b959a92075,A,8.0,False
A-4293,ec844731-736d-4dde-a70e-072f23bca1a8,post,8d236417-c5ac-4d0f-aa02-18b959a92075,A,8.0,False
A-4294,15dd4239-2f3e-4742-bcea-13aecd95568c,comment,8d3ccaa1-c851-43a8-8069-f5201a603a7a,A,6.0,False
A-4295,663ff2e6-885f-4de0-b28d-2f7b54e8d953,comment,8d3ccaa1-c851-43a8-8069-f5201a603a7a,A,6.0,False
A-4296,cc6eaaf9-7438-40e4-b02d-3fcebce6d926,comment,8d3ccaa1-c851-43a8-8069-f5201a603a7a,A,6.0,False
A-4297,e7b43459-6c08-49ba-ac99-31e40e0c8839,comment,8d3ccaa1-c851-43a8-8069-f5201a603a7a,A,6.0,False
A-4298,fc042cdd-c08d-41ea-9e3b-4a69653f180f,comment,8d3ccaa1-c851-43a8-8069-f5201a603a7a,A,6.0,False
A-4299,fc89a4b0-73f6-43ee-9664-0f8a221cd480,comment,8d3ccaa1-c851-43a8-8069-f5201a603a7a,A,6.0,False
A-4300,32c87960-249d-4c7c-b802-38232fe4984e,post,8d63c735-d86b-46e7-a9db-d73ffe80d1d4,A,4.0,False
A-4301,749d67b0-b84e-49a3-bbe0-9f2e8ab559bf,post,8d63c735-d86b-46e7-a9db-d73ffe80d1d4,A,4.0,False
A-4302,773c6989-1067-439e-bd77-8c972730fec5,post,8d63c735-d86b-46e7-a9db-d73ffe80d1d4,A,4.0,False
A-4303,a6a180e1-9797-4fe5-b7c5-01146ea9c7f1,post,8d63c735-d86b-46e7-a9db-d73ffe80d1d4,A,4.0,False
A-4304,20bd07b2-2e17-4b7d-b16a-f606845f2c74,post,8d674ba6-8881-4b43-8919-918b3dc1a231,A,2.0,False
A-4305,bf6fc18b-8961-48e8-bd0e-1b537431a65a,post,8d674ba6-8881-4b43-8919-918b3dc1a231,A,2.0,False
A-4306,7d89bd0f-8f3a-40ed-9342-5c6921d46885,post,8ddac804-d4d3-42f1-9d72-ae93e41f5902,A,1.0,False
A-4307,1293e919-4100-4d2b-a256-7041651b55b6,comment,8dfd5191-29b0-4db2-a39e-3afe32a9d5b3,A,7.0,False
A-4308,2f87ecfa-35ab-422c-811a-42e7a394d037,comment,8dfd5191-29b0-4db2-a39e-3afe32a9d5b3,A,7.0,False
A-4309,3814cd4c-e84d-42ef-932c-e9380c7ed8fd,comment,8dfd5191-29b0-4db2-a39e-3afe32a9d5b3,A,7.0,False
A-4310,a8771375-eecc-492e-ba6a-8e37b89b46d9,comment,8dfd5191-29b0-4db2-a39e-3afe32a9d5b3,A,7.0,False
A-4311,c24c4426-1e44-4715-9ff9-d3d9b4edff1f,comment,8dfd5191-29b0-4db2-a39e-3afe32a9d5b3,A,7.0,False
A-4312,c8886289-b8b6-4311-a39d-de14986aa677,comment,8dfd5191-29b0-4db2-a39e-3afe32a9d5b3,A,7.0,False
A-4313,cc8f0245-68a2-410d-a165-ae39fbc4804d,post,8dfd5191-29b0-4db2-a39e-3afe32a9d5b3,A,7.0,False
A-4314,5605a601-707f-4664-8aa9-6d90d67c8d70,post,8e50445e-58b4-4745-a599-9472977f4b8f,A,6.0,False
A-4315,757a6d9a-2d85-4dbd-a2f1-6e18d38993bd,post,8e50445e-58b4-4745-a599-9472977f4b8f,A,6.0,False
A-4316,8ea359b1-4900-4b4f-85c4-859ec0c09fb7,post,8e50445e-58b4-4745-a599-9472977f4b8f,A,6.0,False
A-4317,9907cf06-fb59-4080-8965-53757e60165c,comment,8e50445e-58b4-4745-a599-9472977f4b8f,A,6.0,False
A-4318,bd269547-f53e-4db1-ad52-48ae69dc43d0,comment,8e50445e-58b4-4745-a599-9472977f4b8f,A,6.0,False
A-4319,d0f72c36-5d0a-40d6-8ea6-1d629e2d0846,comment,8e50445e-58b4-4745-a599-9472977f4b8f,A,6.0,False
A-4320,8fb4f15f-d32a-421f-8828-4a27a2db704d,post,8e62c5db-507c-4dd5-b1a1-64931c0e26fe,A,1.0,False
A-4321,43a7b48c-0116-4baa-91f8-48228abc28a6,comment,8e85d2c4-9f14-430c-aa7a-4bc2842bea64,A,1.0,False
A-4322,ebb5b84f-1a60-4544-b832-be7ced40cde2,post,8e8ab00c-3b8f-44e5-8bfd-4e69e6f295bf,A,2.0,False
A-4323,ed50adfb-786e-40ec-8fc3-7a0fe82e80e2,comment,8e8ab00c-3b8f-44e5-8bfd-4e69e6f295bf,A,2.0,False
A-4324,41c4bcb5-24ed-44ae-bf15-dbd4d65e6f5d,post,8e9878c0-c763-4779-a4b7-6895c84b9247,A,2.0,False
A-4325,d21f90b8-853d-4c16-9cf4-995ade7fcb04,post,8e9878c0-c763-4779-a4b7-6895c84b9247,A,2.0,False
A-4326,7068294b-fa05-44df-ac8c-6e9fc925a0ad,comment,8ec3d20e-465f-4325-a95d-2c6bcf11dd70,A,1.0,False
A-4327,41a062bc-5dbd-4dec-94dc-e74123023bb3,post,8edd4475-73c2-4dd0-a34c-489ac99ca610,A,3.0,False
A-4328,8f31f122-bbd4-40fe-bb4a-38f5726f834b,comment,8edd4475-73c2-4dd0-a34c-489ac99ca610,A,3.0,False
A-4329,e4f3be8b-e897-4e9c-bc89-9f6f93a5f78c,post,8edd4475-73c2-4dd0-a34c-489ac99ca610,A,3.0,False
A-4330,ce2d92de-cf2d-4f3e-9a88-70a9c6ad4dd4,comment,8ee04f69-4aec-4633-8085-4052013d14a2,A,1.0,False
A-4331,5c5932ac-9611-4dbf-bb9e-713f6b165c79,comment,8eedd995-0851-4bb4-ad6f-d6f3ee3c5061,A,2.0,False
A-4332,6e7551d4-84d6-459b-90b0-c339dc0587f8,comment,8eedd995-0851-4bb4-ad6f-d6f3ee3c5061,A,2.0,False
A-4333,488f1dd2-38a2-4547-bcc0-c45b06944180,post,8efc6c29-2ad5-4667-92a3-4f538b8438d5,A,1.0,False
A-4334,99feb0b2-93f6-411b-ba8a-5999f75ea463,post,8f107d14-7c2d-4df6-8196-3746c51d819b,A,1.0,False
A-4335,885a3954-75d3-46c6-a08f-3f414ac25408,post,8f11bcb4-79b5-42e9-850c-786355abb506,A,2.0,False
A-4336,9b21c02e-5464-4223-951e-1b9efbd11560,post,8f11bcb4-79b5-42e9-850c-786355abb506,A,2.0,False
A-4337,5c289e45-30ed-4a0b-9806-d096f01150db,comment,8f220b7c-91cb-4f1d-8725-0e6cdea8c719,A,1.0,False
A-4338,042e3726-4e30-4d06-8c08-0a533b46b0ed,comment,8f32e73f-b5f0-4300-9bba-6cf8eb22a26c,A,5.0,False
A-4339,31a737f0-59e3-46c5-9f36-ab5ee18e384e,comment,8f32e73f-b5f0-4300-9bba-6cf8eb22a26c,A,5.0,False
A-4340,850fe3da-c424-42cf-b9d1-7671d6dfc5c0,comment,8f32e73f-b5f0-4300-9bba-6cf8eb22a26c,A,5.0,False
A-4341,86440c31-674b-4213-b40d-3cfc7398fb57,post,8f32e73f-b5f0-4300-9bba-6cf8eb22a26c,A,5.0,False
A-4342,a49cf6a2-dbec-4692-a606-a5f22d8fa831,comment,8f32e73f-b5f0-4300-9bba-6cf8eb22a26c,A,5.0,False
A-4343,baba089f-e17c-4f09-9d3d-a23c8695f6fa,post,8f332ef8-adaa-4bc6-80c5-5088f5567f3c,A,1.0,False
A-4344,b1358d67-6385-497a-96d1-1a2874e9b437,post,8f36dd46-18b9-4f25-adda-4fb74c3e2c40,A,1.0,False
A-4345,0f459035-9e08-464e-aec3-313311253e97,comment,8f77b8df-3782-4dd2-a365-f84c203cc59d,A,3.0,False
A-4346,102c72f5-a7f9-4d05-9127-c7643e5f6784,comment,8f77b8df-3782-4dd2-a365-f84c203cc59d,A,3.0,False
A-4347,c86c54f2-bc51-4e70-8111-56fbb7555406,comment,8f77b8df-3782-4dd2-a365-f84c203cc59d,A,3.0,False
A-4348,d2ff4f96-7db1-4a6b-a5d7-14bb3a114f6b,comment,8f9974e7-757c-47f2-926b-db5faacac3fd,A,1.0,False
A-4349,477eff42-e918-4abb-a576-db8355a4def9,post,8f9cebf4-9d60-41a8-9d5f-48e913db5d27,A,1.0,False
A-4350,afa0b7b6-b4b9-4a6a-9655-d6a5122e9336,post,8fbc8bc6-63bd-449f-ae81-d1e7e7a5a23b,A,1.0,False
A-4351,248e6b94-2966-4f9c-bc1d-a6fc9c610e27,post,8fd8a266-9e58-4788-866b-7bd1312b9ea2,A,7.0,False
A-4352,5b380b9f-8d91-4575-8ef5-aab163bf246d,post,8fd8a266-9e58-4788-866b-7bd1312b9ea2,A,7.0,False
A-4353,db6705d5-c26b-4b78-b19b-0dc2d171e087,post,8fd8a266-9e58-4788-866b-7bd1312b9ea2,A,7.0,False
A-4354,e02ebcef-e4e2-40c9-8331-675e597d4e36,post,8fd8a266-9e58-4788-866b-7bd1312b9ea2,A,7.0,False
A-4355,e11dbaaa-a05b-4786-800c-d0a4220ac6da,post,8fd8a266-9e58-4788-866b-7bd1312b9ea2,A,7.0,False
A-4356,f1efa563-0578-4aea-a04b-3bbdac803d6a,post,8fd8a266-9e58-4788-866b-7bd1312b9ea2,A,7.0,False
A-4357,fb3e8602-3606-4099-99f4-ed0a6a373b88,post,8fd8a266-9e58-4788-866b-7bd1312b9ea2,A,7.0,False
A-4358,6409a0fb-eefd-40f5-bd31-0e48ac8cb1dd,post,8fedd12b-707d-4fbe-bdad-cb727c134c16,A,1.0,False
A-4359,6f32d82f-c825-4a24-a577-0fb7fec4d41e,post,8ffa55b0-9e70-4e6e-90a5-7aaed276803e,A,2.0,False
A-4360,a2cacce6-3806-46b5-b6a0-4ce4b422a1b2,post,8ffa55b0-9e70-4e6e-90a5-7aaed276803e,A,2.0,False
A-4361,e841e44b-e51f-4ede-b64f-e2661aeb23f1,post,902ed75f-d14c-4487-b89b-61fe45dfdbf0,A,1.0,False
A-4362,2bd0edb1-1728-4012-aed1-03fe3be920c4,comment,9045e2bf-356b-4415-aba1-59728156853d,A,5.0,False
A-4363,3eab48ed-7edd-4be7-aacf-bff843274750,comment,9045e2bf-356b-4415-aba1-59728156853d,A,5.0,False
A-4364,90d91919-94aa-499a-bf7c-00d9451d8a7b,comment,9045e2bf-356b-4415-aba1-59728156853d,A,5.0,False
A-4365,9c994071-464a-4130-9117-a845a6b4370d,comment,9045e2bf-356b-4415-aba1-59728156853d,A,5.0,False
A-4366,a6cc9231-82be-4520-b03b-68a9bada539f,comment,9045e2bf-356b-4415-aba1-59728156853d,A,5.0,False
A-4367,2dc7fcf0-f38c-4909-99b1-df03f00293f0,comment,904b3e7d-171c-4d46-9c9d-61a5899b66a8,A,2.0,False
A-4368,6043d5ce-4231-4f2d-90fa-35c0d07d186d,post,904b3e7d-171c-4d46-9c9d-61a5899b66a8,A,2.0,False
A-4369,d31d35ce-0502-4c4f-b9f5-3f0aa6cfdea1,post,9060b91c-5a12-44a1-be17-4d66974417d0,A,1.0,False
A-4370,2cd2d6ce-633f-4916-8af7-24560b257301,comment,906c788b-73e1-48cb-8abf-e478439c53a7,A,2.0,False
A-4371,99e48e25-f32e-45c4-b3cc-8b03a8223da6,post,906c788b-73e1-48cb-8abf-e478439c53a7,A,2.0,False
A-4372,4a63dce6-4937-4cb5-b653-8e1e9fb27cd1,post,907b908c-b1c7-41a7-9c85-7c20a6dce04f,A,1.0,False
A-4373,f2c91c0c-52a7-4db3-b670-3ada1489cfbd,comment,90866c8b-8503-4436-ab1f-a3a6cc73c69e,A,1.0,False
A-4374,2c7b912a-c1aa-4f5d-a86e-31e5e03f1c67,comment,908f3155-f9a9-4572-92d9-1f295babe9e7,A,7.0,False
A-4375,32f4e557-ffc6-4914-87c7-413b89905591,post,908f3155-f9a9-4572-92d9-1f295babe9e7,A,7.0,False
A-4376,77d55241-8ef7-4699-b49d-defe9339f7e2,comment,908f3155-f9a9-4572-92d9-1f295babe9e7,A,7.0,False
A-4377,7de5e90e-930e-48e4-8c61-a03e9f30cd25,post,908f3155-f9a9-4572-92d9-1f295babe9e7,A,7.0,False
A-4378,a6955a20-4a42-40d3-b7b7-02b27d01aa30,post,908f3155-f9a9-4572-92d9-1f295babe9e7,A,7.0,False
A-4379,b0aed4c8-ef34-4945-8d84-8a3cd3990aef,comment,908f3155-f9a9-4572-92d9-1f295babe9e7,A,7.0,False
A-4380,beb1b222-9181-424b-beea-9464b70de898,comment,908f3155-f9a9-4572-92d9-1f295babe9e7,A,7.0,False
A-4381,756955fb-612c-45a2-89ca-e6b585bbd59d,post,90fbff4a-20f6-4029-b9ae-bab09a73b1aa,A,2.0,False
A-4382,d46ed650-190a-4528-a4cb-ee49923f9c15,post,90fbff4a-20f6-4029-b9ae-bab09a73b1aa,A,2.0,False
A-4383,106c8156-f4e2-407f-bf0b-77ae7328c322,comment,91003e90-9ac5-48f4-8956-565d9bf0e16f,A,1.0,False
A-4384,ccd9f93e-6d65-49f4-86c0-0637ae245e90,post,91071340-e180-495d-a92f-4cceb34fbd66,A,2.0,False
A-4385,d2622b77-f932-417b-8250-1041806809b7,post,91071340-e180-495d-a92f-4cceb34fbd66,A,2.0,False
A-4386,6f5f934f-9d54-4d15-8757-114cfe5e6371,post,910f01dd-85c5-4980-832c-127a05df93cd,A,1.0,False
A-4387,935aa715-a576-453c-8499-39ddb83f0ad3,comment,91128983-80e8-4a4c-90d3-6dc6f09f1a9f,A,1.0,False
A-4388,0b8b578e-448b-4b6b-92d9-806394e191a3,post,91195938-d004-43c6-a047-d8b7db3d810d,A,1.0,False
A-4389,b0ec29cd-3799-4c31-b542-207c189a5b85,post,911dd298-cf6c-49ac-ab34-32b7cfe81dad,A,1.0,False
A-4390,6bc5b711-4438-412e-8e7e-16a602221ad1,comment,91228e8e-19f2-4288-8977-7886d7fcadc7,A,1.0,False
A-4391,266a3d9a-b7b9-4cf2-a5cf-21a193a49772,comment,91230395-b15b-4cf4-a140-530ad9b6c173,A,3.0,False
A-4392,6fba3ae3-21a2-4c33-a691-b7c0704fa799,post,91230395-b15b-4cf4-a140-530ad9b6c173,A,3.0,False
A-4393,e29d459f-6686-4dbc-96c2-8b8d26a32256,post,91230395-b15b-4cf4-a140-530ad9b6c173,A,3.0,False
A-4394,3ed9f7b4-05af-49a4-ba5b-a832fac2a6ea,post,912a0f40-70cc-4cec-8084-f503c256d918,A,1.0,False
A-4395,506ed648-3590-4d32-aae8-7484d88806d1,post,912c147c-0ed5-4d02-bf66-afeca77581ed,A,2.0,False
A-4396,c8d37d42-bbaf-4c30-9318-e0c74761321c,post,912c147c-0ed5-4d02-bf66-afeca77581ed,A,2.0,False
A-4397,60c45684-3241-4cef-8949-ad7374f03ef6,post,913c510a-7e00-415b-9455-7cde6e0a86a4,A,2.0,False
A-4398,b0a19aac-f83e-49c3-9faa-c488a32dafeb,post,913c510a-7e00-415b-9455-7cde6e0a86a4,A,2.0,False
A-4399,7c414015-e2be-4a74-b856-546a1b4ae597,post,91540bfc-c1da-49ad-b247-fdd35510a84d,A,1.0,False
A-4400,9b041824-517a-4e7e-be0e-26ffe5d76860,post,91553f92-18ae-4be9-8f03-58a4a5e2459d,A,1.0,False
A-4401,11cba1b9-4f2a-4adc-bb10-0ec124948346,post,917e6a2b-69b8-4311-9f73-19cc7c6b1364,A,1.0,False
A-4402,06bf562a-5c33-408e-86bb-c9ce3f715687,post,9180214a-bb21-4c00-9c50-c59882be8d19,A,3.0,False
A-4403,4924180a-8fbd-46cf-8192-c21b2eafa912,post,9180214a-bb21-4c00-9c50-c59882be8d19,A,3.0,False
A-4404,fbefa41a-eda5-42bf-ad19-aa57a77c0b6b,post,9180214a-bb21-4c00-9c50-c59882be8d19,A,3.0,False
A-4405,126cf6d8-ada8-4322-a6b5-2a53ec1f5011,post,918421d1-151c-466b-9e00-2fc7ae006f6e,A,8.0,False
A-4406,61a2c7e9-d435-4c38-adac-28c154b03bb6,comment,918421d1-151c-466b-9e00-2fc7ae006f6e,A,8.0,False
A-4407,6f0e5b3b-a0c3-4880-b011-19041d3ac493,post,918421d1-151c-466b-9e00-2fc7ae006f6e,A,8.0,False
A-4408,70201a22-c119-40ef-bc04-d7bbe181dbb6,comment,918421d1-151c-466b-9e00-2fc7ae006f6e,A,8.0,False
A-4409,bd677921-7f3a-4460-82e0-c36ad52182c5,post,918421d1-151c-466b-9e00-2fc7ae006f6e,A,8.0,False
A-4410,c20bc3c9-2d8b-49fe-8087-a071aa401629,post,918421d1-151c-466b-9e00-2fc7ae006f6e,A,8.0,False
A-4411,c9ef7d29-265e-47a2-b289-5ac0b58a6fd6,post,918421d1-151c-466b-9e00-2fc7ae006f6e,A,8.0,False
A-4412,fb851bb9-b218-46fa-a262-7797f1cdc7c9,post,918421d1-151c-466b-9e00-2fc7ae006f6e,A,8.0,False
A-4413,1b1469a8-e84f-4434-94bc-cfdb7c8faac7,post,91a223d2-072e-4466-aa8a-040e0dc112b0,A,1.0,False
A-4414,2e9b883c-2d3d-4f3d-9469-f5bc5cf25441,comment,91c017ba-e790-44cb-bb31-605494dd4bb7,A,2.0,False
A-4415,661d9202-3afb-4faa-8450-38013585871b,comment,91c017ba-e790-44cb-bb31-605494dd4bb7,A,2.0,False
A-4416,d64d01f0-a499-48a1-a12b-59013595eb81,post,91e90378-40be-4698-9fa1-c1e608c6caa9,A,1.0,False
A-4417,c94a71e6-5ea1-4666-978b-dc796f4b20c6,post,91ebfa09-6513-4a20-a06b-15296888cab1,A,1.0,False
A-4418,aa4bc36a-e433-4dfd-90ed-8190ce66a6b3,post,91ef2f0c-9913-4bc0-8195-d409d4077e18,A,1.0,False
A-4419,13b2f41a-6a71-429b-9e1c-81e0d0805e39,comment,92059cf4-64a4-481b-8883-a53696aecd2b,A,3.0,False
A-4420,1cbf5cdb-f6b8-44c3-8b2d-7d87461d0b04,comment,92059cf4-64a4-481b-8883-a53696aecd2b,A,3.0,False
A-4421,44d7e91e-2152-46b1-9bd2-e5e1f9241ffc,post,92059cf4-64a4-481b-8883-a53696aecd2b,A,3.0,False
A-4422,9ed4cd7e-489e-47ac-ad96-9fad30484d94,post,9205aeac-d1a0-42ea-bc1d-dcff05b7ae13,A,1.0,False
A-4423,033b628c-7b11-4d0f-817d-095edbed7792,comment,92097b9c-0db2-46ba-84d6-5949d5cb6093,A,3.0,False
A-4424,10fc5a33-31e3-4e07-8051-95de55a11567,post,92097b9c-0db2-46ba-84d6-5949d5cb6093,A,3.0,False
A-4425,31d49f52-516e-4859-8015-ecbe83799aad,post,92097b9c-0db2-46ba-84d6-5949d5cb6093,A,3.0,False
A-4426,20e2ec4d-f001-4874-a41a-bff1222821c9,post,920a21e7-699d-40f3-8f2b-b3f8a9004095,A,4.0,False
A-4427,88c984e6-b1ca-4373-94ff-829f6505a15a,post,920a21e7-699d-40f3-8f2b-b3f8a9004095,A,4.0,False
A-4428,c2988538-7e2e-4f84-bd60-08f3d1f063da,comment,920a21e7-699d-40f3-8f2b-b3f8a9004095,A,4.0,False
A-4429,c87324ff-158e-48f8-97cc-5d824a9a2d2a,post,920a21e7-699d-40f3-8f2b-b3f8a9004095,A,4.0,False
A-4430,d44de2c3-5d5f-497f-ab63-f321f218e7f1,post,920aa1b8-7ded-4053-abc8-3f1040cf4657,A,1.0,False
A-4431,691928c0-c0ca-4a46-ad42-438b0cdc76bf,post,920aa874-0724-4e74-af64-44656d61dd56,A,2.0,False
A-4432,848b668b-b67b-41cf-ad26-e8829518c2bc,post,920aa874-0724-4e74-af64-44656d61dd56,A,2.0,False
A-4433,7accce3b-74f6-4935-896f-2ebcc25a8e04,post,9235151c-8381-4426-865f-5b9198b76cc5,A,2.0,False
A-4434,e947398a-e447-49a6-b861-6aac7c1ba35f,post,9235151c-8381-4426-865f-5b9198b76cc5,A,2.0,False
A-4435,4fcfd8bd-4a64-4d90-ae99-cb4661ad7fce,post,92351f7f-fad7-4cae-ac63-55c7b90fdcf7,A,1.0,False
A-4436,45775fe0-d88c-419f-af53-d8d3d3707ae0,post,9241c25e-07ad-405e-9a33-9dd501d2e1d8,A,2.0,False
A-4437,4a48b5e4-9a5e-40de-a7c7-cdb606559b4c,post,9241c25e-07ad-405e-9a33-9dd501d2e1d8,A,2.0,False
A-4438,3b4ea291-dc92-42af-b4b4-fc2a9a88f0ea,comment,9250eb36-66c8-4bee-b33b-58c34e9eb622,A,3.0,False
A-4439,bda75d0d-29b3-4552-aa69-9e666d556eea,comment,9250eb36-66c8-4bee-b33b-58c34e9eb622,A,3.0,False
A-4440,d228dc15-fa3a-4eba-aa58-2af468fa877c,post,9250eb36-66c8-4bee-b33b-58c34e9eb622,A,3.0,False
A-4441,858e5b89-2990-4d5b-aaf2-8a450c15ef12,post,925a8991-78a9-4880-993a-208bede42880,A,1.0,False
A-4442,db2e4b87-ec33-4e18-9c7d-48df22b574a4,post,927b66eb-ef54-443f-892d-b7e1f01045fa,A,1.0,False
A-4443,7e35655b-d81e-4032-9d97-ebe31324c77f,post,92839c3c-4b78-4dee-914c-7ab126e21c51,A,1.0,False
A-4444,0160040f-38ef-459e-bd44-3f25be6de3d6,comment,928f99b6-69e5-4956-bd1a-30a9c3b6896b,A,10.0,False
A-4445,34374e67-6577-481c-a096-581c2f1aafdf,comment,928f99b6-69e5-4956-bd1a-30a9c3b6896b,A,10.0,False
A-4446,34e65a21-cec1-4677-a9b5-553b052f5885,post,928f99b6-69e5-4956-bd1a-30a9c3b6896b,A,10.0,False
A-4447,540683fb-c1ba-4f1a-a1c1-56112c529af7,post,928f99b6-69e5-4956-bd1a-30a9c3b6896b,A,10.0,False
A-4448,62d3bd7b-e8d9-487b-8607-92ad566a2242,comment,928f99b6-69e5-4956-bd1a-30a9c3b6896b,A,10.0,False
A-4449,664324ed-402d-438e-9961-9369604768db,comment,928f99b6-69e5-4956-bd1a-30a9c3b6896b,A,10.0,False
A-4450,6c55c270-eb70-411a-9951-1b84b08779f5,comment,928f99b6-69e5-4956-bd1a-30a9c3b6896b,A,10.0,False
A-4451,878b867d-279a-46bf-a86e-c47a88a52581,comment,928f99b6-69e5-4956-bd1a-30a9c3b6896b,A,10.0,False
A-4452,c4783490-c1f5-4b41-b161-915c7a8291ac,post,928f99b6-69e5-4956-bd1a-30a9c3b6896b,A,10.0,False
A-4453,f769a09e-c347-4a64-a5b6-0badd861daae,post,928f99b6-69e5-4956-bd1a-30a9c3b6896b,A,10.0,False
A-4454,cffd05cc-cbad-4cb3-a0a4-6d8a3a1484fa,post,929376f2-6eb5-401e-8467-89b3e24efda6,A,1.0,False
A-4455,992e1ba6-26a9-402b-a7e7-f1b58091708a,post,92a12682-8dd8-4e15-86d9-1c7925192c3f,A,1.0,False
A-4456,1ea83e5a-ca16-4b87-bd21-32b21ca3361f,post,92aef3bb-092f-4015-83d7-c58df261f2f0,A,1.0,False
A-4457,1f944a03-78b5-4c78-92aa-46dc531a156e,comment,92afa6b6-0973-4cc4-8a8f-917b055ec700,A,2.0,False
A-4458,a419b10f-dc79-466f-9935-ebff7c4949a6,comment,92afa6b6-0973-4cc4-8a8f-917b055ec700,A,2.0,False
A-4459,a23a96ed-b368-48f7-9151-bc249a6bcfeb,comment,92affe49-7964-47ca-9cfd-71d5693b89ad,A,2.0,False
A-4460,e368d2d6-f08c-44c2-9121-a561dcd6bbbd,post,92affe49-7964-47ca-9cfd-71d5693b89ad,A,2.0,False
A-4461,6cbaf508-e317-47e5-a3e0-717863fd99e6,post,92b16470-3716-4733-9784-d592f615e381,A,1.0,False
A-4462,3591aefb-4cf0-4e33-bbda-8dbb8287b957,comment,92b65bd0-a275-4dc3-a18b-6b52d7dc3880,A,2.0,False
A-4463,a96edd92-f211-4e35-a499-cc1201017bea,comment,92b65bd0-a275-4dc3-a18b-6b52d7dc3880,A,2.0,False
A-4464,ef281590-f9cf-4f41-a538-2a60fedb7f55,post,92cfb67e-d518-4772-9315-357043faffd9,A,1.0,False
A-4465,5a7cd034-eb7a-4af7-b631-9f75616429af,post,92f45430-0cca-4aa2-b232-1c926848752c,A,2.0,False
A-4466,5c2f8f41-f117-4d76-a0f3-37cf55a8ec24,post,92f45430-0cca-4aa2-b232-1c926848752c,A,2.0,False
A-4467,0a597c66-b19c-481a-8885-e37b42aa2485,post,932ecda6-f314-4ba3-b285-b524e43914f3,A,1.0,False
A-4468,c14cb189-df2f-4883-a4c1-bd90be3ce336,post,9332804c-8787-4d73-8d8e-2281f40c1d95,A,1.0,False
A-4469,8e9a965b-2789-4bb4-81ac-5a9a4dbdb5e6,post,933d6201-8232-4d18-8288-61cee08059ca,A,1.0,False
A-4470,00e1ffab-a00a-4d23-81e8-414ea222e5b6,post,93577a96-bc11-4efd-a67f-d4e0ac4e627b,A,1.0,False
A-4471,2854b651-f137-44f1-81f8-250895452a37,post,937b587a-e1d2-433e-976a-38669c2b7a64,A,1.0,False
A-4472,d97c7216-2398-4ecc-bba3-ca6deca636ab,post,937bb7c6-a561-4a67-b177-8d12bab04d83,A,2.0,False
A-4473,e60b067c-39ac-41cb-a570-d949430041af,comment,937bb7c6-a561-4a67-b177-8d12bab04d83,A,2.0,False
A-4474,411cb6a3-2136-4788-8b55-1235e0084166,post,93bfbc8e-4f10-413d-a323-018ee24e39fe,A,2.0,False
A-4475,718a510e-40ff-47e8-9c9f-0df9b2383a3e,comment,93bfbc8e-4f10-413d-a323-018ee24e39fe,A,2.0,False
A-4476,2841145d-f29a-4fe4-b1ab-6c525f2e65ab,post,93c3064c-3429-4095-910d-b03ac837047a,A,4.0,False
A-4477,69082551-9187-42ce-a2ea-cc2c2b81f845,post,93c3064c-3429-4095-910d-b03ac837047a,A,4.0,False
A-4478,f3322451-6846-400c-b64d-52fe787536e1,post,93c3064c-3429-4095-910d-b03ac837047a,A,4.0,False
A-4479,fabd0494-8bc8-45b4-9b1a-f845776202d3,comment,93c3064c-3429-4095-910d-b03ac837047a,A,4.0,False
A-4480,0c669b41-05cc-4114-acfb-2dce2df80c9f,post,93f7ef6f-7ac3-41b6-9777-4c62383ef942,A,2.0,False
A-4481,2c968032-7a83-4235-818f-a99fd277f8a6,comment,93f7ef6f-7ac3-41b6-9777-4c62383ef942,A,2.0,False
A-4482,bc62555a-10da-40e8-9ec9-47daea223415,post,93f85a09-5f29-44b0-a65c-287c6474d08a,A,1.0,False
A-4483,ea6d8145-976f-46d9-8607-eaf636bcd562,post,94221036-ecde-4433-9d77-2e0fb2646c63,A,1.0,False
A-4484,6fc5d9c2-4733-4cb1-8420-7db8483bc694,post,942c9e0b-8671-4254-ac7d-ce6607f6e82a,A,1.0,False
A-4485,98f73ef7-99b0-487a-bcae-bd4ffb82a221,comment,94351c4f-d3c9-40a1-b8ee-afb9da8c25be,A,1.0,False
A-4486,17fbd356-c03f-4601-806e-ec9fde4ba043,post,945d35c6-3f5e-43a2-b15a-f3eb3649fc9e,A,6.0,False
A-4487,376bdd78-dde9-40d2-90ca-b9a6e739c5be,post,945d35c6-3f5e-43a2-b15a-f3eb3649fc9e,A,6.0,False
A-4488,5778e3e4-fdc4-423d-908f-5f724fefdfc7,post,945d35c6-3f5e-43a2-b15a-f3eb3649fc9e,A,6.0,False
A-4489,6512d76e-f9bc-4578-8ed6-d0e24495de1e,post,945d35c6-3f5e-43a2-b15a-f3eb3649fc9e,A,6.0,False
A-4490,7f370023-5f5e-46a1-92f7-faf7efb70568,post,945d35c6-3f5e-43a2-b15a-f3eb3649fc9e,A,6.0,False
A-4491,bcc707b2-b6af-4ba8-a66f-36e57f4269bc,post,945d35c6-3f5e-43a2-b15a-f3eb3649fc9e,A,6.0,False
A-4492,3b303bfd-199e-4275-bd76-152b164ab83e,post,9471f453-7b37-4769-ad30-70734a1faec8,A,2.0,False
A-4493,6c0bcc53-a40f-4211-b70a-6c307785a099,post,9471f453-7b37-4769-ad30-70734a1faec8,A,2.0,False
A-4494,1357542b-9dc8-4176-8e09-86daf89646e3,post,947c532e-be50-468f-94a4-7911b0c5cfe4,A,13.0,False
A-4495,2ddf0ef9-fcc3-49f3-a85f-f15eaf38b10d,comment,947c532e-be50-468f-94a4-7911b0c5cfe4,A,13.0,False
A-4496,5ce06803-ff0c-4a73-9f8f-d1bcd4c8d59c,post,947c532e-be50-468f-94a4-7911b0c5cfe4,A,13.0,False
A-4497,6a498926-13cb-48b7-96d6-7416ced00f36,comment,947c532e-be50-468f-94a4-7911b0c5cfe4,A,13.0,False
A-4498,713c3327-82c2-41b3-9750-4c6d6a59364e,post,947c532e-be50-468f-94a4-7911b0c5cfe4,A,13.0,False
A-4499,7bffa5d9-30fb-4845-8b98-3f78a939bbed,comment,947c532e-be50-468f-94a4-7911b0c5cfe4,A,13.0,False
A-4500,bd08407e-38a1-418f-bb3e-804760d921ac,comment,947c532e-be50-468f-94a4-7911b0c5cfe4,A,13.0,False
A-4501,d035ed34-709b-4d60-9301-e43035be6fd5,comment,947c532e-be50-468f-94a4-7911b0c5cfe4,A,13.0,False
A-4502,d816a86f-1ee8-40e2-847f-062aacb8e319,comment,947c532e-be50-468f-94a4-7911b0c5cfe4,A,13.0,False
A-4503,db33f5ae-ebff-4e8b-91b6-b3ff0b655375,comment,947c532e-be50-468f-94a4-7911b0c5cfe4,A,13.0,False
A-4504,e4620ea9-5263-4830-a613-092da184c61e,post,947c532e-be50-468f-94a4-7911b0c5cfe4,A,13.0,False
A-4505,e560d6ea-ff8f-47dd-91be-5d612d0b8702,comment,947c532e-be50-468f-94a4-7911b0c5cfe4,A,13.0,False
A-4506,efc76158-135c-4f8b-b63e-296919487d9f,post,947c532e-be50-468f-94a4-7911b0c5cfe4,A,13.0,False
A-4507,61a58f16-212f-49a7-8067-84a484606c24,post,94830a2d-d37b-4d0c-9d44-759effe6d5d0,A,1.0,False
A-4508,7f0a5b79-0f72-4c11-ac17-fe9cf50c3b3b,comment,94bd1363-2755-4779-973f-4b11717670d9,A,3.0,False
A-4509,a31e702f-a34b-4b30-b5a7-d8d2428d5ecf,post,94bd1363-2755-4779-973f-4b11717670d9,A,3.0,False
A-4510,d874f328-83fe-4e77-b2b0-6fa6469299f1,comment,94bd1363-2755-4779-973f-4b11717670d9,A,3.0,False
A-4511,7d1d1a65-9323-4a40-bbfd-6c11970825af,post,94d9fdda-dd30-41e2-b0c2-7f6ec6289e46,A,2.0,False
A-4512,e8a0049d-e574-46ec-a8d3-570790cb031d,post,94d9fdda-dd30-41e2-b0c2-7f6ec6289e46,A,2.0,False
A-4513,7ff8f3fe-5f37-4578-b488-41a8d6133e18,comment,951f5489-3ef8-41fa-8533-a5801aec46a7,A,10.0,False
A-4514,92f6a878-bab0-4809-896a-76e4415d87c1,post,951f5489-3ef8-41fa-8533-a5801aec46a7,A,10.0,False
A-4515,a30f1a5b-9f99-4d9a-9cc7-e8f7cb95059d,comment,951f5489-3ef8-41fa-8533-a5801aec46a7,A,10.0,False
A-4516,b5dc50e7-dd8f-4035-8b4e-241035689251,post,951f5489-3ef8-41fa-8533-a5801aec46a7,A,10.0,False
A-4517,c2ae1c8c-9c9f-44b9-8a39-d26f8bdb1933,post,951f5489-3ef8-41fa-8533-a5801aec46a7,A,10.0,False
A-4518,c5229e20-fede-480a-a833-eb9e5e25e611,post,951f5489-3ef8-41fa-8533-a5801aec46a7,A,10.0,False
A-4519,f16965ae-1a6c-4cd7-8e85-f244e41047d0,post,951f5489-3ef8-41fa-8533-a5801aec46a7,A,10.0,False
A-4520,f5076a80-133b-4208-b9f4-18549e50d73c,post,951f5489-3ef8-41fa-8533-a5801aec46a7,A,10.0,False
A-4521,f5ba6c44-ca09-467a-8005-5f76c357fd9e,post,951f5489-3ef8-41fa-8533-a5801aec46a7,A,10.0,False
A-4522,fa3061a8-671a-48c7-8705-1b12c210e2cb,comment,951f5489-3ef8-41fa-8533-a5801aec46a7,A,10.0,False
A-4523,80f414bd-ebab-4947-9e57-a7411c9cfff1,post,9531a0c9-4a59-4460-9403-024aecf84043,A,1.0,False
A-4524,5567c315-cea9-4f65-9da2-a3829422ac55,comment,95644952-026e-42ee-bf32-5a695137ab1b,A,2.0,False
A-4525,c4689ff6-b99c-41b9-9c3d-458704a8afe3,post,95644952-026e-42ee-bf32-5a695137ab1b,A,2.0,False
A-4526,6253d368-163d-4c10-bd78-c13d13d8db53,post,9581494a-b388-4943-8426-ed8771a8bb6b,A,1.0,False
A-4527,20690d48-a13f-42ce-a77d-e9e16b064f94,post,95a8c8ad-53f0-47aa-8d4c-ce062f3419b5,A,5.0,False
A-4528,2c15131a-cb2e-45bf-a905-e76d66e7daa1,post,95a8c8ad-53f0-47aa-8d4c-ce062f3419b5,A,5.0,False
A-4529,420fe536-2a3a-48b7-a3c0-f304c4ad9da6,comment,95a8c8ad-53f0-47aa-8d4c-ce062f3419b5,A,5.0,False
A-4530,5e0408b7-68c1-45c8-ae76-d69d6e59253b,post,95a8c8ad-53f0-47aa-8d4c-ce062f3419b5,A,5.0,False
A-4531,9d17c42a-438a-4fd1-9ce7-fe05168c0588,post,95a8c8ad-53f0-47aa-8d4c-ce062f3419b5,A,5.0,False
A-4532,525d8298-1a74-414f-a390-3c80f7e0d8b7,post,95c1cc3e-bb47-42a8-908e-b0317e136d5e,A,1.0,False
A-4533,f60be99b-16e3-4d79-9bef-b7e1bd1f6398,post,95d84277-f3cf-4b80-aba6-e5df846f5ebe,A,1.0,False
A-4534,a6035571-9b79-470a-bc46-6d766ca2bb02,post,95dcacfc-7852-49ab-9c5c-d3c98ea7ee13,A,1.0,False
A-4535,481acecc-66e5-43a9-bda1-c8317b67e884,comment,95fc951d-6db5-45f1-8484-a7a4445aaf5c,A,1.0,False
A-4536,ce206f17-b66f-4194-8d50-f37ab17e22bd,post,960fc727-b6ad-44e0-89b8-67d700ceaa7d,A,2.0,False
A-4537,dfdcb2d9-1ea2-40a0-a0ee-44f41ba7de04,comment,960fc727-b6ad-44e0-89b8-67d700ceaa7d,A,2.0,False
A-4538,cd3064e6-07ae-4ed3-aa31-c6ae5d29d122,comment,9612b4af-6abd-4639-a4b0-e5bf258ad293,A,1.0,False
A-4539,33cdd51d-1d50-4f17-8450-6b3c1798d6e0,comment,962ea718-d956-4b05-84d2-f3c2735da9d8,A,2.0,False
A-4540,f7d445aa-9ee9-46d3-82ee-d9e5a241ee32,post,962ea718-d956-4b05-84d2-f3c2735da9d8,A,2.0,False
A-4541,78b01b0b-eaee-4da0-a855-a8091e032e61,post,96346703-dffe-4fe6-a47d-73a557c0a6cd,A,1.0,False
A-4542,5180cf71-7321-4815-9d77-dcef67104a82,comment,96437394-c7e4-4fc3-9ef4-36697cb8add9,A,4.0,False
A-4543,89671ed1-064c-472d-9db7-d325b3b64f0e,post,96437394-c7e4-4fc3-9ef4-36697cb8add9,A,4.0,False
A-4544,96856aeb-3550-426f-ba40-e281797e14f2,post,96437394-c7e4-4fc3-9ef4-36697cb8add9,A,4.0,False
A-4545,e0aaeb8b-00a9-4552-8ef8-df01d5fb3aeb,comment,96437394-c7e4-4fc3-9ef4-36697cb8add9,A,4.0,False
A-4546,02413d2b-54d5-4d04-b2cf-64256e6245c7,post,96485be1-bbda-42e9-8ed0-155013bd2485,A,1.0,False
A-4547,3147efbe-af63-412c-a593-ecf086239edf,post,96586297-cc50-4ecf-aaa8-aa1a2fc5ef20,A,1.0,False
A-4548,50d77752-2689-48a7-80f1-7dd721bd3c5a,post,9659007f-8cc0-4dbc-88ee-fd571a3d8574,A,1.0,False
A-4549,7c2acb20-e877-429e-a373-5664453a7c3c,post,96614487-f008-4c0d-9381-c71b52c82f45,A,2.0,False
A-4550,bc282f13-7d24-4c58-a146-3282799e2b7b,post,96614487-f008-4c0d-9381-c71b52c82f45,A,2.0,False
A-4551,0a2c5076-b930-418c-990a-49274fb38cad,comment,9664bbfc-2512-48d8-95a0-b74cf343141e,A,3.0,False
A-4552,4df40818-ba4b-4ab7-b996-f699808d41f4,post,9664bbfc-2512-48d8-95a0-b74cf343141e,A,3.0,False
A-4553,68d057a6-2baa-4c4b-952f-cf4032f37789,post,9664bbfc-2512-48d8-95a0-b74cf343141e,A,3.0,False
A-4554,9a82725b-c320-4a33-9a68-62fbe73439aa,comment,9677ea81-6f2d-416f-98ce-b2719f49245e,A,2.0,False
A-4555,a5ec950c-d035-49cc-81b3-d2251a2e1196,post,9677ea81-6f2d-416f-98ce-b2719f49245e,A,2.0,False
A-4556,fac8fa2c-f216-4216-aa92-5eb32bc18253,comment,96866c42-1850-4c2f-9ee9-575203fd186e,A,1.0,False
A-4557,1701f5f0-b41b-408b-bfb2-0dd59981a682,post,9687cf27-6b53-4188-a6e2-e531bd008404,A,3.0,False
A-4558,3fd9ff15-f3f7-4043-97cd-92ebafb02fd6,post,9687cf27-6b53-4188-a6e2-e531bd008404,A,3.0,False
A-4559,e0c18b5f-413d-4d1e-9b0a-673fe1e7220a,post,9687cf27-6b53-4188-a6e2-e531bd008404,A,3.0,False
A-4560,7c75a52a-4e7b-4216-b765-addc9e956717,post,96905e5b-c140-4e6a-9d51-0df0a013e478,A,1.0,False
A-4561,20d5f7f1-91e9-456e-9db0-3ab637866d22,comment,96985ba7-0532-481b-9ca0-de52867a168a,A,13.0,False
A-4562,38bfec02-5f79-4e1c-8b21-210e26a90ba1,comment,96985ba7-0532-481b-9ca0-de52867a168a,A,13.0,False
A-4563,51569b7e-8d22-4bce-a55c-97e42cf77d8a,comment,96985ba7-0532-481b-9ca0-de52867a168a,A,13.0,False
A-4564,57b95a50-cd61-4e51-8998-c82a9b4faee8,comment,96985ba7-0532-481b-9ca0-de52867a168a,A,13.0,False
A-4565,5ee616aa-3d39-4eef-b509-36916360f8b7,comment,96985ba7-0532-481b-9ca0-de52867a168a,A,13.0,False
A-4566,62f7a1f5-5937-4ea0-abca-0b5c5f35a230,comment,96985ba7-0532-481b-9ca0-de52867a168a,A,13.0,False
A-4567,643ef1e5-4ce4-4182-8e86-893eb3eb4f67,post,96985ba7-0532-481b-9ca0-de52867a168a,A,13.0,False
A-4568,705fe4d7-c75d-4add-a0b6-a913a8c6378b,post,96985ba7-0532-481b-9ca0-de52867a168a,A,13.0,False
A-4569,7bc2b552-808b-4303-81ce-076f6209749d,post,96985ba7-0532-481b-9ca0-de52867a168a,A,13.0,False
A-4570,b740caf8-e2d4-4f2e-b318-f4bbf2dd0dc0,comment,96985ba7-0532-481b-9ca0-de52867a168a,A,13.0,False
A-4571,ba4ecf7c-2b66-4f69-a276-6cebb02933c9,post,96985ba7-0532-481b-9ca0-de52867a168a,A,13.0,False
A-4572,c0b93d48-6d65-49ae-b397-cd293a27ca0b,comment,96985ba7-0532-481b-9ca0-de52867a168a,A,13.0,False
A-4573,ddc806fc-c13e-4828-91e7-45b72bc6ede6,comment,96985ba7-0532-481b-9ca0-de52867a168a,A,13.0,False
A-4574,5e31bea2-ad29-48fe-acce-40e38f4d2038,post,96fc3ab7-f4bd-4b61-85a9-e02b2aa07032,A,4.0,False
A-4575,74fccc82-881f-4efb-b0b1-f181d7f62147,post,96fc3ab7-f4bd-4b61-85a9-e02b2aa07032,A,4.0,False
A-4576,96d6f138-82e9-4ee1-968f-644d5aa6a743,post,96fc3ab7-f4bd-4b61-85a9-e02b2aa07032,A,4.0,False
A-4577,a451ceff-e4c3-4fc6-b9bf-dc15b945a3b7,post,96fc3ab7-f4bd-4b61-85a9-e02b2aa07032,A,4.0,False
A-4578,2ca90852-905f-4917-96ee-a1c79c3c3e6f,comment,96fce09c-8675-471d-97f0-a51eb5de754a,A,3.0,False
A-4579,4830b20f-3304-4d63-9549-3125f9bc396a,comment,96fce09c-8675-471d-97f0-a51eb5de754a,A,3.0,False
A-4580,9005016d-2804-4124-bc0e-29753ab6d077,comment,96fce09c-8675-471d-97f0-a51eb5de754a,A,3.0,False
A-4581,21bc866d-736c-4664-8370-4fb1a24b96c1,post,96ffb9a0-dc8d-4e1a-b3be-b19a528ae21f,A,2.0,False
A-4582,6fd37b2c-912d-4286-b976-160c5f444165,post,96ffb9a0-dc8d-4e1a-b3be-b19a528ae21f,A,2.0,False
A-4583,40176ac4-5cf3-4333-a8f7-2f0bc768cd52,comment,96ffc75f-e563-4680-98a5-9b25089274ec,A,3.0,False
A-4584,542bc53c-5f22-46c5-8ae1-19179fb42b73,comment,96ffc75f-e563-4680-98a5-9b25089274ec,A,3.0,False
A-4585,c5630f4d-3398-4cc1-bf5f-5023d3e8eb4a,comment,96ffc75f-e563-4680-98a5-9b25089274ec,A,3.0,False
A-4586,96cf94c6-eb21-44dd-ad66-111aeb8c1051,post,97095b4b-97df-46c0-9f98-eee60d60e1e5,A,1.0,False
A-4587,d4817340-4674-4177-9dfb-1b998d4968b5,post,97129fe2-f25e-4e1f-b828-13d1ff724cf7,A,1.0,False
A-4588,d97d0883-5f74-412e-874b-e29412a57ce9,post,97340647-1093-45ae-a0ee-aa027efb6abc,A,1.0,False
A-4589,258b83b7-8b12-4b5f-9ffc-e3ef75180993,post,9767981e-b46c-4244-ba1c-6654fc4b7abf,A,3.0,False
A-4590,3215cf89-25ae-4e8a-94d7-1d4f6075077c,post,9767981e-b46c-4244-ba1c-6654fc4b7abf,A,3.0,False
A-4591,7d2cd576-b57b-4595-baf2-86e960baf9ec,post,9767981e-b46c-4244-ba1c-6654fc4b7abf,A,3.0,False
A-4592,6a72de8a-05fa-4253-b063-d325590eee25,post,976b1959-c4f9-4a29-bc1c-41d52eb7be2f,A,1.0,False
A-4593,3a42629e-a788-4020-ad6d-62927bd92416,post,977462e1-16a0-4cdc-8c52-04503ffa4542,A,1.0,False
A-4594,dc0423a4-e08c-4cac-be42-230f0ef54b36,post,977ce7bd-e467-446b-9585-f3fc7d30c614,A,2.0,False
A-4595,ea937c33-8e76-4ddd-8888-3eae35c66c42,post,977ce7bd-e467-446b-9585-f3fc7d30c614,A,2.0,False
A-4596,c14deef9-11d9-486e-a9b2-e7537cc37e1a,comment,97a4a01f-8d70-4da6-9adc-06fd1d649258,A,1.0,False
A-4597,7e026664-6bf5-433f-8a8c-1d5400b9a49e,comment,97b01ea1-429a-46ef-b4c7-8d852054334c,A,2.0,False
A-4598,fbf33f87-23cc-43a8-81a4-32ef1dca038e,post,97b01ea1-429a-46ef-b4c7-8d852054334c,A,2.0,False
A-4599,d995269f-a503-48dc-a12a-e56ddf6f6131,post,97b7d8f6-462e-4cc9-adc5-84eb2747cfec,A,1.0,False
A-4600,1840fe5c-0273-415c-b59a-3200efa4b891,post,97c03900-4fc0-4abc-a3b8-0d5658c4cfec,A,2.0,False
A-4601,bad5e8d2-b20b-45f1-8308-949fa198a604,post,97c03900-4fc0-4abc-a3b8-0d5658c4cfec,A,2.0,False
A-4602,9ac62eb1-39a5-4b86-8a7c-9ce719b6cc3a,post,97e7ffb7-c5e9-47cd-a087-faca6e5c79ce,A,1.0,False
A-4603,f7dec72c-2e3a-4a9e-a54a-ddde2727bbb2,post,97f141ab-369d-4b44-83a5-9f52e029e5c9,A,1.0,False
A-4604,68398ed2-5c0f-47e2-8c2c-f096884516e7,post,97f1e9b7-ca31-4921-9432-38b4b9d55a8c,A,1.0,False
A-4605,5c068e92-2446-428b-8e25-8ede8711ba0b,post,980acec5-c1e3-4710-aa8b-61e34b1f5f0f,A,1.0,False
A-4606,1d3ba774-7366-43fd-909d-d8d8fc3d976e,post,980ea4fe-0119-4639-849a-157192bb4f34,A,1.0,False
A-4607,0e51f9d1-4c85-49aa-8017-2b70db1cbcd6,post,982c7326-b1ea-4851-81fd-0c59515d8f50,A,5.0,False
A-4608,2d418ad7-9f51-407f-b3d4-a685f66c2e10,comment,982c7326-b1ea-4851-81fd-0c59515d8f50,A,5.0,False
A-4609,817a448a-7297-4aed-b369-4d709e050355,post,982c7326-b1ea-4851-81fd-0c59515d8f50,A,5.0,False
A-4610,ca8bbc60-575b-4014-a11e-3cf2dc6e5e85,comment,982c7326-b1ea-4851-81fd-0c59515d8f50,A,5.0,False
A-4611,f835884b-23bd-46c6-8d4c-b37925035200,comment,982c7326-b1ea-4851-81fd-0c59515d8f50,A,5.0,False
A-4612,3b759817-ab0f-45eb-8450-8aab399583ff,comment,982d66c5-6aab-4ca7-b95d-b9f9ca423302,A,3.0,False
A-4613,4dfb3f7b-77e3-4a09-aa20-36a221834352,comment,982d66c5-6aab-4ca7-b95d-b9f9ca423302,A,3.0,False
A-4614,db7d968d-338c-42cd-9296-b3df92a74e6a,post,982d66c5-6aab-4ca7-b95d-b9f9ca423302,A,3.0,False
A-4615,05aecdcb-0d89-4c38-84d7-b37a8af01d89,comment,982e7518-3afe-4aee-a36f-a21b0a049cbb,A,8.0,False
A-4616,45dfe5dc-5d5a-4418-a0a0-5430c655ad1d,comment,982e7518-3afe-4aee-a36f-a21b0a049cbb,A,8.0,False
A-4617,465f0af9-7d8f-4f6a-8829-56cb7992f849,post,982e7518-3afe-4aee-a36f-a21b0a049cbb,A,8.0,False
A-4618,4f6b6414-ece8-4a55-ad38-c79b1471281f,post,982e7518-3afe-4aee-a36f-a21b0a049cbb,A,8.0,False
A-4619,9066d19b-58c3-4777-8537-66da83d5b1ed,post,982e7518-3afe-4aee-a36f-a21b0a049cbb,A,8.0,False
A-4620,c706e752-aa0c-4e90-b181-fe9587c5738e,post,982e7518-3afe-4aee-a36f-a21b0a049cbb,A,8.0,False
A-4621,e013a37f-e46d-474e-85e2-ca0893e6b510,post,982e7518-3afe-4aee-a36f-a21b0a049cbb,A,8.0,False
A-4622,e062bf33-819e-486f-9ff8-b64d02008cf2,post,982e7518-3afe-4aee-a36f-a21b0a049cbb,A,8.0,False
A-4623,7bdee98c-b4ce-4c93-aaaa-fb12d1019521,post,9848b5b8-9739-4f6a-933c-db60f2724335,A,1.0,False
A-4624,1844bc9e-8bd9-471e-a4e0-b11b2904ff7d,post,984e7149-032d-4d6b-b26b-cd1011aecf5e,A,2.0,False
A-4625,5d34753d-c0bf-49e2-9ba7-5993f3f02aeb,post,984e7149-032d-4d6b-b26b-cd1011aecf5e,A,2.0,False
A-4626,f2b37546-8c40-4152-8769-06cc4bbe68d8,post,9850f27f-b1f8-400b-9966-c067bafbbece,A,1.0,False
A-4627,c9b86cdf-32d3-4d8f-81df-7385d4d12056,post,985fbd21-ff26-42b5-b617-bbad944050f4,A,1.0,False
A-4628,666d6891-b466-4e8a-9696-c99b761b55f7,comment,98665535-847d-4a7b-a978-cca7ed4d7fb4,A,3.0,False
A-4629,89f251f7-f816-429f-b480-8e8396010362,post,98665535-847d-4a7b-a978-cca7ed4d7fb4,A,3.0,False
A-4630,cccd0973-eb7a-456e-be04-8b47a47cc81e,post,98665535-847d-4a7b-a978-cca7ed4d7fb4,A,3.0,False
A-4631,a7d01941-36d4-481b-8afd-0d7af443f180,post,98681296-f7ef-42e5-828d-f782a2504217,A,1.0,False
A-4632,82e79f73-f23a-4dea-a1d0-6f97df077aa7,post,98685367-96a3-41a1-8d06-c27979beb7cb,A,1.0,False
A-4633,3e95ef3b-4a23-491b-9e43-a1913bfbfbc9,post,98717f6d-3239-4e97-85b1-313a25315a21,A,1.0,False
A-4634,dc75d69f-7777-4762-92cf-22204acc81f4,post,988325f7-03c2-4f1a-96ef-72bcfa02bcff,A,1.0,False
A-4635,95877ec2-87bd-44cc-a094-c420dbb500ab,comment,98920a88-e38c-40fb-959c-34a2998ab8de,A,2.0,False
A-4636,ddd6b894-a0e9-4741-b1d0-1ebcfa0cec80,comment,98920a88-e38c-40fb-959c-34a2998ab8de,A,2.0,False
A-4637,65fc6713-daab-4414-88c9-027279c0765f,comment,989dd58c-8195-4459-8034-6efc6deb5a99,A,2.0,False
A-4638,d1bc1eb6-36ba-4d80-93d4-c62caca0a284,comment,989dd58c-8195-4459-8034-6efc6deb5a99,A,2.0,False
A-4639,56cefbe9-f985-4ec3-96fe-fb883a6323a4,post,98b75df3-544c-4759-b6fb-7c3ca311b51a,A,3.0,False
A-4640,ada3c436-4c5d-43ef-902e-e27d23cd80eb,post,98b75df3-544c-4759-b6fb-7c3ca311b51a,A,3.0,False
A-4641,e418aca4-1cd6-4b02-bfad-f76194fd729b,post,98b75df3-544c-4759-b6fb-7c3ca311b51a,A,3.0,False
A-4642,761f1876-ff0c-4ff9-9009-76e25d768790,post,98d05674-1ae4-4d9a-bfcd-3448c99cc290,A,1.0,False
A-4643,03ec9f5a-760c-4074-b6f3-a2ad37b74f46,post,99170d68-15f3-48c1-90b8-9791d4483730,A,12.0,False
A-4644,087c53ba-c6d1-4fee-9071-88de628d8cc9,comment,99170d68-15f3-48c1-90b8-9791d4483730,A,12.0,False
A-4645,11e17107-cbbc-40d7-bb78-d307cc99dc09,comment,99170d68-15f3-48c1-90b8-9791d4483730,A,12.0,False
A-4646,1e6fcde2-bb95-432f-b78e-e2a94e0eaa16,comment,99170d68-15f3-48c1-90b8-9791d4483730,A,12.0,False
A-4647,4fc48d92-ed67-487e-9b94-b460a66e2caa,comment,99170d68-15f3-48c1-90b8-9791d4483730,A,12.0,False
A-4648,618b4fd3-43a5-48b2-a480-11b8540288ec,comment,99170d68-15f3-48c1-90b8-9791d4483730,A,12.0,False
A-4649,67516fc5-75ed-4b34-a804-2ae0d1d21766,post,99170d68-15f3-48c1-90b8-9791d4483730,A,12.0,False
A-4650,7553ee6c-1c71-41af-ac47-6e791448e12b,comment,99170d68-15f3-48c1-90b8-9791d4483730,A,12.0,False
A-4651,841fca2c-371c-4c8b-8854-dc90091ef2af,post,99170d68-15f3-48c1-90b8-9791d4483730,A,12.0,False
A-4652,8fe27ea5-8deb-420a-b656-c094a96e2b51,comment,99170d68-15f3-48c1-90b8-9791d4483730,A,12.0,False
A-4653,bdcda7de-9fb8-49c8-948e-19e07c9d298e,post,99170d68-15f3-48c1-90b8-9791d4483730,A,12.0,False
A-4654,c27cfb6e-1bb3-408c-8f8f-8c285de94fa0,comment,99170d68-15f3-48c1-90b8-9791d4483730,A,12.0,False
A-4655,f95862bb-9cb5-4847-b2b9-5228a9da20d3,post,9960bf3e-2038-4023-a698-83f0d7c3164d,A,1.0,False
A-4656,0994207a-dc28-4c26-8227-48d51c4cebf5,post,99692a11-d5df-4e00-9928-6e9d4fb6f846,A,1.0,False
A-4657,ef140472-2eeb-45a8-8399-2491033c491d,post,9970ef0a-a396-4c63-afed-48ca3c6940fc,A,1.0,False
A-4658,11ef0e3f-3302-43ff-98c2-ca4e238200de,post,99724dbb-261c-4d1b-a88d-44754a03f31a,A,1.0,False
A-4659,9979bfd8-c4a7-4796-80b4-3a757ee4a0a7,post,9978b17c-d085-465a-94f2-e22957bc3701,A,1.0,False
A-4660,73f62dc8-8afe-41b1-b615-cde9ec181cca,post,9980d59e-a9b6-463b-88a7-88f631102085,A,2.0,False
A-4661,cea9ca59-9061-4766-a312-9b67ff7bc1ac,post,9980d59e-a9b6-463b-88a7-88f631102085,A,2.0,False
A-4662,947e7047-de64-47da-b868-87d59be2c754,post,99a48def-8929-4b03-b641-55dd94066ced,A,1.0,False
A-4663,79ad3c7e-49f2-4b7e-a9e8-f1bdc3a6e5a1,post,99b4187d-5fa4-4af5-bec1-68714992b256,A,1.0,False
A-4664,32874813-c068-4bfd-8fd0-ad93b407c850,comment,99b9f83b-cff8-4e60-9eab-8315072f46c4,A,2.0,False
A-4665,856d86c8-8837-4132-b40e-b2f6b6acf3fc,post,99b9f83b-cff8-4e60-9eab-8315072f46c4,A,2.0,False
A-4666,f91f97ea-2024-4464-93e6-8f09d19c419f,post,99f3cbdc-2c61-4a97-9804-dd7a2bd5aa31,A,1.0,False
A-4667,a02e0719-b544-4368-bd04-9979d24ef3a6,post,99fe6f2f-d36c-45a1-956c-8b4ae1cd07f5,A,1.0,False
A-4668,8bfe0bf6-5d36-4fbd-8e00-037d3d368969,post,9a0a8e2e-f791-46dd-a62d-fe0f647ed627,A,1.0,False
A-4669,75d307cb-7478-44fa-98b7-89e9609174a9,post,9a1a8cc2-3319-485b-a7c4-867fbcff0614,A,1.0,False
A-4670,9acb6177-5c78-4368-8438-9482b3a5c4b8,comment,9a7363c0-6042-40cd-8ab1-f831b7453f40,A,1.0,False
A-4671,2c32ab12-9756-4724-abed-226393fa25ec,comment,9a838aa0-647a-47ba-841c-19291d05a276,A,4.0,False
A-4672,6eb05317-1719-4b6b-9d52-f21bd77138be,comment,9a838aa0-647a-47ba-841c-19291d05a276,A,4.0,False
A-4673,84d1990e-22d3-4dbf-ac1f-8576afaa3758,post,9a838aa0-647a-47ba-841c-19291d05a276,A,4.0,False
A-4674,b465ac3e-7f1c-4819-bd0d-8def10f4f187,post,9a838aa0-647a-47ba-841c-19291d05a276,A,4.0,False
A-4675,1dc597bc-b285-4594-83ac-cdda4114dbe5,comment,9a8aed1a-4c58-4e07-a07c-9364ddd8c86d,A,2.0,False
A-4676,9a93baae-3598-4e7c-a5eb-e3b5c88fe532,post,9a8aed1a-4c58-4e07-a07c-9364ddd8c86d,A,2.0,False
A-4677,3d07ba4d-fefe-4b05-b283-def7bdc1d8f2,comment,9a9ae869-4d8c-40a0-a430-4079cf82605d,A,2.0,False
A-4678,44e18748-9bd5-4a93-9bce-9292ad5436ac,comment,9a9ae869-4d8c-40a0-a430-4079cf82605d,A,2.0,False
A-4679,01aab2df-3ca4-40b2-a236-bddcc6e8b16c,post,9aa5cd56-c7fb-4dd7-b1a6-4cbf84ac2b1d,A,4.0,False
A-4680,1ef3591f-78d4-4604-80a4-0995d247155c,post,9aa5cd56-c7fb-4dd7-b1a6-4cbf84ac2b1d,A,4.0,False
A-4681,54dcf90b-2af3-4b56-9e34-2c11f02bb641,post,9aa5cd56-c7fb-4dd7-b1a6-4cbf84ac2b1d,A,4.0,False
A-4682,81776c08-e6f8-454c-bc1d-3d76bcebcfbf,post,9aa5cd56-c7fb-4dd7-b1a6-4cbf84ac2b1d,A,4.0,False
A-4683,84381370-829f-420e-8448-2d7be5a14d16,post,9aafb468-77c4-4bb5-8cdc-c7c25f52e306,A,3.0,False
A-4684,b9f446bc-bbb9-4eb1-b2a7-6568c97c8d3a,comment,9aafb468-77c4-4bb5-8cdc-c7c25f52e306,A,3.0,False
A-4685,db59b366-d2c4-43d7-9198-99affc7bed9a,post,9aafb468-77c4-4bb5-8cdc-c7c25f52e306,A,3.0,False
A-4686,12dd7381-2924-4936-b026-e1be0ae0fd5e,comment,9ab440ed-9579-4298-9fe4-68d848e28f89,A,20.0,False
A-4687,bd71df80-7ad7-49b4-8e91-f2d100bd74bd,comment,9ab440ed-9579-4298-9fe4-68d848e28f89,A,20.0,False
A-4688,1c95f6c3-a901-467f-9c21-3e47f46f5068,comment,9ab440ed-9579-4298-9fe4-68d848e28f89,A,20.0,False
A-4689,431eb2f1-0948-4a28-82f7-75a449ab7632,post,9ab440ed-9579-4298-9fe4-68d848e28f89,A,20.0,False
A-4690,90561aba-4438-477b-a553-8339c076a6f8,comment,9ab440ed-9579-4298-9fe4-68d848e28f89,A,20.0,False
A-4691,7adf45b2-f54c-4b35-a2ba-7b40fbe1f0ca,comment,9ab440ed-9579-4298-9fe4-68d848e28f89,A,20.0,False
A-4692,f2d9c6d8-92d3-443f-be23-e7c53a8321d4,comment,9ab440ed-9579-4298-9fe4-68d848e28f89,A,20.0,False
A-4693,5f269378-233d-4bb8-a90f-3f6decfdd393,post,9ab440ed-9579-4298-9fe4-68d848e28f89,A,20.0,False
A-4694,fc5edf47-f078-4f02-b63a-304eb832fa1e,post,9ab440ed-9579-4298-9fe4-68d848e28f89,A,20.0,False
A-4695,538c5522-ddb5-4daf-9994-b21eaebe4d4b,post,9ab440ed-9579-4298-9fe4-68d848e28f89,A,20.0,False
A-4696,b281da14-dd57-429b-aca0-2b8a43b5dfed,comment,9ab440ed-9579-4298-9fe4-68d848e28f89,A,20.0,False
A-4697,e7e3bb94-b076-4928-ab62-bfba610d4a2c,comment,9ab440ed-9579-4298-9fe4-68d848e28f89,A,20.0,False
A-4698,7afc8b75-4e55-41be-9f73-133188a76539,comment,9ab440ed-9579-4298-9fe4-68d848e28f89,A,20.0,False
A-4699,d01ee105-4066-4458-8e5a-4225f90e5be7,comment,9ab440ed-9579-4298-9fe4-68d848e28f89,A,20.0,False
A-4700,4049338e-8936-45aa-a0c6-4727010a8555,post,9ab440ed-9579-4298-9fe4-68d848e28f89,A,20.0,False
A-4701,59766fea-3f95-40c7-a686-a912da30b57c,post,9ac959fc-0c15-4287-8475-adfef50479d5,A,1.0,False
A-4702,b0c9eb54-e58f-45dd-9340-0c06e3cbd668,post,9b2e2738-31fe-45cf-90ed-7c77d6e5a3cb,A,1.0,False
A-4703,2978e8cc-a1e5-40c6-8ac1-61c0fcb235f5,post,9b5434b9-a26f-4ca7-926d-6a58366a6905,A,5.0,False
A-4704,92c7ef4e-2437-4b34-82bc-de9aa0bd6e2e,comment,9b5434b9-a26f-4ca7-926d-6a58366a6905,A,5.0,False
A-4705,b317ca02-a1fb-41e2-9764-9d83c1a10c81,comment,9b5434b9-a26f-4ca7-926d-6a58366a6905,A,5.0,False
A-4706,f074d65c-7896-4f20-a480-ddee23ea1250,post,9b5434b9-a26f-4ca7-926d-6a58366a6905,A,5.0,False
A-4707,fcefc600-4606-45ef-a305-a941cacd3849,post,9b5434b9-a26f-4ca7-926d-6a58366a6905,A,5.0,False
A-4708,501ac2ff-9628-4297-b0ae-634687976924,post,9b5cb2a4-8441-4371-a528-f7563d3eb172,A,28.0,False
A-4709,53c59ba4-ca5e-48c1-8bf7-8eca32d28042,comment,9b5cb2a4-8441-4371-a528-f7563d3eb172,A,28.0,False
A-4710,77eaa3e9-fb05-4893-9099-4b120ae26f22,comment,9b5cb2a4-8441-4371-a528-f7563d3eb172,A,28.0,False
A-4711,717f1f0c-8e7a-48a6-b5ea-5c8dfcba4e25,comment,9b5cb2a4-8441-4371-a528-f7563d3eb172,A,28.0,False
A-4712,3fc88df7-b11e-4a83-8ca4-7184b79d0454,comment,9b5cb2a4-8441-4371-a528-f7563d3eb172,A,28.0,False
A-4713,5a4667ea-b8e8-4197-89e4-f47f36544444,comment,9b5cb2a4-8441-4371-a528-f7563d3eb172,A,28.0,False
A-4714,c886f6f4-0838-4f35-b631-93cc4616120d,post,9b5cb2a4-8441-4371-a528-f7563d3eb172,A,28.0,False
A-4715,40b81e06-9ad7-4fb1-9367-4af1a617e198,comment,9b5cb2a4-8441-4371-a528-f7563d3eb172,A,28.0,False
A-4716,51f17b49-ad87-4579-875d-71da887171ed,comment,9b5cb2a4-8441-4371-a528-f7563d3eb172,A,28.0,False
A-4717,574828e9-09de-4e2e-8111-eaeac46bad1f,comment,9b5cb2a4-8441-4371-a528-f7563d3eb172,A,28.0,False
A-4718,6f7dbffe-50a6-4ed1-93eb-a40563e26241,post,9b5cb2a4-8441-4371-a528-f7563d3eb172,A,28.0,False
A-4719,141323c2-ad55-420a-8671-4e9ac1d4c3a1,comment,9b5cb2a4-8441-4371-a528-f7563d3eb172,A,28.0,False
A-4720,6a248fad-7227-4c1d-a3ec-db106fd136cc,post,9b5cb2a4-8441-4371-a528-f7563d3eb172,A,28.0,False
A-4721,57f36df9-8403-484e-9454-9c8fc9ee4b9b,comment,9b5cb2a4-8441-4371-a528-f7563d3eb172,A,28.0,False
A-4722,5cc47f52-585c-4fec-86e3-6b0a0045e516,comment,9b5cb2a4-8441-4371-a528-f7563d3eb172,A,28.0,False
A-4723,3460f8e4-b91c-41ac-817d-43133b8eae61,post,9b604911-e8f1-4d38-aed1-ad8661b58ce3,A,1.0,False
A-4724,b4da5449-5f8e-496d-a1cd-9c07016e88ef,post,9b70e8f1-36cb-4611-8bf2-5eab99b55802,A,1.0,False
A-4725,4fcb95e2-996b-4063-bba4-1c4dc8d901b7,post,9b712a81-c4db-4489-b54c-39695030c021,A,1.0,False
A-4726,d52cd550-1ff9-4377-9bbf-c4ff39465787,post,9b853e8a-7002-455f-9308-6d8bb67ea8b1,A,1.0,False
A-4727,7cac1589-d810-480f-a95f-19a1e0b41089,post,9baad939-d98a-480e-a9d9-78e1460d5fb4,A,2.0,False
A-4728,be23c9c7-bb25-496f-98ad-13b4405ba8f3,comment,9baad939-d98a-480e-a9d9-78e1460d5fb4,A,2.0,False
A-4729,c038c936-5a67-446c-bad7-bade3b2e19c6,post,9c07b6ee-bc74-40eb-ac22-3d78c4db22f1,A,1.0,False
A-4730,17cb924e-f8c5-4dfb-83fd-d68a08f9d433,post,9c0a1d12-a057-4bf7-a303-e71eb770a0ed,A,1.0,False
A-4731,81c237fc-f676-4d78-bc06-051fa3513f5e,post,9c1b0271-68d4-4a4c-90f0-9ce5a97b6f1e,A,1.0,False
A-4732,1921b531-5558-49d4-a60c-79075f495fe7,post,9c3d7944-d4bf-4863-9646-69608761bbea,A,2.0,False
A-4733,53c59713-80ea-4568-a715-c198f576a0d2,post,9c3d7944-d4bf-4863-9646-69608761bbea,A,2.0,False
A-4734,fac47d3d-5787-4bdc-8179-bf9d57060141,post,9c43d17a-c70a-4aa6-93b9-e0c13f176af7,A,1.0,False
A-4735,0a0bd8d0-ab92-45ae-8c06-f65df390ec68,comment,9c4953cd-091a-4c14-8b82-4b97032df244,A,4.0,False
A-4736,2b90c7bb-8d99-48cc-a44d-98c738dea624,comment,9c4953cd-091a-4c14-8b82-4b97032df244,A,4.0,False
A-4737,4d661813-459c-4c70-aed1-b595ffc496c4,post,9c4953cd-091a-4c14-8b82-4b97032df244,A,4.0,False
A-4738,764c4a73-9691-413a-bb90-3d7e42c597ce,post,9c4953cd-091a-4c14-8b82-4b97032df244,A,4.0,False
A-4739,4ab449ea-2c8f-4b46-a5a2-72abcd47f9e2,post,9c4d8a62-83c5-434e-86a3-2666bb292b2f,A,3.0,False
A-4740,750bc176-0b89-4531-8cd2-4690f4aa2594,post,9c4d8a62-83c5-434e-86a3-2666bb292b2f,A,3.0,False
A-4741,7ef507a7-37bd-4a10-9258-fd91070f98f7,comment,9c4d8a62-83c5-434e-86a3-2666bb292b2f,A,3.0,False
A-4742,101e0a73-0fb7-4bd9-b59f-48c4a40d858f,post,9c8e3630-4871-431b-9fed-cc32a455960b,A,3.0,False
A-4743,167db296-287b-4f97-b1fd-ca7b05d0b75c,post,9c8e3630-4871-431b-9fed-cc32a455960b,A,3.0,False
A-4744,f3de86dc-c3e9-4085-b006-e51cfe930b20,comment,9c8e3630-4871-431b-9fed-cc32a455960b,A,3.0,False
A-4745,b94c5623-a57f-4359-b66a-c16fa2d54194,post,9c8fabdd-7839-4e57-affb-b0a39470d7f1,A,1.0,False
A-4746,a0c1df3c-e6d7-4018-ae92-48b30f9337b0,comment,9cb4a65d-250d-42d5-87c3-46476188e2f9,A,2.0,False
A-4747,af390fab-8a41-42f3-8f2c-6834bfa3c7d4,post,9cb4a65d-250d-42d5-87c3-46476188e2f9,A,2.0,False
A-4748,d1f5273a-3f17-4060-b837-5f991f396af7,comment,9cbe3319-b61d-4b1e-a1bc-c9480a2d2bc1,A,2.0,False
A-4749,feba68b9-bf11-4761-84cb-2f5bd28ab5ba,post,9cbe3319-b61d-4b1e-a1bc-c9480a2d2bc1,A,2.0,False
A-4750,67c99745-5a61-44f4-befd-c3f36780fa7d,comment,9cd11d9e-c9d3-4ae3-a2c7-c718f39dbb04,A,2.0,False
A-4751,a71d2347-db8c-4178-86aa-23ab4741a227,post,9cd11d9e-c9d3-4ae3-a2c7-c718f39dbb04,A,2.0,True
A-4752,50781ffa-f1c5-4e86-90f3-e59bbc7d5679,post,9ce62a98-1ea0-4f91-b6d5-d10a3b92338b,A,1.0,False
A-4753,36b5cd72-ad81-4b0b-8a33-c7b82084ca36,comment,9ce974bf-5219-41e2-b7fb-8ca38fb1109b,A,2.0,False
A-4754,392630ce-433c-4030-a3fe-ca113c32945a,comment,9ce974bf-5219-41e2-b7fb-8ca38fb1109b,A,2.0,False
A-4755,a88c9b66-93b3-45ae-8ec4-b3c0a9409b88,post,9d114522-8b88-4dab-8bd2-6c49ecf8cec8,A,1.0,False
A-4756,7edba00a-c44f-4c40-8c63-d9106e6542c4,post,9d3591a7-029b-4eac-b23d-90ad61da874a,A,1.0,False
A-4757,86e1f692-6bbc-490e-8505-25223fc4853a,comment,9d40c16f-7a6a-4497-b739-e11472a21cf3,A,1.0,False
A-4758,585efbfc-79d5-4af2-8299-ec61ea8bd429,post,9d41d67a-80f4-4cf7-8369-3c93a094abd7,A,1.0,False
A-4759,b9312178-a52e-4deb-b977-bf319ab69297,post,9d4e9b44-d526-4410-a69f-7abf065b3889,A,1.0,False
A-4760,72e1e820-42e2-4255-b458-e2d1cdf00e2b,post,9d7e51d5-d403-4a4c-832b-07e759f03c8e,A,1.0,False
A-4761,b7991a0a-6c39-4261-a265-b014db49ac2e,comment,9da28e49-d736-42c2-b295-8a1154674d3b,A,1.0,False
A-4762,d428f90d-c1c0-41a3-a263-3f940914e6e2,post,9db3dc6d-4831-4ceb-81b9-ac463a24e731,A,1.0,False
A-4763,a5fce8d1-fe9f-4633-a42d-d0f50e61e101,post,9de1a8b6-69ac-4476-8070-aebefd17a616,A,3.0,False
A-4764,b8ddd6f1-e4ed-4852-8b46-b2e33c32d493,comment,9de1a8b6-69ac-4476-8070-aebefd17a616,A,3.0,False
A-4765,d4329cff-fe6f-452b-8b62-e42021ded37b,comment,9de1a8b6-69ac-4476-8070-aebefd17a616,A,3.0,False
A-4766,f11f4a6b-02c9-462c-bee9-64bb9d2e76b8,comment,9de92fce-a22b-4cac-9a74-8a1fc24acf81,A,1.0,False
A-4767,3b64eb9f-babc-4d84-bda5-438762a23f07,post,9e096a22-e738-45a9-9225-c60253339466,A,2.0,False
A-4768,59f5724a-74d6-4b2e-a5d9-09b91ff56921,comment,9e096a22-e738-45a9-9225-c60253339466,A,2.0,False
A-4769,453b16a3-19bc-4d13-a6db-c48f052be1b6,comment,9e0efcbf-6b56-4717-8760-3758cfcff464,A,9.0,False
A-4770,4ae6e6c5-bc47-4f76-a24f-e5ac0ab627b5,comment,9e0efcbf-6b56-4717-8760-3758cfcff464,A,9.0,False
A-4771,5a727103-5518-40db-8055-87ca47db4ba5,comment,9e0efcbf-6b56-4717-8760-3758cfcff464,A,9.0,False
A-4772,94385cdd-5437-4a23-86a0-de129c176097,post,9e0efcbf-6b56-4717-8760-3758cfcff464,A,9.0,False
A-4773,9af23b52-45f7-4f19-93da-af2894eb17f0,post,9e0efcbf-6b56-4717-8760-3758cfcff464,A,9.0,False
A-4774,a2eb79c0-302b-41d5-a183-4cf693d3d78a,comment,9e0efcbf-6b56-4717-8760-3758cfcff464,A,9.0,False
A-4775,b1385ede-32fc-438c-a5c9-47c7da764a20,post,9e0efcbf-6b56-4717-8760-3758cfcff464,A,9.0,False
A-4776,de535e8a-8609-4247-a39c-1a34022ac7fc,comment,9e0efcbf-6b56-4717-8760-3758cfcff464,A,9.0,False
A-4777,e24cac2a-27eb-4151-9015-06f3dfd55c73,post,9e0efcbf-6b56-4717-8760-3758cfcff464,A,9.0,False
A-4778,b48d2f7f-727d-4c2a-aaf3-f6347b337609,post,9e1e9892-30c8-4300-9113-48c2b39100e0,A,1.0,False
A-4779,a0ea21fe-a696-4dc6-951e-f643e66717cd,post,9e49fb39-c49b-4436-ad0d-510cdb223561,A,1.0,False
A-4780,747da418-ae3b-4ec0-96a6-5796f00e59c4,post,9e7e8c73-7867-4478-a032-47bdb54eae4e,A,1.0,False
A-4781,519c7aa9-14a1-4f35-a44d-bd57931c972e,post,9ea8685b-f969-4ef2-bdf8-e5594e9c6ec7,A,2.0,False
A-4782,e8f5ce50-94c6-48aa-8c5a-f2402084cf19,post,9ea8685b-f969-4ef2-bdf8-e5594e9c6ec7,A,2.0,False
A-4783,a52ef5b8-0111-4807-b54e-08edcad3e96e,post,9eaf1411-0bbd-422b-86fc-043ae3d64444,A,2.0,False
A-4784,e66534bb-2ccb-4fda-a1c8-dd6f4e3ff676,post,9eaf1411-0bbd-422b-86fc-043ae3d64444,A,2.0,False
A-4785,61eef0ef-55ef-4ed3-9f92-cd3bc80a5a55,post,9ed4d58c-4491-45ce-900d-20f39d9e77ed,A,1.0,False
A-4786,91370674-63e0-48b9-8ff2-29722729895e,post,9ee52cd7-9d61-4f63-b1b5-2eadffdb0412,A,3.0,False
A-4787,a1d2db92-6d08-4d83-8904-7e405f14e686,comment,9ee52cd7-9d61-4f63-b1b5-2eadffdb0412,A,3.0,False
A-4788,a3af9b57-8451-4894-9c79-d3b8f655d7df,post,9ee52cd7-9d61-4f63-b1b5-2eadffdb0412,A,3.0,False
A-4789,3aaf7656-a31b-4a75-a01d-edf53d139bb4,post,9f57764d-3770-451f-89a3-318bb0b1a711,A,6.0,False
A-4790,68b7ca4a-5c75-4177-bcf6-d9f6ddeb2296,post,9f57764d-3770-451f-89a3-318bb0b1a711,A,6.0,False
A-4791,b1f2e43c-0299-4b21-aeed-479eb9aa9571,comment,9f57764d-3770-451f-89a3-318bb0b1a711,A,6.0,False
A-4792,bfc01c2e-0066-49b5-828a-26c2fb4e2ac6,post,9f57764d-3770-451f-89a3-318bb0b1a711,A,6.0,False
A-4793,f1401f51-4344-495c-8a96-bfcb860aa5b2,post,9f57764d-3770-451f-89a3-318bb0b1a711,A,6.0,False
A-4794,f55a0308-cb95-4f0d-bec3-e3cc015a8ffe,post,9f57764d-3770-451f-89a3-318bb0b1a711,A,6.0,False
A-4795,9719d7c8-8dc5-4644-b0a9-bfd8f0fde27a,post,9f6284ff-1bdd-42cc-965e-a34d45372576,A,1.0,False
A-4796,0a44005a-5b5d-4c03-8af7-b3511c9ef001,post,9f6fc30a-9c87-4304-b6cc-c4bc2adc58a8,A,1.0,False
A-4797,a769a0d4-dddd-4527-85b0-578091c005ef,post,9f83ef6b-689b-46eb-9555-23a9953b3022,A,1.0,False
A-4798,a3ae5d7b-bc29-4d99-a1d0-8b513ca52ae4,post,9f9b707f-c91f-4f81-af4b-8c8a1f9109b9,A,1.0,False
A-4799,d9d99db0-f82e-41a7-93ae-d68157da78fc,post,9f9d62b2-c8b2-4e4b-8e15-81aeb3596e71,A,1.0,False
A-4800,93cbeea8-ece5-4a07-9a9b-d8770dcee758,post,9fa8cf55-34db-4fc0-a191-4fc152811400,A,1.0,False
A-4801,8104fa3e-3d85-4281-9345-2fc4f1941295,post,9fb494d1-468d-4d43-92b6-b3b7aed601bb,A,1.0,False
A-4802,dda76766-0dbe-473f-ae93-e19b5413f201,post,9fd064f0-22d9-4935-a034-21d78b18dc42,A,2.0,False
A-4803,ecce2a69-5d56-4c99-aa23-18090ede221d,comment,9fd064f0-22d9-4935-a034-21d78b18dc42,A,2.0,False
A-4804,081113b9-92c4-44f9-b06f-6241682e1285,post,9fd144c3-3638-4dbe-8751-7bb8e5dd46bf,A,3.0,False
A-4805,17f0d825-da73-4496-a8a7-7b7b10e77b3c,comment,9fd144c3-3638-4dbe-8751-7bb8e5dd46bf,A,3.0,False
A-4806,d68bc3c9-130a-4ed7-b1d7-5ad64ac3cf07,post,9fd144c3-3638-4dbe-8751-7bb8e5dd46bf,A,3.0,False
A-4807,f4893786-171c-4964-8f40-4acf2891b8b8,post,9fdbd36a-8020-4759-be7e-25f23dd4a3f0,A,1.0,False
A-4808,d2add414-ffd4-4f3d-a6db-c6a395c8a4fb,post,9ffa4562-d43d-4a2f-85c6-8e804a5e9fe3,A,1.0,False
A-4809,815a4004-4499-4bdd-afbe-8b0dd92af45f,post,9ffda9e7-b332-45e6-b17b-993f05c163e3,A,1.0,False
A-4810,6c51ae93-992e-4ef7-b329-57cecfd2d0da,post,a0106389-cc4c-44a3-876c-0c59fe5f2c26,A,1.0,False
A-4811,cd298cf9-3321-4f7d-b8ea-d0cd551b8a3f,post,a0128e7c-8f5e-4077-ae03-9cca966b9591,A,1.0,False
A-4812,743406a9-c1ff-4f69-8c28-7b809675ec2c,post,a02a8509-3bdf-4097-9702-a828bc03868c,A,1.0,False
A-4813,65ec3e32-f3f0-4b7d-bf96-3bf1fb58080d,post,a03d4ae2-9805-41d7-a6aa-a822a8b8bec4,A,1.0,False
A-4814,01a9d2d8-eaba-4b56-bd1a-3ab04be5bb2f,post,a03f0055-e086-4d8d-acb8-1d097bc15874,A,2.0,False
A-4815,824f1370-597c-4d19-b156-88687df7f4fb,post,a03f0055-e086-4d8d-acb8-1d097bc15874,A,2.0,False
A-4816,21903f00-bb40-4625-9ad1-45afe154c228,post,a0485332-eb35-4b5d-a893-325bbf097c27,A,1.0,False
A-4817,59943d43-853e-4e27-a62f-0a9e79c3cbec,post,a08613ad-919a-4651-815b-2aff9141b844,A,1.0,False
A-4818,1a86f9ab-63d3-425f-ac44-0a90f2a23ba5,post,a0887e2d-9616-4d0b-8388-3e198812eac9,A,2.0,False
A-4819,cd095989-b20e-44f2-8527-4dfbd4379fe3,post,a0887e2d-9616-4d0b-8388-3e198812eac9,A,2.0,False
A-4820,e73291b5-ed41-4c30-9268-25c29a394cdc,post,a09470fa-0df6-4ed7-9469-bbe5119b531a,A,1.0,False
A-4821,b3150c51-6484-4a6e-84bc-0b336f423b21,post,a0b2b22e-140f-4ba9-8984-7cea269c2f29,A,2.0,False
A-4822,f5f50180-56f9-4981-a1a2-5d6e62fe3e05,post,a0b2b22e-140f-4ba9-8984-7cea269c2f29,A,2.0,False
A-4823,624bbab9-f954-40c7-a3fa-7abf42169cf0,comment,a0e7a74e-ab3a-4a60-bab3-1aa46b8445c3,A,2.0,False
A-4824,9ce1d731-867c-4554-9933-a01867f3eff3,comment,a0e7a74e-ab3a-4a60-bab3-1aa46b8445c3,A,2.0,False
A-4825,f4e46b30-b2c5-424c-b4a2-7a8523de2a9a,post,a0e7f5bb-76c2-435d-8b10-62f12a3685ee,A,1.0,False
A-4826,c1b5f39a-b605-4fb1-a80b-1e609ec3f9ad,post,a0fda8a9-07e1-41c1-a575-9bace9daaaaa,A,1.0,False
A-4827,4f847fd3-e97a-453b-9ada-53ab9ca19c61,comment,a116fcaf-c926-4b71-bd0f-683eccef0c17,A,1.0,False
A-4828,79ea5a22-ad63-4675-a22c-04e731423906,comment,a123f78d-8490-4666-95a0-b3cb8a7a7fe5,A,2.0,False
A-4829,caf2b752-7124-4289-b5bc-28df50fefacc,post,a123f78d-8490-4666-95a0-b3cb8a7a7fe5,A,2.0,False
A-4830,3b098b1f-08fe-46c7-a11d-4da66ff78ad2,post,a1298bab-4020-4546-b64d-745d42818202,A,13.0,False
A-4831,6078671c-4799-4ce8-a14b-1f1da57f81f5,post,a1298bab-4020-4546-b64d-745d42818202,A,13.0,False
A-4832,8459060e-ae08-4350-9566-3939f6745548,comment,a1298bab-4020-4546-b64d-745d42818202,A,13.0,False
A-4833,907ec11a-5e02-4243-af96-f02d2f8e93ac,comment,a1298bab-4020-4546-b64d-745d42818202,A,13.0,False
A-4834,95bc1fd3-e51e-4b9b-9693-a509d01fb024,post,a1298bab-4020-4546-b64d-745d42818202,A,13.0,False
A-4835,9c22c30f-67bc-4cd0-ab73-435dcf02839f,comment,a1298bab-4020-4546-b64d-745d42818202,A,13.0,False
A-4836,9c70cb3e-7456-4057-b620-63066a48a4a9,comment,a1298bab-4020-4546-b64d-745d42818202,A,13.0,False
A-4837,a63dd00a-bed5-4e7c-834e-87a35c7c4c73,comment,a1298bab-4020-4546-b64d-745d42818202,A,13.0,False
A-4838,b699f035-ee3c-4414-88e6-2abf96b9377b,post,a1298bab-4020-4546-b64d-745d42818202,A,13.0,False
A-4839,cef1cfb6-0086-4015-8f7b-89272f504600,post,a1298bab-4020-4546-b64d-745d42818202,A,13.0,False
A-4840,d8dea9d4-8c90-42c7-bb10-c16e502eeb41,comment,a1298bab-4020-4546-b64d-745d42818202,A,13.0,False
A-4841,de40d25d-360a-48ae-8b6b-b1b40fa8cc2a,post,a1298bab-4020-4546-b64d-745d42818202,A,13.0,False
A-4842,f8f83661-6e55-4d27-af19-26f5ae052a21,comment,a1298bab-4020-4546-b64d-745d42818202,A,13.0,False
A-4843,0441d5e4-ad01-45e4-adeb-072f599a692d,post,a133f4a4-95dd-4e63-88d3-0570261e2b2c,A,6.0,False
A-4844,4111be4e-169b-407c-ad82-5e4fc626167a,post,a133f4a4-95dd-4e63-88d3-0570261e2b2c,A,6.0,False
A-4845,74ab2e7b-3778-40fe-9341-d6220c405023,post,a133f4a4-95dd-4e63-88d3-0570261e2b2c,A,6.0,False
A-4846,d0350278-2ac8-4397-9ef8-49f9d81e31ad,post,a133f4a4-95dd-4e63-88d3-0570261e2b2c,A,6.0,False
A-4847,ef8fd39d-e391-4b70-9494-4550f938536f,post,a133f4a4-95dd-4e63-88d3-0570261e2b2c,A,6.0,False
A-4848,f5ac6492-9864-4961-b3ec-f7e1671db0bb,post,a133f4a4-95dd-4e63-88d3-0570261e2b2c,A,6.0,False
A-4849,0e84a0ca-4dbe-428d-85ca-2fd8e9ef198d,post,a1453153-6d24-4943-b32d-8f7e16117a3f,A,1.0,False
A-4850,c8bfe07f-71df-4f09-bb64-ae5e2c41636f,post,a1896021-7453-43b3-91db-24af0c22f4a3,A,1.0,False
A-4851,225aa50d-251a-4655-bdac-e900cd8a0457,post,a1aa852d-e9e1-471c-8f9e-563eca1565a7,A,2.0,False
A-4852,815bcce8-f3d7-4c34-9ab7-e012ab529ccf,post,a1aa852d-e9e1-471c-8f9e-563eca1565a7,A,2.0,False
A-4853,2e29ce1f-7a05-4675-8e0b-3a9006be9961,post,a1c43aa0-8c4f-40aa-9ce6-4cca73518c4d,A,3.0,False
A-4854,5a840aea-8242-41c7-9f3c-d0ecac4fbfec,post,a1c43aa0-8c4f-40aa-9ce6-4cca73518c4d,A,3.0,False
A-4855,99a1f4b4-f3f9-4c14-83fd-c79f2468c607,post,a1c43aa0-8c4f-40aa-9ce6-4cca73518c4d,A,3.0,False
A-4856,382c2626-f7f0-49c1-9261-16482de9da17,post,a2063d73-ebd8-4f63-b9b0-d996deaec056,A,4.0,False
A-4857,81e78cbc-0410-490f-8df1-8ce6c50f1a95,post,a2063d73-ebd8-4f63-b9b0-d996deaec056,A,4.0,False
A-4858,b7e966dd-5ab8-4c46-b3b1-3a08a4b969c4,post,a2063d73-ebd8-4f63-b9b0-d996deaec056,A,4.0,False
A-4859,d5010890-f8c1-4645-8c48-f9a4bc142bf2,post,a2063d73-ebd8-4f63-b9b0-d996deaec056,A,4.0,False
A-4860,d01f9291-f183-4d96-b3f4-25d948fd8d76,post,a21d3e15-416f-4fc5-b657-054ff3b24474,A,1.0,False
A-4861,c1fb61de-515b-4a39-8a16-6f38c5b93b91,post,a226f9b9-d62e-45cf-bb83-0b44ca6f1e4a,A,1.0,False
A-4862,7f77227e-e999-4410-bdad-3e4fefd7ff3a,post,a26c69d3-b823-4520-b264-86f18e2c2e42,A,1.0,False
A-4863,cd6427a4-cba6-4492-a16e-d973a8b3d637,comment,a277116f-f81a-4eb2-94ca-6d00805d31d4,A,1.0,False
A-4864,619d7a15-59a0-4600-b88e-9cfe255c672a,post,a27d0ead-08a2-498d-8c9b-2fd416cfdd8e,A,1.0,False
A-4865,571566e3-95fc-4d78-a0dd-9659f248fc76,post,a28b4834-2ad0-4322-9f9f-9eaf0789389e,A,4.0,False
A-4866,84993930-74fb-4968-8ca8-34c301a5bce1,post,a28b4834-2ad0-4322-9f9f-9eaf0789389e,A,4.0,False
A-4867,8a34fa55-1195-4ef1-9c18-59622ba0f9a2,post,a28b4834-2ad0-4322-9f9f-9eaf0789389e,A,4.0,False
A-4868,fb3cb11a-3fdb-486e-9797-90ec52a299cf,post,a28b4834-2ad0-4322-9f9f-9eaf0789389e,A,4.0,False
A-4869,5aab5fdc-bfeb-4c76-8f86-ac417f7a121b,post,a28d6716-0277-420f-8469-ff48d9a653e1,A,1.0,False
A-4870,4ecd511e-5101-4eba-9a12-c425028337df,post,a2a7624f-b5d3-44c6-a56e-4b91581ea700,A,1.0,False
A-4871,5edd66ec-0158-46f8-bcc5-a8244eb6af8f,post,a2cf4456-0793-4893-9b51-d91abc35d888,A,2.0,False
A-4872,a0614703-e3c1-47b8-8bab-db9fdfa638e4,post,a2cf4456-0793-4893-9b51-d91abc35d888,A,2.0,False
A-4873,0cbc1424-37b2-47da-9c68-a2cab668046f,post,a2dd51eb-46ed-48b9-b952-f123c9514646,A,10.0,False
A-4874,0f0f7b6e-4f79-43e7-a26a-9aa0f975546d,post,a2dd51eb-46ed-48b9-b952-f123c9514646,A,10.0,False
A-4875,14850172-1ed3-4e74-867a-87a0bea26d6d,post,a2dd51eb-46ed-48b9-b952-f123c9514646,A,10.0,False
A-4876,1af10c79-9257-412d-adba-c7fbcce57624,post,a2dd51eb-46ed-48b9-b952-f123c9514646,A,10.0,False
A-4877,57291f38-80df-4a4f-8723-bbaa4969d5fd,post,a2dd51eb-46ed-48b9-b952-f123c9514646,A,10.0,False
A-4878,69c37b18-5b36-4678-8fab-f0a69a93cae7,post,a2dd51eb-46ed-48b9-b952-f123c9514646,A,10.0,False
A-4879,8ed6b999-00ac-46a5-a73a-7e2e406a88df,post,a2dd51eb-46ed-48b9-b952-f123c9514646,A,10.0,False
A-4880,986a10a1-9156-4127-a9ca-d7a823f7c232,post,a2dd51eb-46ed-48b9-b952-f123c9514646,A,10.0,False
A-4881,99c6b5a8-ce2a-48b7-b12d-699e9ad8ae1d,post,a2dd51eb-46ed-48b9-b952-f123c9514646,A,10.0,False
A-4882,e42fb7d9-6825-4cb4-bc4f-98a4b3f2f0b1,post,a2dd51eb-46ed-48b9-b952-f123c9514646,A,10.0,False
A-4883,58c5b892-634f-4c55-91bd-e11aa930583f,post,a2dd6496-cf9c-4872-a315-44cfd6d8ff26,A,1.0,False
A-4884,0307c569-a87d-485f-9bd7-cc6a925f4404,post,a311c8aa-48c4-420f-a103-a9da482b58f8,A,2.0,False
A-4885,dac0804f-9dd9-4352-92a4-612281958d2e,post,a311c8aa-48c4-420f-a103-a9da482b58f8,A,2.0,False
A-4886,1fce96df-6e81-4eda-a2f0-6d4fc9c08421,post,a314f3cf-15cb-475d-85c1-68ff58ac370f,A,1.0,False
A-4887,06cc5187-2506-4f51-9de5-ce52b344ad02,post,a32e9ed4-3fc3-4ea2-91df-d229ffdf2f94,A,4.0,False
A-4888,447d1b0b-3ff4-4a8e-b7cc-4720f2286fd0,post,a32e9ed4-3fc3-4ea2-91df-d229ffdf2f94,A,4.0,False
A-4889,80c7af68-f61d-43dc-939a-c14e5f677917,comment,a32e9ed4-3fc3-4ea2-91df-d229ffdf2f94,A,4.0,False
A-4890,f3a68516-88a4-4035-9f16-e7167530669c,comment,a32e9ed4-3fc3-4ea2-91df-d229ffdf2f94,A,4.0,False
A-4891,4314f94a-4dc4-44d9-92d3-0c9a9bfccf03,comment,a35652eb-1be2-4af2-a529-162fa67e8fbb,A,3.0,False
A-4892,6628757e-c608-4d2a-baf1-36b5263a299b,post,a35652eb-1be2-4af2-a529-162fa67e8fbb,A,3.0,False
A-4893,762ded1c-d8dc-4b67-993a-b95b8934e7a9,post,a35652eb-1be2-4af2-a529-162fa67e8fbb,A,3.0,False
A-4894,407ec8d2-62f9-43fd-bc9f-c1fed77ae51c,post,a356f263-9e1a-419d-964f-ae911b72d5f9,A,1.0,False
A-4895,2643cab0-5737-46dc-9c56-b2c60fb3aec1,post,a36265b3-bf44-4b77-9988-cb83d0e54a0a,A,2.0,False
A-4896,e347bbe9-04bc-4a8e-bd72-948c7a92c06e,post,a36265b3-bf44-4b77-9988-cb83d0e54a0a,A,2.0,False
A-4897,a200786f-cd5b-49d4-aefb-cfc2e3838c12,post,a36d521c-2efb-4dd3-a2a1-6c4cab1f2ac3,A,1.0,False
A-4898,734dacb4-5fdc-46d4-bc05-ea92c57f7d70,post,a3769c79-a728-47e2-8940-3a0c8cadaee9,A,1.0,False
A-4899,cf60d97f-ce0b-4518-b3bd-1f3d68e6d96c,comment,a37dd6f5-0398-4a5d-ac79-06e6c7740e1c,A,44.0,False
A-4900,49c685fa-9d84-48e0-9b1f-096d5555554f,post,a37dd6f5-0398-4a5d-ac79-06e6c7740e1c,A,44.0,False
A-4901,ebc25a72-c274-4fce-beba-c39ee4090a38,post,a37dd6f5-0398-4a5d-ac79-06e6c7740e1c,A,44.0,False
A-4902,6ce71627-be04-4187-97c6-728505916807,post,a37dd6f5-0398-4a5d-ac79-06e6c7740e1c,A,44.0,False
A-4903,eaa1ace7-8808-4927-a79b-6f08b10a0ae0,post,a37dd6f5-0398-4a5d-ac79-06e6c7740e1c,A,44.0,False
A-4904,04bf56ba-333b-4ddc-b5b9-2b106a14e964,comment,a37dd6f5-0398-4a5d-ac79-06e6c7740e1c,A,44.0,False
A-4905,4965aeeb-d9a0-42a4-b0d1-dfbafb477e64,post,a37dd6f5-0398-4a5d-ac79-06e6c7740e1c,A,44.0,False
A-4906,b10545d7-fbfe-42fe-b847-e1e64a1dea9f,post,a37dd6f5-0398-4a5d-ac79-06e6c7740e1c,A,44.0,False
A-4907,9bcf4ffc-49f6-4669-9268-3f501cc235c5,comment,a37dd6f5-0398-4a5d-ac79-06e6c7740e1c,A,44.0,False
A-4908,fb4b053d-f177-4867-8737-e9bfc5d634e0,post,a37dd6f5-0398-4a5d-ac79-06e6c7740e1c,A,44.0,False
A-4909,9f3bf80e-0b60-4018-ab44-26d121cee725,post,a37dd6f5-0398-4a5d-ac79-06e6c7740e1c,A,44.0,False
A-4910,a1451b1b-f9e1-473a-ac8d-7ff599f2db4d,post,a37dd6f5-0398-4a5d-ac79-06e6c7740e1c,A,44.0,False
A-4911,776dda39-4f4c-40fc-92a8-4161080375b1,comment,a37dd6f5-0398-4a5d-ac79-06e6c7740e1c,A,44.0,False
A-4912,6fe0e51b-02ba-45e3-8192-ac5a6f819304,comment,a37dd6f5-0398-4a5d-ac79-06e6c7740e1c,A,44.0,False
A-4913,901cb258-ce4c-4826-9ed6-48ac65527365,post,a37dd6f5-0398-4a5d-ac79-06e6c7740e1c,A,44.0,False
A-4914,201268b7-16cd-4b53-a978-0a6ef6dde0f9,post,a3b24074-0a2f-4031-8749-b588b73f5ffe,A,4.0,False
A-4915,7617b40a-63e6-4bac-9933-a1f42a72af0a,comment,a3b24074-0a2f-4031-8749-b588b73f5ffe,A,4.0,False
A-4916,7d4dd45e-2bf5-428f-9c4e-61585a59daa4,post,a3b24074-0a2f-4031-8749-b588b73f5ffe,A,4.0,False
A-4917,91bd2a9c-b41d-4170-b3cc-96c4919ac608,comment,a3b24074-0a2f-4031-8749-b588b73f5ffe,A,4.0,False
A-4918,be8e0029-b838-4604-9e5b-92f5a77f237d,post,a412313e-c20d-45e4-8927-a019e3cd5898,A,1.0,False
A-4919,4023c0e7-f684-4d19-98ac-c52054f34dc6,post,a420c429-7353-4da7-8c5f-072cd52ee532,A,1.0,False
A-4920,6fac2e23-ce7b-48c0-b991-a3ab7450c32a,comment,a4457019-fd85-4fa6-8fda-93eb7d33a5f3,A,1.0,False
A-4921,aa55754a-af5f-4f3d-b8d3-a89d69c81436,post,a4520a06-bc16-49d2-b6b6-d8698aff0a14,A,20.0,False
A-4922,216776ed-1b82-41e9-99d4-63195a626ea2,comment,a4520a06-bc16-49d2-b6b6-d8698aff0a14,A,20.0,False
A-4923,01dabab4-b482-49d1-b2ec-48a651017570,post,a4520a06-bc16-49d2-b6b6-d8698aff0a14,A,20.0,False
A-4924,4dd4c47c-c964-4877-a3ce-3e2400fd4006,comment,a4520a06-bc16-49d2-b6b6-d8698aff0a14,A,20.0,False
A-4925,739c4f57-0f8c-4967-9197-a03af599b8fa,comment,a4520a06-bc16-49d2-b6b6-d8698aff0a14,A,20.0,False
A-4926,5971fd37-4bc7-4e7b-b2d8-e6d517c10f8a,comment,a4520a06-bc16-49d2-b6b6-d8698aff0a14,A,20.0,False
A-4927,3140d076-13cc-4c6e-81b3-61ad357bd30d,comment,a4520a06-bc16-49d2-b6b6-d8698aff0a14,A,20.0,False
A-4928,6d1a585b-87ba-465e-8f88-837db1db1499,comment,a4520a06-bc16-49d2-b6b6-d8698aff0a14,A,20.0,False
A-4929,c44047f0-afef-40e3-934b-95601fdbc7f1,comment,a4520a06-bc16-49d2-b6b6-d8698aff0a14,A,20.0,False
A-4930,909ce7c2-220d-4b33-987c-1525fd5c88a3,post,a4520a06-bc16-49d2-b6b6-d8698aff0a14,A,20.0,False
A-4931,aedc5bf0-484f-4e4d-a219-8671f6a98adb,comment,a4520a06-bc16-49d2-b6b6-d8698aff0a14,A,20.0,False
A-4932,935309bc-3ef7-4084-b6f0-7eb12b8aeb2b,comment,a4520a06-bc16-49d2-b6b6-d8698aff0a14,A,20.0,False
A-4933,6e0b0e27-b6e3-498a-b27e-6b0e2d07ef00,comment,a4520a06-bc16-49d2-b6b6-d8698aff0a14,A,20.0,False
A-4934,8edc66fe-70b2-45f4-8640-709a12a184c9,post,a4520a06-bc16-49d2-b6b6-d8698aff0a14,A,20.0,False
A-4935,86db4a90-3280-4bf1-978a-73bb10623f37,comment,a4520a06-bc16-49d2-b6b6-d8698aff0a14,A,20.0,False
A-4936,bb5319f6-b326-4db3-ba07-61a88c049545,post,a46b8802-29ec-4e4e-a936-2cfb5aa715df,A,1.0,False
A-4937,071044cc-f40e-4ee4-beb6-3d6921dc3ba8,comment,a48c4fc9-d771-462f-9c58-8cb26f379754,A,11.0,False
A-4938,38e82c20-9501-4ef4-9082-5e107cf67f08,comment,a48c4fc9-d771-462f-9c58-8cb26f379754,A,11.0,False
A-4939,4404c83c-6372-4b2d-a826-5097aa82e9d3,post,a48c4fc9-d771-462f-9c58-8cb26f379754,A,11.0,False
A-4940,443180d1-3549-4638-965e-1202e77b5f08,comment,a48c4fc9-d771-462f-9c58-8cb26f379754,A,11.0,False
A-4941,546e530e-c308-42ff-ad59-a161db12594f,comment,a48c4fc9-d771-462f-9c58-8cb26f379754,A,11.0,False
A-4942,589bc412-0dd9-461b-9dfe-041674a0c0d7,post,a48c4fc9-d771-462f-9c58-8cb26f379754,A,11.0,False
A-4943,64f2b59c-e1f6-4fc0-ac65-a79f4d81f91a,comment,a48c4fc9-d771-462f-9c58-8cb26f379754,A,11.0,False
A-4944,7ed1b354-73ae-4865-a0de-7ad1681792a2,comment,a48c4fc9-d771-462f-9c58-8cb26f379754,A,11.0,False
A-4945,cf7ce820-380f-4f43-9ff6-15a6657fb1a6,comment,a48c4fc9-d771-462f-9c58-8cb26f379754,A,11.0,False
A-4946,d4e039dd-4852-401e-b4e4-c74c727c1f0d,comment,a48c4fc9-d771-462f-9c58-8cb26f379754,A,11.0,False
A-4947,da0c0445-cc4f-4f08-823c-c93262d43cf9,post,a48c4fc9-d771-462f-9c58-8cb26f379754,A,11.0,False
A-4948,61d1b844-41af-4af4-85e2-7e0ffd5e4a20,comment,a4999f56-c41c-4354-ac97-d88b742fbcd2,A,1.0,False
A-4949,999d4380-5704-4a0a-8309-498037d7361c,post,a49e0beb-5d97-40ee-9380-b2fe16f9eee9,A,1.0,False
A-4950,8e66526d-fbca-45fc-aced-8393485be74f,post,a4baa638-cab2-48cb-b46a-ff4500a61a54,A,1.0,False
A-4951,117d82a3-9a8d-423f-84af-0d213f50dff1,post,a51ce6d1-7397-4a08-8ef2-314986779108,A,3.0,False
A-4952,89b670dd-5b45-4d5d-91f7-9f98e3a07516,comment,a51ce6d1-7397-4a08-8ef2-314986779108,A,3.0,False
A-4953,f013b9ae-6a24-48ef-a341-b2ab1c201c58,comment,a51ce6d1-7397-4a08-8ef2-314986779108,A,3.0,False
A-4954,0993b392-d5dc-4c0e-a977-998a3edf1866,post,a524b1c6-7333-4e83-9a2a-3894d8183b82,A,1.0,False
A-4955,31d98be4-f9d2-4e37-84ce-10ff6127b44f,comment,a5481dd3-47ae-4be2-b2ab-e5619ecd125c,A,2.0,False
A-4956,65671c03-01f1-41a3-a4f3-ef6cbb437388,post,a5481dd3-47ae-4be2-b2ab-e5619ecd125c,A,2.0,False
A-4957,644055ed-4221-48e3-9fd2-4c5c1ec6bbdc,post,a5b08e01-9637-406f-a68c-d97c5e8a5bde,A,1.0,False
A-4958,5d6df489-a72d-4ccc-a72e-75c28f825301,post,a5c62b1d-5758-4a28-9faa-0f80b4199b4b,A,1.0,False
A-4959,f209b76f-3fde-43ba-847b-b639a65ce31f,post,a5ca7586-c1b1-4358-be25-f9dfdbcc621d,A,1.0,False
A-4960,84f46277-6a55-4d3c-acff-9776347eecd0,comment,a5f43750-40f7-49ea-b168-1f8596a0699e,A,2.0,False
A-4961,b3aa9e6d-3435-4bc6-9dfd-3844b35af1ce,comment,a5f43750-40f7-49ea-b168-1f8596a0699e,A,2.0,False
A-4962,05d0400a-7409-43ec-beeb-d32a8d01ecd4,post,a60dcaaa-adee-4660-9c69-985245de829c,A,4.0,False
A-4963,41792955-8683-47c1-bbe1-0d61de56e2df,post,a60dcaaa-adee-4660-9c69-985245de829c,A,4.0,False
A-4964,4d5a9640-254c-46e4-aac9-ff08ab1b4ece,post,a60dcaaa-adee-4660-9c69-985245de829c,A,4.0,False
A-4965,52246199-b016-4314-81e9-83eb587bddb9,post,a60dcaaa-adee-4660-9c69-985245de829c,A,4.0,False
A-4966,ccc40ff4-8043-486d-96d6-d2c6d973b3b4,comment,a6425893-20c1-4c4c-8fae-2249925b3a96,A,46.0,False
A-4967,a59d1103-6a3e-49ab-a670-6fd7c899e150,post,a6425893-20c1-4c4c-8fae-2249925b3a96,A,46.0,False
A-4968,3dc508a6-9457-418d-b943-976f55d86ffd,post,a6425893-20c1-4c4c-8fae-2249925b3a96,A,46.0,True
A-4969,ea9cb60f-e8fb-42e7-9497-f161ed2df69c,comment,a6425893-20c1-4c4c-8fae-2249925b3a96,A,46.0,False
A-4970,d59f91ff-2843-4878-a87b-ae8758ba721f,comment,a6425893-20c1-4c4c-8fae-2249925b3a96,A,46.0,False
A-4971,4435f911-e9bb-4eaf-b9dc-c6ff0519c435,post,a6425893-20c1-4c4c-8fae-2249925b3a96,A,46.0,False
A-4972,21ad9a90-c960-47cb-ace3-891506e5d641,comment,a6425893-20c1-4c4c-8fae-2249925b3a96,A,46.0,False
A-4973,fef36226-9ff2-4514-8f33-f70391dcdbce,post,a6425893-20c1-4c4c-8fae-2249925b3a96,A,46.0,False
A-4974,2a531e63-3669-4d03-946c-6bfe18b18203,post,a6425893-20c1-4c4c-8fae-2249925b3a96,A,46.0,False
A-4975,971cb1c6-0305-46df-bf52-86ce764549e4,post,a6425893-20c1-4c4c-8fae-2249925b3a96,A,46.0,False
A-4976,1f79e7a9-2acb-4cf3-a24e-2cd606ad06a3,comment,a6425893-20c1-4c4c-8fae-2249925b3a96,A,46.0,False
A-4977,67cff271-3ddc-4b1a-b41e-b56ebb908bd0,post,a6425893-20c1-4c4c-8fae-2249925b3a96,A,46.0,False
A-4978,e8c31aa4-85b3-40ba-96a9-6d98e3f42fe9,post,a6425893-20c1-4c4c-8fae-2249925b3a96,A,46.0,False
A-4979,fc51dbb7-94c5-4faf-9159-12645081e9b6,comment,a6425893-20c1-4c4c-8fae-2249925b3a96,A,46.0,False
A-4980,51000f77-8e2f-43ae-a1f6-71b977ebebfa,comment,a6425893-20c1-4c4c-8fae-2249925b3a96,A,46.0,False
A-4981,b5369870-2782-4a0a-8ff3-4e7c21b81f14,post,a658cc5d-ba2e-4586-b20b-7e4e42b270d8,A,1.0,False
A-4982,fb9b71ef-b3c7-4db2-8e9a-55530941b88e,post,a65e067a-da8d-41be-b404-1be99d30b747,A,1.0,False
A-4983,a5433761-c8d9-4988-90cf-677aaeb5867e,post,a6827ffe-3eae-4055-bd9c-5df6a74629a3,A,2.0,False
A-4984,e23b40f2-2280-416d-9415-9a8711ba0e8c,post,a6827ffe-3eae-4055-bd9c-5df6a74629a3,A,2.0,False
A-4985,70d3dd68-39cd-4459-ba39-73b24b4124e8,post,a6e3a065-83e7-43c4-91d4-a80ab304121d,A,1.0,False
A-4986,14084587-87f6-4fa7-ac36-eeafc3b55324,post,a6e54489-8307-43a0-973c-f71a431305ad,A,1.0,False
A-4987,29bf8c56-36e8-4b93-92ac-668847949974,post,a6f610db-746c-43f1-a82c-ba2f63f98fce,A,3.0,False
A-4988,8f0a9146-d67b-46f0-b021-99608172d9ca,comment,a6f610db-746c-43f1-a82c-ba2f63f98fce,A,3.0,False
A-4989,e873731f-e458-4ce7-bde7-7ad95340235e,comment,a6f610db-746c-43f1-a82c-ba2f63f98fce,A,3.0,False
A-4990,159680d0-0d55-4ba1-8d6a-c56e372cdff7,comment,a70a67bf-cec0-4419-a288-aad6a2aea534,A,11.0,False
A-4991,16809bb5-ab72-42c2-8683-74dad28b0369,post,a70a67bf-cec0-4419-a288-aad6a2aea534,A,11.0,False
A-4992,36a62a35-1cfc-4993-af97-f314bf168c03,post,a70a67bf-cec0-4419-a288-aad6a2aea534,A,11.0,False
A-4993,44c717d9-b7ad-472c-b3d4-db498b2d2a36,post,a70a67bf-cec0-4419-a288-aad6a2aea534,A,11.0,False
A-4994,4c29ddcb-4c31-4009-8c31-161cd5bfe8d9,post,a70a67bf-cec0-4419-a288-aad6a2aea534,A,11.0,False
A-4995,678a1f78-f54c-4ad4-9196-a6f28116b9cb,post,a70a67bf-cec0-4419-a288-aad6a2aea534,A,11.0,False
A-4996,7b2aae23-0dd1-4b28-b23d-2b0b0505e4a6,post,a70a67bf-cec0-4419-a288-aad6a2aea534,A,11.0,False
A-4997,8ea61eac-8f7b-4280-bde0-c8cd14108cb6,post,a70a67bf-cec0-4419-a288-aad6a2aea534,A,11.0,False
A-4998,9388c7ba-0904-4a59-96b8-97e8f4c32656,post,a70a67bf-cec0-4419-a288-aad6a2aea534,A,11.0,False
A-4999,99de1648-4c3d-4722-8384-3ad6ff716129,post,a70a67bf-cec0-4419-a288-aad6a2aea534,A,11.0,False
A-5000,b739c5b9-618b-4bb1-96a3-747d01863abe,post,a70a67bf-cec0-4419-a288-aad6a2aea534,A,11.0,False
A-5001,6cb4a8d9-2310-495d-bdc4-324f6a691f49,post,a731274d-0db1-4948-a7bc-910e85e90d6e,A,2.0,False
A-5002,bdc30464-a51b-42f3-8a01-34039f58174b,post,a731274d-0db1-4948-a7bc-910e85e90d6e,A,2.0,False
A-5003,e5ffa887-b6c3-469d-a070-088f78fa36f1,post,a751f215-6bce-4921-a794-9c7940a282cd,A,1.0,False
A-5004,c0d034ad-b172-4e63-8a57-07d03ff4800e,post,a762264f-ece1-443e-a258-8886b900e896,A,1.0,False
A-5005,3256a72e-738d-4d70-a531-2929617f89a7,comment,a78bbb5a-c57d-409c-9338-7ef2a5f72bde,A,2.0,False
A-5006,848592b8-0aaa-464f-a584-8716782a232b,post,a78bbb5a-c57d-409c-9338-7ef2a5f72bde,A,2.0,False
A-5007,2a4ac882-23d1-4a23-b272-7d8a91b88fe9,comment,a7ba10ce-a408-4846-8b2b-f426bd7ad96e,A,1.0,False
A-5008,6b8ed899-2beb-4810-bf83-35677eb0f1d4,post,a7bc5d20-608a-4725-bac5-7669f009efb1,A,1.0,False
A-5009,3ae29e94-e9d4-409f-8e6a-ca39d8b3003a,post,a7db5fdc-d61a-4b67-a0ef-97acbe3bbc03,A,2.0,False
A-5010,812a6c43-9357-4cec-a887-c2dbf704e6d3,post,a7db5fdc-d61a-4b67-a0ef-97acbe3bbc03,A,2.0,False
A-5011,1c3053ea-f280-4c88-bc51-9ac907c7d61f,post,a8041de9-f404-4353-854a-52d9b6d949cc,A,1.0,False
A-5012,5604ccae-4ce9-4e2e-903a-4c1c4f063d3c,post,a81b85b3-3145-431d-8d0f-d42b5699ca08,A,1.0,False
A-5013,d9555c50-a5ce-4cfd-a673-0d5da7ccbfd7,comment,a8274966-82a3-45c1-a2c2-018c5ef88782,A,62.0,False
A-5014,db091b66-8db7-4006-a2c2-63d10d0ee396,comment,a8274966-82a3-45c1-a2c2-018c5ef88782,A,62.0,False
A-5015,a82d1edc-e2eb-4d23-ae7c-1cbcfb5ca67e,comment,a8274966-82a3-45c1-a2c2-018c5ef88782,A,62.0,False
A-5016,70e0e39d-1220-48cf-93e3-45d35a5a018d,comment,a8274966-82a3-45c1-a2c2-018c5ef88782,A,62.0,False
A-5017,e26b62dc-423f-4ec8-aec0-ec840c2ed1e1,comment,a8274966-82a3-45c1-a2c2-018c5ef88782,A,62.0,False
A-5018,5a20cee0-796c-4d62-a995-bfbf5ecef298,comment,a8274966-82a3-45c1-a2c2-018c5ef88782,A,62.0,False
A-5019,05aaaee0-3a6f-4c98-93d4-b53c48e14b9a,post,a8274966-82a3-45c1-a2c2-018c5ef88782,A,62.0,False
A-5020,65ea5e5e-8c88-4a48-b2f8-84567a2ef138,post,a8274966-82a3-45c1-a2c2-018c5ef88782,A,62.0,False
A-5021,f3cb1a40-85c0-4f3a-ab61-2ebf652a6201,post,a8274966-82a3-45c1-a2c2-018c5ef88782,A,62.0,False
A-5022,494cefb0-40f8-4f92-85fe-1a799c7a79dd,comment,a8274966-82a3-45c1-a2c2-018c5ef88782,A,62.0,False
A-5023,fc3f71e9-786a-4fcf-813d-bfee6ac04865,comment,a8274966-82a3-45c1-a2c2-018c5ef88782,A,62.0,False
A-5024,b7f95d50-c6bf-48bf-9806-9d371c2ac525,comment,a8274966-82a3-45c1-a2c2-018c5ef88782,A,62.0,False
A-5025,fa49f508-5356-4f02-95b2-a5157f536fcc,comment,a8274966-82a3-45c1-a2c2-018c5ef88782,A,62.0,False
A-5026,e55351e7-4bbf-4d7c-a06a-fd88b30ce34b,post,a8274966-82a3-45c1-a2c2-018c5ef88782,A,62.0,False
A-5027,b437d714-b51e-436c-9bf4-49795544d750,comment,a8274966-82a3-45c1-a2c2-018c5ef88782,A,62.0,False
A-5028,313bbe98-65b7-405f-a462-aefa41ea0ce7,post,a8553c20-598d-46f4-b99c-43d41386c459,A,3.0,False
A-5029,53e4e7b8-1732-49db-be2e-86cdb3dcb733,comment,a8553c20-598d-46f4-b99c-43d41386c459,A,3.0,False
A-5030,e110152f-11d9-49d8-a4a7-c53cbd1fb39c,post,a8553c20-598d-46f4-b99c-43d41386c459,A,3.0,False
A-5031,10b2439a-bc5c-4bc3-80e0-660e525a1981,post,a87125fc-c4ff-4f63-8581-c38af84d092f,A,2.0,False
A-5032,361b8205-3532-43f5-8364-5a80e1461d6b,post,a87125fc-c4ff-4f63-8581-c38af84d092f,A,2.0,False
A-5033,1fe01870-a931-47c3-8c3c-837eddb11ae3,post,a88ecbc2-b645-4655-98c8-f7d5458cfa94,A,7.0,False
A-5034,25558ae0-14cc-4880-a206-002a4bb0682e,comment,a88ecbc2-b645-4655-98c8-f7d5458cfa94,A,7.0,False
A-5035,3b1dc517-dd57-4cf2-91dc-2357af5b51fa,comment,a88ecbc2-b645-4655-98c8-f7d5458cfa94,A,7.0,False
A-5036,6b94b17f-fd24-4e11-bc66-ee1030b47331,comment,a88ecbc2-b645-4655-98c8-f7d5458cfa94,A,7.0,False
A-5037,7549fb41-c1fb-4968-a047-21d609ba785a,comment,a88ecbc2-b645-4655-98c8-f7d5458cfa94,A,7.0,False
A-5038,7f887193-2f14-4154-8ce2-b92f89c9bba7,post,a88ecbc2-b645-4655-98c8-f7d5458cfa94,A,7.0,False
A-5039,9fb3fa97-3fda-46c2-832f-4b0a2ae659b7,comment,a88ecbc2-b645-4655-98c8-f7d5458cfa94,A,7.0,False
A-5040,05563585-1bb2-47bc-b70e-dec3520f83ba,post,a89848a3-fe69-4a0f-8e40-9f0787212918,A,1.0,False
A-5041,5038611f-39fa-4cc8-95a1-51ebaffba82a,post,a89e094a-b6ed-467e-ab5f-4f1f79ab541e,A,1.0,False
A-5042,0759cd2d-7a2c-4d61-abbe-c1f6f6980b29,comment,a8bb8231-379a-419d-876f-d0153dffacec,A,5.0,False
A-5043,246bd223-f40a-40a3-b4e5-58317bb2ebb1,comment,a8bb8231-379a-419d-876f-d0153dffacec,A,5.0,False
A-5044,54b8f6a4-7fb8-4189-84bb-f5e3e53a06c1,comment,a8bb8231-379a-419d-876f-d0153dffacec,A,5.0,False
A-5045,f24aa45d-34cf-49b5-867a-35f4bab94519,comment,a8bb8231-379a-419d-876f-d0153dffacec,A,5.0,False
A-5046,f2939990-9b2b-46bb-a70a-738225deb319,comment,a8bb8231-379a-419d-876f-d0153dffacec,A,5.0,False
A-5047,51d1d1a7-04f3-4998-886c-4e459bd2abbb,post,a8c51a4d-1fb3-41e0-9908-c4a48511d4cd,A,2.0,False
A-5048,b704fb2f-ed63-4481-9190-8ccf385af00d,post,a8c51a4d-1fb3-41e0-9908-c4a48511d4cd,A,2.0,False
A-5049,f5918be1-848f-4b81-83c8-51e3807e0622,post,a918c053-e176-457f-ae15-e9378478b39d,A,1.0,False
A-5050,b0d10ead-9f42-44ff-b733-99c97f866a2e,comment,a9249d08-97cd-425e-9154-8b13d2dd4414,A,3.0,False
A-5051,c7ef3c83-d807-4b1a-b84b-9161f18e4f45,post,a9249d08-97cd-425e-9154-8b13d2dd4414,A,3.0,False
A-5052,c891c47a-ecbe-45c5-b16d-f5260fea0fc6,post,a9249d08-97cd-425e-9154-8b13d2dd4414,A,3.0,False
A-5053,1c599110-d5fc-459f-b5cd-6dc7cca7053f,comment,a9328d9d-3bcb-4c55-92d5-6efc36cd6037,A,3.0,False
A-5054,b372b8e0-796e-4300-874b-8419da0c5057,comment,a9328d9d-3bcb-4c55-92d5-6efc36cd6037,A,3.0,False
A-5055,f1ea4c7f-567e-4ce2-a550-5a134e91ac27,post,a9328d9d-3bcb-4c55-92d5-6efc36cd6037,A,3.0,False
A-5056,6415e65b-43f2-49bb-a503-28a845718712,post,a933b0d0-f042-415e-a683-e0fead8f2607,A,2.0,False
A-5057,fe4c8952-cf11-4cb6-b8ff-77b53020b74f,post,a933b0d0-f042-415e-a683-e0fead8f2607,A,2.0,False
A-5058,dc1ae0dd-8eec-41c5-b812-b6fe8b68a58f,post,a987b97a-b701-4f22-8089-c9764fd76c96,A,1.0,False
A-5059,56b12e33-3c8b-436a-9cf8-e7596a6d6c35,post,a9935f61-29e3-472b-b0d7-8984f75ffbcc,A,1.0,False
A-5060,f880675e-6d22-498b-8099-34cc92173705,post,a999246d-5b3e-46a3-a1ba-21e40561cac0,A,1.0,False
A-5061,0b79e95a-29fb-4050-9f90-5d72ff217892,post,a9aa1354-8087-4635-8932-c84dfdb5b229,A,3.0,False
A-5062,92a4ff0f-2444-4768-99bd-8e684ad2d90d,post,a9aa1354-8087-4635-8932-c84dfdb5b229,A,3.0,False
A-5063,c1759b49-7f76-44a1-baf2-207cfdc67177,comment,a9aa1354-8087-4635-8932-c84dfdb5b229,A,3.0,False
A-5064,ddf95d3e-e13d-405e-8050-c3291bd0b9b7,post,a9dff723-fe1e-44c4-b488-f1c84ede940c,A,1.0,False
A-5065,2fda340b-0b43-4593-afb3-a9d15c430b85,post,a9fd1b14-dffe-42cf-bef6-21a7d28cd43f,A,1.0,False
A-5066,62e93415-77bf-4eee-85f5-5e1ac164f3ba,post,aa06f21d-d1d1-4302-9f47-0986643196e6,A,1.0,False
A-5067,c6ed080f-9f16-4109-91a0-b2d768bd667e,post,aa0d1693-0e33-4c6a-bf4e-44ee2edd68d5,A,1.0,False
A-5068,de0b6a26-fcd3-4d13-96b0-fbf50392331e,comment,aa0d5167-2e6b-4f23-a2d7-998ebc394413,A,24.0,False
A-5069,ab8481fd-01fb-4d8b-b54f-db8e1fed0bda,post,aa0d5167-2e6b-4f23-a2d7-998ebc394413,A,24.0,False
A-5070,df3a5dd3-8ceb-4e3a-8e29-6cfcc5522a68,comment,aa0d5167-2e6b-4f23-a2d7-998ebc394413,A,24.0,False
A-5071,f6234b3f-3e48-4c32-bb5f-18cc942034a9,comment,aa0d5167-2e6b-4f23-a2d7-998ebc394413,A,24.0,False
A-5072,de6407fd-a75e-45a5-af1f-c2e6c77278f0,comment,aa0d5167-2e6b-4f23-a2d7-998ebc394413,A,24.0,False
A-5073,c6de35d6-05f6-4827-898b-779d33348a95,comment,aa0d5167-2e6b-4f23-a2d7-998ebc394413,A,24.0,False
A-5074,2a2e26e8-e859-479c-9eaa-2aaa4b472f86,comment,aa0d5167-2e6b-4f23-a2d7-998ebc394413,A,24.0,False
A-5075,705b91e4-f585-4be0-824d-0a28ed2bf33e,post,aa0d5167-2e6b-4f23-a2d7-998ebc394413,A,24.0,False
A-5076,e2d6f533-400f-40e0-a1d4-cced5c9e01f1,comment,aa0d5167-2e6b-4f23-a2d7-998ebc394413,A,24.0,False
A-5077,adcee167-9a2a-4cf1-a21a-1f40a5534ac1,comment,aa0d5167-2e6b-4f23-a2d7-998ebc394413,A,24.0,False
A-5078,884c92c6-3d9d-4260-89d7-333ec156486e,comment,aa0d5167-2e6b-4f23-a2d7-998ebc394413,A,24.0,False
A-5079,49defe4f-9ec7-4bef-8001-eb5cd7cdd6cc,post,aa0d5167-2e6b-4f23-a2d7-998ebc394413,A,24.0,False
A-5080,4e3d629a-b207-41a2-8d15-a6a1bff74527,comment,aa0d5167-2e6b-4f23-a2d7-998ebc394413,A,24.0,False
A-5081,8cd5e5f5-25b2-424e-9855-3c0e39bb4d86,comment,aa0d5167-2e6b-4f23-a2d7-998ebc394413,A,24.0,False
A-5082,02d68a4f-0ee9-4468-a7bf-10feb272459f,post,aa0d5167-2e6b-4f23-a2d7-998ebc394413,A,24.0,False
A-5083,dcd65fdd-a706-4137-9f1d-76a8d02a0159,comment,aa0ee9cb-1b19-42ef-a4b7-3faf3b52d44d,A,3.0,False
A-5084,ef26598f-027a-45cf-a7c5-8961dce46e3f,post,aa0ee9cb-1b19-42ef-a4b7-3faf3b52d44d,A,3.0,False
A-5085,f3df283e-c667-41cc-96f6-d41a831dfd4e,post,aa0ee9cb-1b19-42ef-a4b7-3faf3b52d44d,A,3.0,False
A-5086,907c7ce5-cb72-421e-aa26-aeb19d8216ed,post,aa1ed6ae-5d13-42ff-a2ae-6ac49ee21d09,A,1.0,False
A-5087,01560c48-34b9-4657-bdc1-b5cfb7a45cb6,post,aa2c076a-063c-4026-8baf-25f1687626ce,A,5.0,False
A-5088,2e546c93-2798-4655-bb26-b6bdbaef0cc6,post,aa2c076a-063c-4026-8baf-25f1687626ce,A,5.0,False
A-5089,9f3024e2-5b7a-46a4-8b15-52b700b8272a,post,aa2c076a-063c-4026-8baf-25f1687626ce,A,5.0,False
A-5090,dfb0ff07-6a8e-4197-957a-237b51cecb91,post,aa2c076a-063c-4026-8baf-25f1687626ce,A,5.0,False
A-5091,ef411631-bc87-4c9b-8748-00798160f65d,post,aa2c076a-063c-4026-8baf-25f1687626ce,A,5.0,False
A-5092,970dcee9-dd9d-4950-b895-681148080c5c,post,aa73fa10-62d8-45d4-ac96-9d8182c4990c,A,1.0,False
A-5093,0ff58aa9-baf1-4061-bf1f-5584281a84e4,post,aa8d254e-227a-4a0b-96bc-468ea9ba3fa2,A,4.0,False
A-5094,291d20ce-c900-4569-bc95-f4c0d0d5a2bb,post,aa8d254e-227a-4a0b-96bc-468ea9ba3fa2,A,4.0,False
A-5095,54e3458e-7e94-488c-a12c-2839b2ec50d2,post,aa8d254e-227a-4a0b-96bc-468ea9ba3fa2,A,4.0,False
A-5096,637cfda6-5675-4abf-92fa-454d3d926098,post,aa8d254e-227a-4a0b-96bc-468ea9ba3fa2,A,4.0,False
A-5097,7af87540-f459-4591-a638-34ab53365811,post,aa8ddb44-4c1f-4003-a53e-70b3d66180f5,A,1.0,False
A-5098,061a7550-ed3a-4ba2-acb7-8f9f1f532d35,post,aa9edae8-4dcb-42e8-b961-9161c07b1e93,A,1.0,False
A-5099,04c05a16-cc3d-49cd-ad4a-0b63410ea723,post,aac26b0c-208b-4990-8b59-3592469ff938,A,1.0,False
A-5100,845ce7e5-90b0-425a-8619-1672997bf7a1,comment,aac7d901-95b5-4a4b-8363-52aed95cbfc6,A,2.0,False
A-5101,c81ad033-515b-4dcb-b603-5583020046b5,comment,aac7d901-95b5-4a4b-8363-52aed95cbfc6,A,2.0,False
A-5102,029b2d33-d177-470b-967c-2251ec3e5ff3,post,aaebe3a4-ab47-4f29-bd98-9023cc34e761,A,2.0,False
A-5103,9bbef399-1e36-4309-b09d-49abdbfcfb7c,comment,aaebe3a4-ab47-4f29-bd98-9023cc34e761,A,2.0,False
A-5104,7fae923e-d777-412b-b768-9b51966d7fb0,comment,aaf6a13d-bf75-432f-a628-7fabef8e8e76,A,19.0,False
A-5105,bcbaf5ae-f5a7-4ec2-987e-8407a185c6d9,comment,aaf6a13d-bf75-432f-a628-7fabef8e8e76,A,19.0,False
A-5106,34cb474a-e1bd-4561-94c4-b3a6c3c02bd4,comment,aaf6a13d-bf75-432f-a628-7fabef8e8e76,A,19.0,False
A-5107,f263bfb5-f53c-4287-a537-464ae9c72b93,post,aaf6a13d-bf75-432f-a628-7fabef8e8e76,A,19.0,False
A-5108,4025f9ea-57e6-413f-a759-1ee22bca111a,comment,aaf6a13d-bf75-432f-a628-7fabef8e8e76,A,19.0,False
A-5109,7cac23ff-376f-41ab-8cc4-c1d3e39cfc91,post,aaf6a13d-bf75-432f-a628-7fabef8e8e76,A,19.0,False
A-5110,60a0ef82-7a1b-410d-a468-91355843a375,comment,aaf6a13d-bf75-432f-a628-7fabef8e8e76,A,19.0,False
A-5111,08497308-86bc-49fd-8b0a-ee491b72d5f3,comment,aaf6a13d-bf75-432f-a628-7fabef8e8e76,A,19.0,False
A-5112,920c053c-89b6-4658-96e9-e0184e57148c,post,aaf6a13d-bf75-432f-a628-7fabef8e8e76,A,19.0,False
A-5113,1ef190d7-c1db-4b54-84ef-1c5d5c49a060,comment,aaf6a13d-bf75-432f-a628-7fabef8e8e76,A,19.0,False
A-5114,c511c083-796b-490f-8ce8-3b844d019d89,comment,aaf6a13d-bf75-432f-a628-7fabef8e8e76,A,19.0,False
A-5115,bc11265c-d376-456f-a541-2bccc7f306ec,post,aaf6a13d-bf75-432f-a628-7fabef8e8e76,A,19.0,False
A-5116,358d2367-61d7-485b-8b22-e735ad962921,comment,aaf6a13d-bf75-432f-a628-7fabef8e8e76,A,19.0,False
A-5117,e566a502-fb74-4edf-b39a-d9fb968261e4,comment,aaf6a13d-bf75-432f-a628-7fabef8e8e76,A,19.0,False
A-5118,53e537b0-5728-44ab-aae6-171d64ed57eb,post,aaf6a13d-bf75-432f-a628-7fabef8e8e76,A,19.0,False
A-5119,c33e388e-bcb0-4dc5-a6d3-23551f55b554,post,ab0b496d-8f5f-4c97-8c72-8c242289fceb,A,1.0,False
A-5120,690a6520-017e-423e-8cfe-d7dff3046eb1,post,ab33decb-fd45-481b-815e-0dddad30bb10,A,1.0,False
A-5121,90cd88cb-da79-4cbf-9c0c-99c2df67f1d7,post,ab56a317-e690-4399-9266-868948b9e92d,A,1.0,False
A-5122,ef3cfb2a-06da-4f7f-a142-7a6d660abe59,post,ab909f3b-d90c-4e1a-a600-2dc6fe35c20e,A,1.0,False
A-5123,13833381-13af-447c-b3a3-44342f52e052,post,ab919435-6d8f-40a7-846d-c5117f63b29b,A,7.0,False
A-5124,18906c89-28ac-49a2-ba67-5523a07ae3a1,comment,ab919435-6d8f-40a7-846d-c5117f63b29b,A,7.0,False
A-5125,55f23115-b1e1-416e-8017-0c3b38fb2e8d,post,ab919435-6d8f-40a7-846d-c5117f63b29b,A,7.0,False
A-5126,6c8c6807-8c08-4631-9bdd-4e7ed95d094b,post,ab919435-6d8f-40a7-846d-c5117f63b29b,A,7.0,False
A-5127,72412203-552e-4a8c-ac3c-5a5145c6acee,post,ab919435-6d8f-40a7-846d-c5117f63b29b,A,7.0,False
A-5128,7436655d-d3d5-43f3-8492-a22b3950d208,post,ab919435-6d8f-40a7-846d-c5117f63b29b,A,7.0,False
A-5129,bf073b05-bc98-470b-94e4-de200879fdfe,post,ab919435-6d8f-40a7-846d-c5117f63b29b,A,7.0,False
A-5130,9011a01d-c8fc-4022-a69b-6e36744024df,comment,ab9843c6-e514-4bb6-bd94-bd366eefa779,A,1.0,False
A-5131,d6490204-e88b-4a79-b74a-38536aa8aa27,comment,abc5ae3f-fdf0-4090-b11b-9c376b5fcbff,A,2.0,False
A-5132,dcb75740-a0b6-42fd-9266-dcec41c28c40,post,abc5ae3f-fdf0-4090-b11b-9c376b5fcbff,A,2.0,False
A-5133,1dffc85b-4494-4267-b6a6-01607b03976b,post,abfb470a-e6e4-41b4-958d-92ab894db60f,A,1.0,False
A-5134,0f05aa70-27db-4450-9939-0d9753c0bc91,post,ac0fd7d6-487f-4dfd-832f-9bf99d52f4a7,A,1.0,False
A-5135,25b13941-2627-44ed-b2a7-7ad69bbbbfb8,post,ac1c2124-c8d9-44cc-90ab-0bbc6b0fe76b,A,1.0,False
A-5136,5b8bc70b-809a-4152-9524-2da663038c6b,post,ac21ad78-0b09-44aa-874b-0111ac6159fe,A,2.0,False
A-5137,67f96d70-a6fa-44b5-b0b2-0fbecce8d9ff,post,ac21ad78-0b09-44aa-874b-0111ac6159fe,A,2.0,False
A-5138,00f9149e-9609-4814-9d11-c3a5db98b4fd,comment,ac2c025d-c3f1-49be-92fb-bc8f0dd96dc3,A,1.0,False
A-5139,81ce132a-ea8e-46ca-ae33-37aaf6ec73ff,post,ac35717c-6ae6-4d75-b0b5-0917cd0dfac2,A,1.0,False
A-5140,5720be34-6920-4811-b90a-f2287d5f281f,comment,ac4d5b06-5b81-4ab3-bc2d-84616b15a90d,A,3.0,False
A-5141,92b6eeb9-32e1-405d-90de-528af42f1559,comment,ac4d5b06-5b81-4ab3-bc2d-84616b15a90d,A,3.0,False
A-5142,d28d6a87-a8f6-4b67-abdb-f090e802c0fc,comment,ac4d5b06-5b81-4ab3-bc2d-84616b15a90d,A,3.0,False
A-5143,94c18382-5d8e-4359-8717-15f65b6918f7,post,ac4e8908-18a8-4023-b45f-8bd7f16a86f5,A,1.0,False
A-5144,04205d33-61f1-4fa0-bd5b-151e353fddc8,post,ac6f3b49-a8bf-451a-a7b4-41f5138b433b,A,3.0,False
A-5145,096e4f5a-ce5c-49fa-ba3d-3e90751c1907,comment,ac6f3b49-a8bf-451a-a7b4-41f5138b433b,A,3.0,False
A-5146,3dc43227-0a2b-41f0-8a92-e08d90f18eab,comment,ac6f3b49-a8bf-451a-a7b4-41f5138b433b,A,3.0,False
A-5147,6408db8e-4cf9-40f8-aa00-ccd5da75d75f,post,ac75d6a2-5254-4a03-993c-899e9e5c7ff7,A,1.0,False
A-5148,5f603dbd-43a5-4eab-a500-caffc0b2033d,post,acb244bf-a2a3-45de-a6fc-a7133f66e90f,A,2.0,False
A-5149,620da05c-fe64-45ad-8d9f-376bebfebd4a,post,acb244bf-a2a3-45de-a6fc-a7133f66e90f,A,2.0,False
A-5150,12ea668d-d9c0-4018-92f9-ff3f318ece61,post,acc38776-435f-4bb8-9c87-6f07336afbd2,A,8.0,False
A-5151,2d6ef0c2-27e7-4f59-b62b-e7b9d5ff0fb5,comment,acc38776-435f-4bb8-9c87-6f07336afbd2,A,8.0,False
A-5152,79ac06bc-1157-4314-9554-1f7305f92129,comment,acc38776-435f-4bb8-9c87-6f07336afbd2,A,8.0,False
A-5153,9753b403-d400-43c5-b100-e5e10030b216,comment,acc38776-435f-4bb8-9c87-6f07336afbd2,A,8.0,False
A-5154,b839bc7b-32bb-432e-94ee-04f78c30609e,comment,acc38776-435f-4bb8-9c87-6f07336afbd2,A,8.0,False
A-5155,d8e3a727-412d-457a-b2e8-dc9d9ec08a04,post,acc38776-435f-4bb8-9c87-6f07336afbd2,A,8.0,False
A-5156,e7b18d96-8f6f-42d8-8813-087839e3e03b,comment,acc38776-435f-4bb8-9c87-6f07336afbd2,A,8.0,False
A-5157,efc5ecab-a628-4942-bae5-8c8636880ca4,comment,acc38776-435f-4bb8-9c87-6f07336afbd2,A,8.0,False
A-5158,feb6d5bc-64e5-465b-b945-e9239caa8fb9,post,ace0d84e-aa08-43d4-9341-3decc7137b2c,A,1.0,False
A-5159,47189366-e92c-49d5-a853-e3956d0c9ab1,post,acf30729-e1a2-4b59-bbd3-c85b8338c92d,A,1.0,False
A-5160,1c0d33ac-8f2d-4905-8b91-6a8182241c5e,comment,acf35c3f-0c32-44b1-87f7-d570704ba119,A,72.0,False
A-5161,affe7317-ee4d-4205-ab53-fba6d13376ac,comment,acf35c3f-0c32-44b1-87f7-d570704ba119,A,72.0,False
A-5162,29827e86-f215-48cb-a252-715280cb3aca,comment,acf35c3f-0c32-44b1-87f7-d570704ba119,A,72.0,False
A-5163,69a72dbb-4035-43d3-a82a-655f141fe6ff,comment,acf35c3f-0c32-44b1-87f7-d570704ba119,A,72.0,False
A-5164,59175fa1-c3b6-4a96-b2b6-3639705c4e09,comment,acf35c3f-0c32-44b1-87f7-d570704ba119,A,72.0,False
A-5165,2bcdcc96-40ba-4feb-959b-9ee0b062de66,comment,acf35c3f-0c32-44b1-87f7-d570704ba119,A,72.0,False
A-5166,d2a6d103-a6d7-46bd-acae-79e587e8909e,comment,acf35c3f-0c32-44b1-87f7-d570704ba119,A,72.0,False
A-5167,566b58d5-3171-485b-844d-72bdb83ac7b8,comment,acf35c3f-0c32-44b1-87f7-d570704ba119,A,72.0,False
A-5168,31289218-f937-4cc3-b735-5471e914ec74,comment,acf35c3f-0c32-44b1-87f7-d570704ba119,A,72.0,False
A-5169,de5e1108-4554-40de-b169-227ddba6f13f,comment,acf35c3f-0c32-44b1-87f7-d570704ba119,A,72.0,False
A-5170,da5023b1-cb04-4a6a-8fb8-f4d5b05cbb1a,comment,acf35c3f-0c32-44b1-87f7-d570704ba119,A,72.0,False
A-5171,2985512d-36be-4368-9ae2-24f25dfd7d08,comment,acf35c3f-0c32-44b1-87f7-d570704ba119,A,72.0,False
A-5172,94c1db82-0a2b-4a51-8e93-479a6b13a80d,comment,acf35c3f-0c32-44b1-87f7-d570704ba119,A,72.0,False
A-5173,b09deea3-9042-451d-b0d4-a48f982730b4,comment,acf35c3f-0c32-44b1-87f7-d570704ba119,A,72.0,False
A-5174,43d147fa-f74e-4f3f-8017-cf42d8f8eef5,comment,acf35c3f-0c32-44b1-87f7-d570704ba119,A,72.0,False
A-5175,32d723bf-112f-4978-863f-fe8f4b447552,post,acf49675-dd21-4bb9-bdd4-021daf2e9468,A,1.0,False
A-5176,ccab69d6-1c1d-47b7-af37-d9b151a920f9,post,acf53f53-2a61-4e55-b813-3a385a1a4d5b,A,1.0,False
A-5177,e4f37511-f07f-459f-aec0-71dabe05405f,comment,acfe3176-e43b-44f3-bf6f-a57ef9704224,A,2.0,False
A-5178,f80afd4f-e149-44da-8409-c58f28a4ef86,comment,acfe3176-e43b-44f3-bf6f-a57ef9704224,A,2.0,False
A-5179,10368791-505a-45b0-bd66-5adb72cd4769,comment,ad09d6bb-460d-48d3-9b00-949e57ecc2a9,A,6.0,False
A-5180,2d115b31-9f46-4c7f-b403-ae313024321c,post,ad09d6bb-460d-48d3-9b00-949e57ecc2a9,A,6.0,False
A-5181,7f0d7991-3c81-41c1-a09e-ec5b2b1f32b4,comment,ad09d6bb-460d-48d3-9b00-949e57ecc2a9,A,6.0,False
A-5182,9574f3fc-0f82-4592-b5fa-fd2d7d32c475,post,ad09d6bb-460d-48d3-9b00-949e57ecc2a9,A,6.0,False
A-5183,9d176975-5cf2-48f9-b94e-cc525a1fe18a,post,ad09d6bb-460d-48d3-9b00-949e57ecc2a9,A,6.0,False
A-5184,c3395c09-65c4-464f-8d2c-18eadfd830ae,comment,ad09d6bb-460d-48d3-9b00-949e57ecc2a9,A,6.0,False
A-5185,066c4152-5f21-4cbe-b42b-5cbdd537726b,post,ad1360c7-2dce-484d-ac84-db737c2ac90f,A,1.0,False
A-5186,3623a1c5-8040-426d-b3e3-aa2ec3cf1f7c,post,ad348ca5-3ee3-424b-8aeb-89bb4226f07d,A,2.0,False
A-5187,948bf7c6-8480-4d55-9a74-c5b0eac3b648,post,ad348ca5-3ee3-424b-8aeb-89bb4226f07d,A,2.0,False
A-5188,4b545b23-abe7-4b71-b260-64930b5ffcdb,post,ad386281-7376-45ac-a9d9-dc618e749ecf,A,2.0,False
A-5189,56cf6f03-892a-4e4d-851a-fdf7ebe1a967,post,ad386281-7376-45ac-a9d9-dc618e749ecf,A,2.0,False
A-5190,31aba8c8-ec4f-46a8-9f71-5085b2dd6180,post,ad3f87be-b117-4e62-827c-fe52953c79c0,A,1.0,False
A-5191,69549db6-469d-44f3-9882-9bebd7b08ac5,post,ad5e1f6c-d409-42d6-816e-979283926cbe,A,1.0,False
A-5192,4e973dec-6c61-4009-b290-ada497cc5a76,post,ad639c0b-6f67-47eb-8f47-2c6d7319dfa0,A,6.0,False
A-5193,9dd6792a-bf42-46fe-836d-1abe6d23ccff,post,ad639c0b-6f67-47eb-8f47-2c6d7319dfa0,A,6.0,False
A-5194,bd055a50-eef5-4c1f-8613-5ef2b6243d9e,comment,ad639c0b-6f67-47eb-8f47-2c6d7319dfa0,A,6.0,False
A-5195,d083cf9f-dce8-4565-9af4-7eaeb33c6bc4,post,ad639c0b-6f67-47eb-8f47-2c6d7319dfa0,A,6.0,False
A-5196,d29e4b7b-ba4a-462d-9780-51e0b5e5f62c,post,ad639c0b-6f67-47eb-8f47-2c6d7319dfa0,A,6.0,False
A-5197,ed24c2d2-60eb-4586-9983-e3c011840050,post,ad639c0b-6f67-47eb-8f47-2c6d7319dfa0,A,6.0,False
A-5198,70eef5d1-e9e2-4231-bf33-09fb9d9a99fa,comment,ad6571ba-d805-4764-8307-e7e614122792,A,2.0,False
A-5199,a895c8c9-876e-4dec-8abb-0af3f4a5a316,post,ad6571ba-d805-4764-8307-e7e614122792,A,2.0,False
A-5200,012f3cc6-29d9-40a7-8203-f1be2ef3bdf1,post,ad66db43-51de-4467-b762-7d9e1e1786e6,A,8.0,False
A-5201,1044ea3d-81ef-4ac5-a3d4-24c144bab738,post,ad66db43-51de-4467-b762-7d9e1e1786e6,A,8.0,False
A-5202,341f065e-e4ba-4842-9437-cdb09dcfc636,post,ad66db43-51de-4467-b762-7d9e1e1786e6,A,8.0,False
A-5203,8dd7852b-a91f-41ea-b7f8-581f688cabd0,post,ad66db43-51de-4467-b762-7d9e1e1786e6,A,8.0,False
A-5204,8ea3835c-f654-43ff-94e4-fee9e8060e1e,post,ad66db43-51de-4467-b762-7d9e1e1786e6,A,8.0,False
A-5205,a8ec2f79-581f-4f40-9943-030d65285c46,post,ad66db43-51de-4467-b762-7d9e1e1786e6,A,8.0,False
A-5206,a920cdc7-4de4-4209-9493-25019d3e6dd0,post,ad66db43-51de-4467-b762-7d9e1e1786e6,A,8.0,False
A-5207,db68d257-2dc3-4267-9e89-643d973e1f2e,post,ad66db43-51de-4467-b762-7d9e1e1786e6,A,8.0,False
A-5208,12653ed4-8a52-46fd-9bd8-4f5e54e471a3,post,ad982755-9ac4-4083-9d1b-056cb5c265f8,A,2.0,False
A-5209,c7f116f0-e2df-46ab-acdf-f14160ccd8a1,post,ad982755-9ac4-4083-9d1b-056cb5c265f8,A,2.0,False
A-5210,59cece02-0114-4e8c-8a8f-a42a28b57578,post,ad998f48-3adb-416a-a92a-8330923316fe,A,1.0,False
A-5211,2c698884-d1c6-489d-847a-063cc937e3a7,post,ad9fd9e5-69d5-403b-8aad-b997dda3e294,A,2.0,False
A-5212,da2cc4d6-0b95-4192-90b2-57677fe71d2c,post,ad9fd9e5-69d5-403b-8aad-b997dda3e294,A,2.0,False
A-5213,d80880a9-fb11-4455-8b09-1fe71af33ef6,post,adefd94f-8dfd-4167-96e6-c0e83d70d3d6,A,1.0,False
A-5214,7519f02f-2190-4ad6-bdd9-df3316a97c49,post,adf6a274-9e30-405c-8161-8dbdd426f4e0,A,1.0,False
A-5215,4d501863-6abd-4623-9f95-3550874cff0b,post,ae00c7c6-d67f-42b1-aeb0-872cf30ca4fe,A,2.0,False
A-5216,c51cd027-1fa2-4d52-9cab-b90d39783156,comment,ae00c7c6-d67f-42b1-aeb0-872cf30ca4fe,A,2.0,False
A-5217,1b5633df-9409-4a84-9f2d-3d30b401815f,comment,ae2968a3-0ae2-4dea-a1d9-f5927fc850bb,A,5.0,False
A-5218,6f9b14e8-718c-4adc-8c19-be2128c25026,comment,ae2968a3-0ae2-4dea-a1d9-f5927fc850bb,A,5.0,False
A-5219,950b71c3-cc71-476a-94cb-256569bd34c1,post,ae2968a3-0ae2-4dea-a1d9-f5927fc850bb,A,5.0,False
A-5220,9545f1a8-0114-4b08-8203-d7fb81af4dea,post,ae2968a3-0ae2-4dea-a1d9-f5927fc850bb,A,5.0,False
A-5221,e8b06d40-cfd7-42d1-9e61-ed9e14ec5057,comment,ae2968a3-0ae2-4dea-a1d9-f5927fc850bb,A,5.0,False
A-5222,4160f689-397d-4e1d-bc18-9697afe9004b,post,ae349f24-8cac-440e-9da4-5cb015c25ad2,A,2.0,False
A-5223,b92e483c-d3a6-40c4-93e6-845301ce0abf,post,ae349f24-8cac-440e-9da4-5cb015c25ad2,A,2.0,False
A-5224,4a2ed261-ab6c-445e-b042-5a0853dd5fe0,post,ae4baf61-3464-415d-8e83-eeb66ff5b106,A,1.0,False
A-5225,b8ec9709-1022-4b23-9333-defe1c5a1dc8,post,ae52c409-2ad8-4d5c-903a-4c8ca4da6c60,A,1.0,False
A-5226,a219c329-67dc-4625-bb53-00692baac42d,post,ae578511-8ef4-40d3-8855-8e9337eab39d,A,1.0,False
A-5227,00c0bfcc-064c-415d-88f5-ada4473f25da,comment,ae6dfbcc-0e30-4a28-ad2f-d06146c5a779,A,13.0,False
A-5228,044ffe99-099d-4f00-b7b0-c209f4ff967d,post,ae6dfbcc-0e30-4a28-ad2f-d06146c5a779,A,13.0,False
A-5229,0bab0d01-404d-48a8-9f51-071cb58266ac,post,ae6dfbcc-0e30-4a28-ad2f-d06146c5a779,A,13.0,False
A-5230,1c7de9f3-aced-45d8-be59-cbd490df614b,post,ae6dfbcc-0e30-4a28-ad2f-d06146c5a779,A,13.0,False
A-5231,1c81d830-8c74-480d-8db8-cd51ae255e8a,comment,ae6dfbcc-0e30-4a28-ad2f-d06146c5a779,A,13.0,False
A-5232,3898232e-0b0e-4301-bc1f-e88765336b68,comment,ae6dfbcc-0e30-4a28-ad2f-d06146c5a779,A,13.0,False
A-5233,40c25287-3f5f-4f52-b6b4-918a09b744c9,comment,ae6dfbcc-0e30-4a28-ad2f-d06146c5a779,A,13.0,False
A-5234,53ec220d-4a9c-4a79-8dd3-79ab5fc94f5e,comment,ae6dfbcc-0e30-4a28-ad2f-d06146c5a779,A,13.0,False
A-5235,78bf9040-8018-494e-805b-47ae4bf9e0f2,post,ae6dfbcc-0e30-4a28-ad2f-d06146c5a779,A,13.0,False
A-5236,e615e6f9-a8ba-45bc-a68c-31c26a160f13,comment,ae6dfbcc-0e30-4a28-ad2f-d06146c5a779,A,13.0,False
A-5237,e77a0689-3700-48ae-b479-3db04278bc79,post,ae6dfbcc-0e30-4a28-ad2f-d06146c5a779,A,13.0,False
A-5238,f7cfbe52-b166-4226-a42d-6e7b7a008cc8,post,ae6dfbcc-0e30-4a28-ad2f-d06146c5a779,A,13.0,False
A-5239,fe1921e5-bba2-48c4-aa9f-2bbc66ee4c6f,comment,ae6dfbcc-0e30-4a28-ad2f-d06146c5a779,A,13.0,False
A-5240,63d45720-da83-402b-bbdd-b676cdd88318,comment,aea635e7-210e-48dd-a77c-675dba61010b,A,3.0,False
A-5241,b4ff6f36-c6f7-46c0-9199-c48ef203b503,comment,aea635e7-210e-48dd-a77c-675dba61010b,A,3.0,False
A-5242,b8e7f968-98c4-49c8-b371-f8b95d839d1e,post,aea635e7-210e-48dd-a77c-675dba61010b,A,3.0,False
A-5243,0f5e3909-6e06-429a-9a16-21ad44d39dbb,post,aec51b44-cb9f-48d8-974e-7327742febbb,A,2.0,False
A-5244,f17c75f0-9cd6-4b6d-8414-7e2f20c1af1f,post,aec51b44-cb9f-48d8-974e-7327742febbb,A,2.0,False
A-5245,a95114a2-806e-46de-8b93-4810b1094a38,comment,af1acfc8-2dab-47cb-802f-65df6e824f78,A,2.0,False
A-5246,ef80c2a4-9a02-445c-b193-4f698d68e10a,post,af1acfc8-2dab-47cb-802f-65df6e824f78,A,2.0,False
A-5247,2b8c117f-35ad-40e5-93c6-48d771782985,post,af2b0612-d38d-4011-bf10-226d6dfb1f62,A,1.0,False
A-5248,8df434e5-b7e0-4678-a888-b6d82ccb52ea,post,af30e9d6-def9-43a1-98f8-9a2150494886,A,1.0,False
A-5249,ab5c78a8-9170-4467-9cd5-0d85d27a518c,post,af61fbae-a3e8-4ab8-a30a-a0156a800b4e,A,1.0,False
A-5250,72cf5cf4-a323-4af2-a448-091d30492a53,post,afb9a668-640b-46cc-becb-14b72a92af05,A,1.0,False
A-5251,52fe911a-8568-40ed-a0cd-c2458fd3ecf3,post,afbf8482-71fb-4d75-9cb7-275cc49773b1,A,1.0,False
A-5252,2a6c644a-963c-4b66-8530-9f80f92e41bc,comment,afd61d3f-142d-4e2d-b908-dfa884294664,A,3.0,False
A-5253,755221e8-a749-4c1f-8705-9b646536c459,comment,afd61d3f-142d-4e2d-b908-dfa884294664,A,3.0,False
A-5254,d338130a-d297-495c-a0e7-76e110c939e4,comment,afd61d3f-142d-4e2d-b908-dfa884294664,A,3.0,False
A-5255,03598dce-876e-4dab-8c3d-f48ffefee6dd,comment,afd8722d-031c-43a8-82eb-21768c3e8bfb,A,10.0,False
A-5256,0359ec22-b4cf-49b4-9524-6411c4ff8a6a,comment,afd8722d-031c-43a8-82eb-21768c3e8bfb,A,10.0,False
A-5257,53308d2a-8afd-44a9-b569-a9c0b0bf3783,comment,afd8722d-031c-43a8-82eb-21768c3e8bfb,A,10.0,False
A-5258,5b5c0f6d-1171-497d-bb20-4b0b645ab25f,comment,afd8722d-031c-43a8-82eb-21768c3e8bfb,A,10.0,False
A-5259,6aef9767-488c-4e2e-8973-9d89072aed8c,post,afd8722d-031c-43a8-82eb-21768c3e8bfb,A,10.0,False
A-5260,72e9a7f1-d479-428c-bd12-2f313272007f,comment,afd8722d-031c-43a8-82eb-21768c3e8bfb,A,10.0,False
A-5261,794d5ce4-a913-4d72-bc17-de28274ad60f,comment,afd8722d-031c-43a8-82eb-21768c3e8bfb,A,10.0,False
A-5262,ab571a19-fc1e-4fdd-97de-2111977815fc,comment,afd8722d-031c-43a8-82eb-21768c3e8bfb,A,10.0,False
A-5263,ad6f5834-ffbe-4762-b4bf-5a9b4823d5d1,comment,afd8722d-031c-43a8-82eb-21768c3e8bfb,A,10.0,False
A-5264,b3164aa4-f381-475f-a00b-e67bf52ac0b3,post,afd8722d-031c-43a8-82eb-21768c3e8bfb,A,10.0,False
A-5265,0153bd8c-eba4-4f66-bf57-a98ac320d8d4,comment,afddb7c7-be22-4e8a-8ded-96547de3f6c8,A,9.0,False
A-5266,28ad3d4b-5652-41fc-b547-a15a12b98be6,comment,afddb7c7-be22-4e8a-8ded-96547de3f6c8,A,9.0,False
A-5267,3133e35e-ff28-4e63-b259-ff092f76da01,comment,afddb7c7-be22-4e8a-8ded-96547de3f6c8,A,9.0,False
A-5268,73982639-d001-450c-b431-e0affa463c21,comment,afddb7c7-be22-4e8a-8ded-96547de3f6c8,A,9.0,False
A-5269,7da4fa22-890b-4259-b497-cbcad7d5ecf3,comment,afddb7c7-be22-4e8a-8ded-96547de3f6c8,A,9.0,False
A-5270,ae3c357e-1d51-4c7c-a23e-791184e70eae,comment,afddb7c7-be22-4e8a-8ded-96547de3f6c8,A,9.0,False
A-5271,f30488bd-e69d-4f39-93fc-4eba34bfb4b7,comment,afddb7c7-be22-4e8a-8ded-96547de3f6c8,A,9.0,False
A-5272,f8143d03-74a1-4824-9bdc-97c9ba0931f7,post,afddb7c7-be22-4e8a-8ded-96547de3f6c8,A,9.0,False
A-5273,fb4e22b0-c9f4-4de4-b3f1-6834d1f67307,comment,afddb7c7-be22-4e8a-8ded-96547de3f6c8,A,9.0,False
A-5274,6d310c8d-419d-4983-a839-c34a9c619858,post,aff64a08-db6a-4b7f-bb3f-3351d5481ecf,A,1.0,False
A-5275,50e198b3-57bf-4664-a0a7-3b57fd3d93a2,post,b0072d62-da68-4234-8f0f-56a56cce0e80,A,1.0,False
A-5276,378db6bd-d0e2-4fce-b0a4-9df591102feb,post,b038990d-a4f1-4129-8225-f17226db1476,A,1.0,False
A-5277,2f56c2d0-f318-40d9-bbfc-ab0d093bebfa,post,b07356a6-fc22-4085-834a-2796e9bdb389,A,1.0,False
A-5278,b174c178-a3b3-4ae0-8367-9621f1aa4bb2,comment,b07aa448-b6d4-4187-8f78-edcb8ed4b0a6,A,1.0,False
A-5279,2cab2ff1-2dbe-45d8-b53d-543acc0026a6,post,b0800213-2b80-4020-8758-f199c2deddf6,A,2.0,False
A-5280,b8f287ca-e669-4538-b310-6eb7c535116e,post,b0800213-2b80-4020-8758-f199c2deddf6,A,2.0,False
A-5281,59fe4ce0-b04f-4ece-a318-afb48d72c6cb,post,b08b1458-6a92-4436-9c2c-761e5bac891b,A,1.0,False
A-5282,34798378-1463-4b3a-ad27-cf8ac9fb5dd7,post,b098dac0-16b5-44fc-962a-c1af51a887b3,A,15.0,False
A-5283,40f5bce0-f1af-426d-8227-e9d81a217f34,comment,b098dac0-16b5-44fc-962a-c1af51a887b3,A,15.0,False
A-5284,4b13b5e9-854e-4658-9311-2dd89b04357d,comment,b098dac0-16b5-44fc-962a-c1af51a887b3,A,15.0,False
A-5285,52f42ca3-ece6-4cbf-8d53-1db01ecb09a1,post,b098dac0-16b5-44fc-962a-c1af51a887b3,A,15.0,False
A-5286,5a494469-3fef-4e7b-9036-86100624cbed,comment,b098dac0-16b5-44fc-962a-c1af51a887b3,A,15.0,False
A-5287,5ac2de41-8152-4a11-94cd-072156c7acbd,comment,b098dac0-16b5-44fc-962a-c1af51a887b3,A,15.0,False
A-5288,61643d93-5ce7-4fac-b1da-6f4e956fb356,post,b098dac0-16b5-44fc-962a-c1af51a887b3,A,15.0,False
A-5289,779c267b-7a24-4fd6-a098-e75a0f1aa87b,comment,b098dac0-16b5-44fc-962a-c1af51a887b3,A,15.0,False
A-5290,ae887656-5650-40a6-98e5-134b66604b99,post,b098dac0-16b5-44fc-962a-c1af51a887b3,A,15.0,False
A-5291,b1d7fa0f-cff9-4d7e-adc3-25a4819f2ba3,comment,b098dac0-16b5-44fc-962a-c1af51a887b3,A,15.0,False
A-5292,c64302ef-7420-48cd-aa5b-ab9ac5e41053,comment,b098dac0-16b5-44fc-962a-c1af51a887b3,A,15.0,False
A-5293,ced951ea-e29f-424f-b642-42cb24309e52,post,b098dac0-16b5-44fc-962a-c1af51a887b3,A,15.0,False
A-5294,d1e592cf-9758-4537-ab58-a1f51f696cf7,post,b098dac0-16b5-44fc-962a-c1af51a887b3,A,15.0,False
A-5295,d4ca5ddf-b85d-491c-b528-e3800065551e,comment,b098dac0-16b5-44fc-962a-c1af51a887b3,A,15.0,False
A-5296,ea6ca8dc-eda3-4984-b5ab-037c74a3034c,post,b098dac0-16b5-44fc-962a-c1af51a887b3,A,15.0,False
A-5297,34b30afb-66dd-4439-b4d7-17704fc0d333,post,b0a4812b-2378-4972-b376-ac2c4e1832dd,A,2.0,False
A-5298,c5be796e-08e2-4018-8925-e69a5ad988cf,post,b0a4812b-2378-4972-b376-ac2c4e1832dd,A,2.0,False
A-5299,0a6678d6-5d2a-47ff-b8dc-7d63084e0275,comment,b0ab1838-6724-4c2b-b670-2d8a61de1226,A,2.0,False
A-5300,24cbc9ed-4be9-4447-9fdd-442957ebf2d8,post,b0ab1838-6724-4c2b-b670-2d8a61de1226,A,2.0,False
A-5301,6ade202a-b703-4f7b-8ef9-aef2e80ab31c,post,b0b25d90-fef8-4ede-9e83-4c6d3f999bc5,A,1.0,False
A-5302,03cfc4df-7ff9-4d29-ac52-a41468adce20,comment,b0eaac3f-383a-455c-8ab1-405b06e84003,A,4.0,False
A-5303,a87955ce-0ff2-463c-b362-09a822dfffc3,post,b0eaac3f-383a-455c-8ab1-405b06e84003,A,4.0,False
A-5304,b60f2a01-7845-4471-841b-55dce7d5f4db,comment,b0eaac3f-383a-455c-8ab1-405b06e84003,A,4.0,False
A-5305,db0b709f-5fe8-4b25-bd8e-5aac2d94dd69,post,b0eaac3f-383a-455c-8ab1-405b06e84003,A,4.0,False
A-5306,77a8bc54-a8fc-4bb5-bd45-57f24451f90a,post,b0fb233b-131f-491c-9a28-5a3975322bd8,A,1.0,False
A-5307,767c1e22-e1c6-47a0-97a8-a82ad2556cff,post,b110bae5-8142-4252-b2e2-0c63b4e6be97,A,50.0,True
A-5308,cb887a3c-18e0-486a-944f-d4902eece5f5,post,b110bae5-8142-4252-b2e2-0c63b4e6be97,A,50.0,False
A-5309,184d5b6c-cad4-45a2-ac8c-9fc4e609077e,post,b110bae5-8142-4252-b2e2-0c63b4e6be97,A,50.0,False
A-5310,d8618a76-0baf-4e54-a93a-0a910bfea1b6,post,b110bae5-8142-4252-b2e2-0c63b4e6be97,A,50.0,True
A-5311,6fbb5ad6-a9eb-40c8-841d-84dfc7d56ffe,post,b110bae5-8142-4252-b2e2-0c63b4e6be97,A,50.0,True
A-5312,c7a471e2-2e7a-4e26-b60f-1f1b52c94b34,post,b110bae5-8142-4252-b2e2-0c63b4e6be97,A,50.0,True
A-5313,d2632d47-6d4e-4dc0-88aa-ae1183e5a380,post,b110bae5-8142-4252-b2e2-0c63b4e6be97,A,50.0,False
A-5314,77513fd2-7742-4d17-9733-73dd2a624a96,post,b110bae5-8142-4252-b2e2-0c63b4e6be97,A,50.0,False
A-5315,2ed45609-85a0-4ec1-b4d2-c030de8eee79,post,b110bae5-8142-4252-b2e2-0c63b4e6be97,A,50.0,False
A-5316,6cc74e46-e316-40a6-83dc-f684b64f9322,post,b110bae5-8142-4252-b2e2-0c63b4e6be97,A,50.0,False
A-5317,51513eb0-6a2e-48b7-92f3-036ee709ecab,post,b110bae5-8142-4252-b2e2-0c63b4e6be97,A,50.0,False
A-5318,0d6d0d03-e297-4e91-a9b6-ecb240e2a577,post,b110bae5-8142-4252-b2e2-0c63b4e6be97,A,50.0,False
A-5319,4a15ae20-e0b6-4904-bd1e-3a9bc2647f1b,post,b110bae5-8142-4252-b2e2-0c63b4e6be97,A,50.0,False
A-5320,1868f617-79e6-4ea1-be20-21280c45fbda,post,b110bae5-8142-4252-b2e2-0c63b4e6be97,A,50.0,True
A-5321,b6848100-eb42-43cf-ae67-7cbf3db99a91,post,b110bae5-8142-4252-b2e2-0c63b4e6be97,A,50.0,False
A-5322,82a2ff8f-86a9-4e53-a911-752cbfe872f3,post,b12503ea-2c71-4a33-8423-ca89214bf674,A,2.0,False
A-5323,9b5173b9-4d47-4f5f-aa2a-819d17789339,post,b12503ea-2c71-4a33-8423-ca89214bf674,A,2.0,False
A-5324,074be4bb-852b-4d3f-9ecc-7feb2e7cfee8,comment,b130977e-a4e3-4fc9-abe5-eef4fd00e7fd,A,5.0,False
A-5325,1cb071e4-fe2a-456b-b1d6-e1e060daf43d,comment,b130977e-a4e3-4fc9-abe5-eef4fd00e7fd,A,5.0,False
A-5326,27cbfb01-7b68-4359-8318-458265348859,comment,b130977e-a4e3-4fc9-abe5-eef4fd00e7fd,A,5.0,False
A-5327,8f8ccce7-7a22-428c-bc36-de9fc6bd2b53,comment,b130977e-a4e3-4fc9-abe5-eef4fd00e7fd,A,5.0,False
A-5328,9466a2f3-bdb4-46fb-9ca5-2c68178ff0da,comment,b130977e-a4e3-4fc9-abe5-eef4fd00e7fd,A,5.0,False
A-5329,f3110740-3faf-4247-9397-43895d6df6ba,comment,b13697eb-c76b-4885-8f7c-b37075c51c6e,A,1.0,False
A-5330,c154180f-5bb6-4a55-92bb-14b6ef9da6da,post,b14e1a82-9439-4318-a6b7-d39f7cd07576,A,4.0,False
A-5331,c8148ed1-9ea3-4f50-9dfe-5bc5a1403f26,post,b14e1a82-9439-4318-a6b7-d39f7cd07576,A,4.0,False
A-5332,d4b511ea-f88e-4f93-af76-81965b54ee19,post,b14e1a82-9439-4318-a6b7-d39f7cd07576,A,4.0,False
A-5333,efad78f6-db19-4596-8152-44266b5bd185,post,b14e1a82-9439-4318-a6b7-d39f7cd07576,A,4.0,False
A-5334,1d65d92c-faba-47c3-b695-a9a5e07d50a3,comment,b1640b0b-4d4b-4c8a-978d-ca9cb9c8a6ec,A,4.0,False
A-5335,67a49495-c1a3-4266-9132-489791c2218a,post,b1640b0b-4d4b-4c8a-978d-ca9cb9c8a6ec,A,4.0,False
A-5336,a7c93830-2625-4e15-b1b6-8dcd713c02d5,post,b1640b0b-4d4b-4c8a-978d-ca9cb9c8a6ec,A,4.0,False
A-5337,b2603ebd-f433-43bb-97f0-d798f773857d,comment,b1640b0b-4d4b-4c8a-978d-ca9cb9c8a6ec,A,4.0,False
A-5338,5a9378c5-1326-4c79-b379-f64f80446989,post,b165db53-52af-4a49-a1bc-9e4c306f33cb,A,3.0,False
A-5339,a1eca8ed-79cc-4d49-a4b8-4834827436c7,post,b165db53-52af-4a49-a1bc-9e4c306f33cb,A,3.0,False
A-5340,c07c83c6-f71a-4acb-be3a-9a265e3f4e19,post,b165db53-52af-4a49-a1bc-9e4c306f33cb,A,3.0,False
A-5341,e221d03e-d082-4961-a43c-9b4a04d48eec,comment,b18f305c-1613-42ca-8988-ba2844b27fe9,A,71.0,False
A-5342,e2c2c4ae-8dd3-43d8-90e2-e0d5c36764f3,comment,b18f305c-1613-42ca-8988-ba2844b27fe9,A,71.0,False
A-5343,a0cac6af-a4c3-45a9-9305-f95e1d654680,comment,b18f305c-1613-42ca-8988-ba2844b27fe9,A,71.0,False
A-5344,49eabe9a-d835-4529-adb2-7b8b1f6f629b,post,b18f305c-1613-42ca-8988-ba2844b27fe9,A,71.0,False
A-5345,9dd3ceb6-1762-45e9-bab2-e7ca59e49ad3,post,b18f305c-1613-42ca-8988-ba2844b27fe9,A,71.0,True
A-5346,327efa0f-215f-46f8-bee0-55812fcb7429,comment,b18f305c-1613-42ca-8988-ba2844b27fe9,A,71.0,False
A-5347,2c31a1d1-e1e4-4097-bcf2-44fb8d55ab21,comment,b18f305c-1613-42ca-8988-ba2844b27fe9,A,71.0,False
A-5348,e0727f9d-867c-485c-814c-3d0753a9314f,post,b18f305c-1613-42ca-8988-ba2844b27fe9,A,71.0,True
A-5349,d24906f0-d864-4284-8d32-e9fdbf1dc5c6,post,b18f305c-1613-42ca-8988-ba2844b27fe9,A,71.0,False
A-5350,6ee3d652-5602-4bd4-82eb-b3b4cc745c85,comment,b18f305c-1613-42ca-8988-ba2844b27fe9,A,71.0,False
A-5351,2b0f3f47-9e87-4abe-952e-51cbf25c4ecd,comment,b18f305c-1613-42ca-8988-ba2844b27fe9,A,71.0,False
A-5352,52d7249e-12f8-4bbb-bfa2-a852923a514d,comment,b18f305c-1613-42ca-8988-ba2844b27fe9,A,71.0,False
A-5353,c711078c-0b5e-4153-955c-ba49fde30f8d,post,b18f305c-1613-42ca-8988-ba2844b27fe9,A,71.0,True
A-5354,2a4a86d4-8ae2-4093-9c3b-602f8c80986a,comment,b18f305c-1613-42ca-8988-ba2844b27fe9,A,71.0,False
A-5355,349e1777-497c-41f2-8e73-6f61c8b9d1dd,comment,b18f305c-1613-42ca-8988-ba2844b27fe9,A,71.0,False
A-5356,fe0f55ad-eb17-4a80-be0b-18902d51e905,post,b194d694-ff6e-4e3f-937f-7a569388190f,A,1.0,False
A-5357,0b2a5dfe-319b-4a18-8467-a74c4e98469d,post,b1a068f0-f9f8-4e90-8c31-52eb57aae994,A,1.0,False
A-5358,1ff7ddeb-2777-40be-b450-cc30f35ac68c,comment,b1a803a2-d2c7-4cd1-b389-5542dfc4d35c,A,3.0,False
A-5359,3f14df4b-cf3f-454c-a988-6334cc72c0d1,comment,b1a803a2-d2c7-4cd1-b389-5542dfc4d35c,A,3.0,False
A-5360,dd6301ce-fdc2-47dc-ba5a-695be3a633b1,post,b1a803a2-d2c7-4cd1-b389-5542dfc4d35c,A,3.0,False
A-5361,b19f8187-9ea8-4c87-b43b-f4db1d9f06ea,post,b1baa489-4c8f-4e2e-977f-b78fbf63c744,A,1.0,False
A-5362,ead04ab0-1c4b-4eca-80bd-7fefb84101ce,post,b1bbec19-595e-4272-a455-c8f9a2dfef6b,A,1.0,False
A-5363,c2412d18-eda2-48a3-bd65-b2700903679f,post,b1c5cedb-3cf4-45c0-bf67-5ce1c98367cc,A,1.0,False
A-5364,07cf740e-10af-4f58-a3ae-a2b9f5a7626c,post,b1e3221f-add8-4c8c-9ac7-7fcd0f319fcf,A,10.0,False
A-5365,095cb48d-7b55-4a2a-b000-a222237d2e12,post,b1e3221f-add8-4c8c-9ac7-7fcd0f319fcf,A,10.0,False
A-5366,1f221ae2-8bd5-4bb2-a982-949426f74a8a,post,b1e3221f-add8-4c8c-9ac7-7fcd0f319fcf,A,10.0,False
A-5367,4932785d-d4ac-4f59-98c6-787d544e4542,comment,b1e3221f-add8-4c8c-9ac7-7fcd0f319fcf,A,10.0,False
A-5368,560a8a0a-9ed4-4eaf-ab0f-32143762ab03,post,b1e3221f-add8-4c8c-9ac7-7fcd0f319fcf,A,10.0,False
A-5369,5cc0d7a7-6ebd-4198-b4e4-9797522c8337,comment,b1e3221f-add8-4c8c-9ac7-7fcd0f319fcf,A,10.0,False
A-5370,82015068-3737-4c22-8a62-817d41b4bf00,comment,b1e3221f-add8-4c8c-9ac7-7fcd0f319fcf,A,10.0,False
A-5371,9ed5fa62-3ce4-4602-9f5a-e87d72917445,comment,b1e3221f-add8-4c8c-9ac7-7fcd0f319fcf,A,10.0,False
A-5372,baafead3-2f9c-493e-a235-7b3807989066,comment,b1e3221f-add8-4c8c-9ac7-7fcd0f319fcf,A,10.0,False
A-5373,e5812864-1126-4bcf-8b4d-d22b9cc029cd,comment,b1e3221f-add8-4c8c-9ac7-7fcd0f319fcf,A,10.0,False
A-5374,9de0c033-a361-41c9-b93c-53e191dff2cf,comment,b205a6da-ec4d-477a-a021-c38801d036e9,A,2.0,False
A-5375,c6617051-05a7-4efa-a517-0b1697f2784b,post,b205a6da-ec4d-477a-a021-c38801d036e9,A,2.0,False
A-5376,32f9b41e-349e-4888-a08d-be6e450f5d98,post,b2249ad6-e226-4864-b4e7-1054f6ccb9b0,A,2.0,False
A-5377,a15ff484-68af-42d0-b2b8-5cde1579231a,comment,b2249ad6-e226-4864-b4e7-1054f6ccb9b0,A,2.0,False
A-5378,efb46038-f542-4634-96ad-6b6cd0aa6b2c,post,b2357495-8589-4b2f-8fb1-39b50a028052,A,1.0,False
A-5379,20d058a1-1aa4-4de4-aadf-c5c513091637,comment,b235fea8-b0b9-4e80-95b6-4d6399f870f6,A,1.0,False
A-5380,495b7b0b-94a0-491b-b916-30a041a8cbeb,post,b23d363f-9ec3-44cd-a524-273770e40922,A,7.0,False
A-5381,5edb072a-9050-44f4-b294-d38b46edec05,comment,b23d363f-9ec3-44cd-a524-273770e40922,A,7.0,False
A-5382,7f733b3a-9d55-423a-8365-b8f04fe51c51,post,b23d363f-9ec3-44cd-a524-273770e40922,A,7.0,False
A-5383,ba2e4ca4-c4c2-480b-93ea-a1fe249fe51c,comment,b23d363f-9ec3-44cd-a524-273770e40922,A,7.0,False
A-5384,bdc8f9db-6e74-4290-bdc1-3b5a76a917ce,post,b23d363f-9ec3-44cd-a524-273770e40922,A,7.0,False
A-5385,d2cb3d09-3616-4ac1-b2fb-b15656a707d6,comment,b23d363f-9ec3-44cd-a524-273770e40922,A,7.0,False
A-5386,de1418db-5fe8-4c74-beca-25cd211b4164,comment,b23d363f-9ec3-44cd-a524-273770e40922,A,7.0,False
A-5387,dc800a5f-97c8-49cc-bf1b-958ff250ed62,post,b24f6303-cc05-46aa-9e26-1420e0558b24,A,1.0,False
A-5388,59a54eac-e829-485e-9d6c-6505cebe2581,post,b260a694-c8dd-4425-9595-dec10b15f436,A,2.0,False
A-5389,a6739aed-32e6-4f78-8f52-8b0b80d77136,comment,b260a694-c8dd-4425-9595-dec10b15f436,A,2.0,False
A-5390,953e85da-27ba-4692-b59c-0a03b81b8cb7,post,b27296c7-5547-402e-b51d-f27f9190bbc4,A,1.0,False
A-5391,30f17366-3f82-4025-852a-ec15840eb26d,post,b2829d8b-b3b4-4883-97ba-d94c54a3e600,A,1.0,False
A-5392,5ce31be5-f9ad-4438-93ef-b762f33270dd,post,b28cacda-676d-4323-8293-63a3349b12f5,A,2.0,False
A-5393,66a7c02f-7722-412d-a86f-10d6ff20782e,post,b28cacda-676d-4323-8293-63a3349b12f5,A,2.0,False
A-5394,ee8b7a6c-3ff1-47ae-8a60-b5c707e867ae,post,b2b1e636-3651-4eb1-b642-391f8d929010,A,2.0,False
A-5395,eeb20095-8d0e-46d7-921d-d626f1eccf15,comment,b2b1e636-3651-4eb1-b642-391f8d929010,A,2.0,False
A-5396,3e96d3fc-4950-40ce-be53-2684a2fcb420,post,b2b6b1d6-6df6-4bdb-bd50-814d311967e6,A,1.0,False
A-5397,f6f189fd-9853-45e9-b531-6f59207379c4,comment,b2d6ff5b-62f4-44f5-abcc-5fd22914b3ed,A,1.0,False
A-5398,97fcc92a-3eca-4d19-aa7f-7bb7933ceb59,post,b2eb92a5-f747-498d-8b0f-9abe6ca75c92,A,1.0,False
A-5399,32887328-0c15-447d-8f3d-edb4aff770f5,post,b3051689-15da-4196-a0c6-a88e7c46e9aa,A,1.0,False
A-5400,0c791c51-866b-4795-a36c-9f6a80e94157,post,b30fa96e-2b7a-4e53-bdf8-c5a170cd6bb8,A,9.0,False
A-5401,21cccb92-14ff-4713-84a0-9da9292e1ba7,post,b30fa96e-2b7a-4e53-bdf8-c5a170cd6bb8,A,9.0,False
A-5402,37a7bc28-9fdf-43ca-ab5c-7b065a76166b,post,b30fa96e-2b7a-4e53-bdf8-c5a170cd6bb8,A,9.0,False
A-5403,686edd8e-585b-48e2-8364-6b3052ff14c6,post,b30fa96e-2b7a-4e53-bdf8-c5a170cd6bb8,A,9.0,False
A-5404,857b17f6-a5c4-4713-bf63-5c4210968f81,post,b30fa96e-2b7a-4e53-bdf8-c5a170cd6bb8,A,9.0,False
A-5405,87520737-9cef-4c46-a9a2-b2e8ec56c0fe,comment,b30fa96e-2b7a-4e53-bdf8-c5a170cd6bb8,A,9.0,False
A-5406,9a0b067a-79b5-4856-bc58-91ed19e6b314,comment,b30fa96e-2b7a-4e53-bdf8-c5a170cd6bb8,A,9.0,False
A-5407,d4d31128-e5a4-4f01-80f8-32a3044e8189,post,b30fa96e-2b7a-4e53-bdf8-c5a170cd6bb8,A,9.0,False
A-5408,ff0a4e5e-1f15-4110-a13d-fb8c74fffbcd,comment,b30fa96e-2b7a-4e53-bdf8-c5a170cd6bb8,A,9.0,False
A-5409,01426de0-47eb-40b9-9774-7c0dc6b9970e,comment,b369d777-70a3-422a-81d5-621f2611cce0,A,3.0,False
A-5410,9eb4ae32-5dda-43c5-9b3c-46901aa0e887,post,b369d777-70a3-422a-81d5-621f2611cce0,A,3.0,False
A-5411,cc7e7b25-cd4d-4770-81eb-61802f96240a,post,b369d777-70a3-422a-81d5-621f2611cce0,A,3.0,False
A-5412,6dfd256c-6ced-4fee-a6ab-e5e4db2f77c0,post,b388a155-76e1-4003-b648-697fd24adac9,A,4.0,False
A-5413,a16b8606-aeeb-4068-b10f-88d62fafe477,post,b388a155-76e1-4003-b648-697fd24adac9,A,4.0,False
A-5414,dc1f5c85-310e-4723-a9fa-7b53d79ba7e9,post,b388a155-76e1-4003-b648-697fd24adac9,A,4.0,False
A-5415,fc6aa243-90c7-4438-9d2d-7b456432ead9,post,b388a155-76e1-4003-b648-697fd24adac9,A,4.0,False
A-5416,8a49c728-2447-4212-8a66-be2f5272ac0f,comment,b390c709-336f-4a2a-8dcd-3a95b332b35d,A,3.0,False
A-5417,cfb34ca5-3e20-485c-9878-aa4ac4ff9fff,comment,b390c709-336f-4a2a-8dcd-3a95b332b35d,A,3.0,False
A-5418,d814b14c-f540-4411-8706-90d3b87ba59d,comment,b390c709-336f-4a2a-8dcd-3a95b332b35d,A,3.0,False
A-5419,c1845efb-7a21-4f8a-b176-3ffe4b6b465b,post,b3b54ad6-dc31-4e18-b12e-04dcf557264e,A,1.0,False
A-5420,adfc376e-08c4-450e-b5d7-4e78bd60d470,post,b3bd3722-bdba-44ca-9972-fd249c5c6965,A,1.0,False
A-5421,206d63ff-479f-405e-99a2-936fd48b56bc,post,b4117724-e6a4-4cf5-af10-f96399b3a866,A,3.0,False
A-5422,44610f41-9773-49f4-85d2-88b83b136f1a,post,b4117724-e6a4-4cf5-af10-f96399b3a866,A,3.0,False
A-5423,c2d38d9d-7c83-4197-bf8a-f3b0c5816e72,post,b4117724-e6a4-4cf5-af10-f96399b3a866,A,3.0,False
A-5424,b0132f68-eb76-4b15-b06d-0c37a5c18f74,comment,b41b1c2e-80de-468b-8384-eec130ca80b0,A,1.0,False
A-5425,812edffe-f2f1-498f-ad50-5d9578860dbf,post,b41d2678-e03c-4e8b-a821-97731d2d8d85,A,1.0,False
A-5426,cfc2cd71-1a09-498d-9d4b-1a49df8ffb78,post,b41da7fd-953a-444a-be2d-434a10aba5b5,A,1.0,False
A-5427,69edad39-eed4-43f7-9a1c-2c242a0d4406,post,b42998cd-a6f1-4eb4-ba07-35c0cf27b447,A,2.0,False
A-5428,a3c3c872-0efe-4e69-95e2-237ed48f2bdb,post,b42998cd-a6f1-4eb4-ba07-35c0cf27b447,A,2.0,False
A-5429,8de5436d-d882-4ef8-9d7b-9d1ac1c5ffac,post,b4385f80-d598-4fbf-a0da-257ccd326a76,A,1.0,False
A-5430,e5809fcd-5b38-4edf-b7d2-008e6eeb6815,post,b4512aad-867b-4442-9734-58666de2beba,A,1.0,False
A-5431,8eb011fd-4f36-4cdb-a96a-8cfa48b18259,comment,b46fa3ef-a135-4729-9270-ea4dced879c0,A,1.0,False
A-5432,445abe52-1664-4da8-b151-ded26f3c5a64,post,b479873c-64df-4370-a56b-54d5cb652a6d,A,3.0,False
A-5433,92602dbd-5b76-4c5e-b74c-e780109d8c4f,comment,b479873c-64df-4370-a56b-54d5cb652a6d,A,3.0,False
A-5434,ce6f326c-23b1-41b4-b101-dd95a177634b,comment,b479873c-64df-4370-a56b-54d5cb652a6d,A,3.0,False
A-5435,44d7f717-f3c5-4869-8727-4c9c4347d9a0,post,b47b1367-a076-4747-a7c1-c6d0d91e8b72,A,3.0,False
A-5436,5c398313-3ac8-4b83-8fa3-db20df3e6fa4,post,b47b1367-a076-4747-a7c1-c6d0d91e8b72,A,3.0,False
A-5437,7ae6bede-f725-4082-b743-2fa0152f2ccf,post,b47b1367-a076-4747-a7c1-c6d0d91e8b72,A,3.0,False
A-5438,555064c4-4bc3-4eb8-82a0-a95a7052252d,comment,b4880ed4-8783-4a47-8cff-fb070e70c7c0,A,7.0,False
A-5439,614c8511-936f-439e-8e79-f646c7e500ed,post,b4880ed4-8783-4a47-8cff-fb070e70c7c0,A,7.0,False
A-5440,a58eedb4-f9c7-4421-9e7e-151b214b0154,post,b4880ed4-8783-4a47-8cff-fb070e70c7c0,A,7.0,False
A-5441,b071d448-d8d0-4499-a85c-4e57d6a7294b,comment,b4880ed4-8783-4a47-8cff-fb070e70c7c0,A,7.0,False
A-5442,beca60cb-9627-4d3a-a40f-11cfc83d4e02,comment,b4880ed4-8783-4a47-8cff-fb070e70c7c0,A,7.0,False
A-5443,ca02fe5f-e7ec-4556-8763-6c555ef45286,post,b4880ed4-8783-4a47-8cff-fb070e70c7c0,A,7.0,False
A-5444,eb34a908-8e81-4a78-819b-41ae5b82a7b4,comment,b4880ed4-8783-4a47-8cff-fb070e70c7c0,A,7.0,False
A-5445,77625c9c-c4a1-4375-9e59-3e074b8faa40,post,b48ce1bb-1ad5-488d-84fd-2aa75536756f,A,1.0,False
A-5446,103bd077-e232-46c5-9999-3632341dfcfa,post,b4935d8e-78e2-4e5d-aab8-97a09ce1d9f0,A,4.0,False
A-5447,99d473ec-72a2-433b-8d8d-3294d54c45ae,post,b4935d8e-78e2-4e5d-aab8-97a09ce1d9f0,A,4.0,False
A-5448,cbc733c5-bb25-4e6e-9657-6696d6c2676b,post,b4935d8e-78e2-4e5d-aab8-97a09ce1d9f0,A,4.0,False
A-5449,ed5e5f8f-8dfd-4070-9314-049398714a90,post,b4935d8e-78e2-4e5d-aab8-97a09ce1d9f0,A,4.0,False
A-5450,8601d0dd-4fc2-49a1-89bb-4b3b5125888b,comment,b4f2d899-c2ea-4a60-93c8-eff2566f6223,A,4.0,False
A-5451,d8005e37-6ac4-4164-b440-7e397f63152f,comment,b4f2d899-c2ea-4a60-93c8-eff2566f6223,A,4.0,False
A-5452,dcede28e-f905-4ef4-86b0-aee240af06ea,post,b4f2d899-c2ea-4a60-93c8-eff2566f6223,A,4.0,False
A-5453,f0962a5d-2ce4-46f4-90d5-b3fc357de531,comment,b4f2d899-c2ea-4a60-93c8-eff2566f6223,A,4.0,False
A-5454,48667e15-1699-475d-b347-4c24612ae149,comment,b5206eb0-5883-4f7f-8015-5e12cb606e0c,A,1.0,False
A-5455,44f1153a-3156-4190-ad4c-4606bc3b3efd,post,b5214341-3f00-4c97-a745-f874d96028f6,A,1.0,False
A-5456,9a1aa980-bffb-4353-aab8-d891cac0eb47,post,b52a42c2-73d7-4e9d-8ca3-1c4a6c288960,A,1.0,False
A-5457,0b4c5424-8d5f-4004-9c79-97b35cdcbea9,post,b53479e4-d9f4-4f14-b427-04f328817a70,A,6.0,False
A-5458,352fa42b-fba2-4e5a-b7ab-388cdb04b8be,post,b53479e4-d9f4-4f14-b427-04f328817a70,A,6.0,False
A-5459,3b88961a-7d67-45fa-a693-5769c4d6b7b2,post,b53479e4-d9f4-4f14-b427-04f328817a70,A,6.0,False
A-5460,44fa2b26-0657-473e-86c7-2a17114b2f5b,post,b53479e4-d9f4-4f14-b427-04f328817a70,A,6.0,False
A-5461,a143339d-d972-4ecb-bd71-d70ab52539b4,post,b53479e4-d9f4-4f14-b427-04f328817a70,A,6.0,False
A-5462,a76ef5bd-89a6-409e-9cb0-dd3b6771939c,post,b53479e4-d9f4-4f14-b427-04f328817a70,A,6.0,False
A-5463,aa3074a5-ca7d-4d54-9349-102b36ff9b5e,post,b5375e56-710d-4f9d-bb7a-519533a8d49e,A,2.0,False
A-5464,abdf68f0-2bb3-4342-812e-1a0dd4e5f080,post,b5375e56-710d-4f9d-bb7a-519533a8d49e,A,2.0,False
A-5465,339d984b-08a9-4dc0-8b10-aee1a3c7005b,post,b53c69b5-7951-4601-8f32-c723df71e97e,A,1.0,False
A-5466,39796332-b1d6-467f-84a1-dddb8e52a7c6,post,b544a5af-4ab9-4ebf-808c-4b03ba6d4de2,A,2.0,False
A-5467,7da548f1-abc2-4b18-a3e3-21cde014eb3a,post,b544a5af-4ab9-4ebf-808c-4b03ba6d4de2,A,2.0,False
A-5468,2f6477d4-1254-45e8-bd9f-c5daa9e5b204,comment,b5b612e7-6898-42fe-a45b-8a984d186747,A,5.0,False
A-5469,7580ef24-e613-4715-a8f5-6f63c9dc0de9,comment,b5b612e7-6898-42fe-a45b-8a984d186747,A,5.0,False
A-5470,96509f94-7fda-41e6-b6f4-573759df34da,comment,b5b612e7-6898-42fe-a45b-8a984d186747,A,5.0,False
A-5471,f173fb5b-d3a0-4833-a94b-130ec8c479a7,comment,b5b612e7-6898-42fe-a45b-8a984d186747,A,5.0,False
A-5472,f6f10e8a-63f8-495c-9d96-60fafe531e3c,comment,b5b612e7-6898-42fe-a45b-8a984d186747,A,5.0,False
A-5473,96992a1f-e8fc-40e1-931c-c3b9feac0c5d,post,b5b88bae-5786-4460-9aa1-3f26ea67dc37,A,1.0,False
A-5474,0a15cd34-ceb4-4a7b-92c5-0558fede2336,post,b5c0372a-a167-438d-8d74-babf18819f4a,A,2.0,False
A-5475,cf81ac75-c719-4c33-90b9-8fd9f990ffd1,post,b5c0372a-a167-438d-8d74-babf18819f4a,A,2.0,False
A-5476,180fceff-5ffb-418b-9280-860ada7a421e,post,b5ea6b3d-bdd3-4d1d-9125-9ccbf5c6dfa9,A,1.0,False
A-5477,24da0e40-2750-40f6-ab97-4f93d7ccf2c1,post,b5ecf3cb-7c72-45f6-b30b-730beb070a04,A,1.0,False
A-5478,17926e09-135c-4b27-999a-cd432838b75b,post,b5f957dc-658f-4d42-b468-b7d1d6d0d5f6,A,3.0,False
A-5479,2d8a2627-c82c-492b-978c-d9356ffd8332,comment,b5f957dc-658f-4d42-b468-b7d1d6d0d5f6,A,3.0,False
A-5480,a056e1ba-25c4-45af-8a8a-ed710a1635d1,comment,b5f957dc-658f-4d42-b468-b7d1d6d0d5f6,A,3.0,False
A-5481,0f5df046-1b86-4ec7-b6f4-8e2de768ce2c,post,b633807d-b2f2-4ba8-8be0-07514c0b0445,A,2.0,False
A-5482,43f23d68-f6ca-4f45-bcd3-b79b160e9759,comment,b633807d-b2f2-4ba8-8be0-07514c0b0445,A,2.0,False
A-5483,286633ea-1a7d-4f24-942d-4c9c9e76c9a7,post,b6428450-35d5-4809-aae8-d1c515c9cd58,A,3.0,False
A-5484,ab99383c-9482-4d7e-ac9f-6a25a3054db2,post,b6428450-35d5-4809-aae8-d1c515c9cd58,A,3.0,False
A-5485,ded01e3b-3b2b-4035-8cbd-1f663358d320,post,b6428450-35d5-4809-aae8-d1c515c9cd58,A,3.0,False
A-5486,2659139f-78bc-488d-a088-b6f91b4c2874,post,b648c604-6240-4d74-858f-2e03929ef748,A,18.0,False
A-5487,047321a5-13e5-474f-a2c5-c4b8cc5947a9,comment,b648c604-6240-4d74-858f-2e03929ef748,A,18.0,False
A-5488,6b6d01ca-5159-4252-a108-9f87f20849d9,comment,b648c604-6240-4d74-858f-2e03929ef748,A,18.0,False
A-5489,ccf16dee-360c-4895-87b8-8558d94a8b5b,comment,b648c604-6240-4d74-858f-2e03929ef748,A,18.0,False
A-5490,b12aea82-bd2e-4020-b826-bddf541b57dd,comment,b648c604-6240-4d74-858f-2e03929ef748,A,18.0,False
A-5491,a9deae1e-6257-436e-95fa-f8218b356d3b,comment,b648c604-6240-4d74-858f-2e03929ef748,A,18.0,False
A-5492,ec780fd2-2a0a-4dd1-9bc6-6c7b9003f9e4,comment,b648c604-6240-4d74-858f-2e03929ef748,A,18.0,False
A-5493,bca3aa08-cc7a-459d-8a21-cedd640c1b7e,comment,b648c604-6240-4d74-858f-2e03929ef748,A,18.0,False
A-5494,de5a9102-9795-43da-9fd5-4c7738eaaec2,post,b648c604-6240-4d74-858f-2e03929ef748,A,18.0,False
A-5495,61417b11-615c-4804-9242-453e9df1d192,comment,b648c604-6240-4d74-858f-2e03929ef748,A,18.0,False
A-5496,e668d394-ea93-423a-ad5b-1090baccde79,comment,b648c604-6240-4d74-858f-2e03929ef748,A,18.0,False
A-5497,225abeb9-3428-4091-b0da-5b8577bee204,comment,b648c604-6240-4d74-858f-2e03929ef748,A,18.0,False
A-5498,e3241698-f1bb-4634-84eb-4fdb54df81a8,comment,b648c604-6240-4d74-858f-2e03929ef748,A,18.0,False
A-5499,aa019d1b-1b81-4bea-82b9-18f0528c9753,comment,b648c604-6240-4d74-858f-2e03929ef748,A,18.0,False
A-5500,3287fe5b-24f0-4a9d-95e2-adb24a7a6ef9,comment,b648c604-6240-4d74-858f-2e03929ef748,A,18.0,False
A-5501,7206acba-1298-40cf-a0a7-92472335299c,comment,b6511ec8-e127-4864-abf9-91cc019df11e,A,1.0,False
A-5502,1b951a5f-c40b-4cbf-b5da-e4660daf680e,post,b652a5b6-d1b1-4985-9718-5e80001acf0d,A,6.0,False
A-5503,900a25f2-5191-4d2b-bb59-0d1e9f39449b,comment,b652a5b6-d1b1-4985-9718-5e80001acf0d,A,6.0,False
A-5504,a9a41038-d09b-43ab-accb-025cdba826ee,post,b652a5b6-d1b1-4985-9718-5e80001acf0d,A,6.0,False
A-5505,c4dd0385-b7d2-46f2-9a7a-fe534a939fb9,post,b652a5b6-d1b1-4985-9718-5e80001acf0d,A,6.0,False
A-5506,cb2f8ea9-8701-4171-8b6d-f22b3bcecdd1,comment,b652a5b6-d1b1-4985-9718-5e80001acf0d,A,6.0,False
A-5507,dde4670f-1224-42a9-bd42-d913e772f15c,comment,b652a5b6-d1b1-4985-9718-5e80001acf0d,A,6.0,False
A-5508,3b223c98-8c85-4d29-8ac3-30cc15eb0256,post,b658a934-dfc2-4b6d-887b-15a5bfc8821c,A,19.0,False
A-5509,6e540a60-e33b-4218-befe-c49481bdb928,post,b658a934-dfc2-4b6d-887b-15a5bfc8821c,A,19.0,False
A-5510,37852588-91ed-4c4a-b7bf-a8ce64881211,post,b658a934-dfc2-4b6d-887b-15a5bfc8821c,A,19.0,False
A-5511,0bd73930-e998-4dfb-9a7f-3535b9daa2ec,post,b658a934-dfc2-4b6d-887b-15a5bfc8821c,A,19.0,False
A-5512,1631fe84-947b-4969-a37b-af390d106a68,comment,b658a934-dfc2-4b6d-887b-15a5bfc8821c,A,19.0,False
A-5513,4f8b70c4-577c-4760-a002-c6a54652c68e,comment,b658a934-dfc2-4b6d-887b-15a5bfc8821c,A,19.0,False
A-5514,6585ff4b-ab6f-496b-8b6c-647405ebfd92,post,b658a934-dfc2-4b6d-887b-15a5bfc8821c,A,19.0,False
A-5515,bbc81139-a3c0-44a2-b64c-fd02afaac4fe,comment,b658a934-dfc2-4b6d-887b-15a5bfc8821c,A,19.0,False
A-5516,56bcc1cd-7081-408c-b3a5-9a1ec70949cc,comment,b658a934-dfc2-4b6d-887b-15a5bfc8821c,A,19.0,False
A-5517,9327e028-0d1a-4b70-9058-fb9b9f952a7a,comment,b658a934-dfc2-4b6d-887b-15a5bfc8821c,A,19.0,False
A-5518,ffe64e43-1fa2-462c-8542-d69f8dd1e531,comment,b658a934-dfc2-4b6d-887b-15a5bfc8821c,A,19.0,False
A-5519,3a0fab6a-ace8-490c-b236-5c748159e8f3,post,b658a934-dfc2-4b6d-887b-15a5bfc8821c,A,19.0,False
A-5520,2e5479cb-c403-4238-a44a-4051b79713e0,comment,b658a934-dfc2-4b6d-887b-15a5bfc8821c,A,19.0,False
A-5521,467a31af-d0b2-4ba0-bef5-aa76dc3ef730,comment,b658a934-dfc2-4b6d-887b-15a5bfc8821c,A,19.0,False
A-5522,0894582e-f6fe-4689-a031-608f6dc5f75a,post,b658a934-dfc2-4b6d-887b-15a5bfc8821c,A,19.0,False
A-5523,cd606b1b-5e3a-4be7-9c95-2d42e7dfc002,post,b6591cc4-f8ed-408d-9a1c-91fe353beaa3,A,1.0,False
A-5524,16619814-ab27-45d9-9533-61d01b5efbbf,comment,b677b3a4-7220-4a6c-b169-7d1a28db8f1e,A,18.0,False
A-5525,f525ef42-09e1-4c22-84c5-8a000cca4898,post,b677b3a4-7220-4a6c-b169-7d1a28db8f1e,A,18.0,False
A-5526,c51218fb-77e1-47f5-8b5d-77368f241f6b,post,b677b3a4-7220-4a6c-b169-7d1a28db8f1e,A,18.0,False
A-5527,e1785d02-60ed-4a76-a0ce-ecb7ef9f1855,post,b677b3a4-7220-4a6c-b169-7d1a28db8f1e,A,18.0,False
A-5528,e93a9b34-8dd5-4d1f-8f90-4cb6c29af131,post,b677b3a4-7220-4a6c-b169-7d1a28db8f1e,A,18.0,False
A-5529,3a3d6a14-2604-4693-b9fd-840d43e9582c,post,b677b3a4-7220-4a6c-b169-7d1a28db8f1e,A,18.0,False
A-5530,609c75ad-81f7-427f-b132-5849d13a2744,comment,b677b3a4-7220-4a6c-b169-7d1a28db8f1e,A,18.0,False
A-5531,286f8c82-063d-45df-be32-7784ca099805,post,b677b3a4-7220-4a6c-b169-7d1a28db8f1e,A,18.0,False
A-5532,f77c94a8-0ea5-4f50-beea-9d31c8c28044,post,b677b3a4-7220-4a6c-b169-7d1a28db8f1e,A,18.0,False
A-5533,27e246b0-9fbc-484c-ac7a-714ce749b4d8,post,b677b3a4-7220-4a6c-b169-7d1a28db8f1e,A,18.0,False
A-5534,11bb43c3-752c-4b0a-ba08-8e14e5bc184b,comment,b677b3a4-7220-4a6c-b169-7d1a28db8f1e,A,18.0,False
A-5535,3f2ef47a-c555-4f88-af18-e747544e60d7,comment,b677b3a4-7220-4a6c-b169-7d1a28db8f1e,A,18.0,False
A-5536,801ac514-164e-4663-a6f7-7cafc6bf162e,post,b677b3a4-7220-4a6c-b169-7d1a28db8f1e,A,18.0,False
A-5537,1d9e157d-e832-42c0-8b24-a5bebd3ceed3,comment,b677b3a4-7220-4a6c-b169-7d1a28db8f1e,A,18.0,False
A-5538,4fa54037-3215-4ea2-b363-004832d7da51,post,b677b3a4-7220-4a6c-b169-7d1a28db8f1e,A,18.0,False
A-5539,e259bed2-d0db-4595-949e-9e9ecc426e60,post,b6a83492-aa98-4c98-98d7-bbd74249b150,A,1.0,False
A-5540,be0a53f5-36a7-4373-aeab-f43b26bd12df,post,b6a946fe-70e9-44a8-8afc-77cb433d808f,A,1.0,False
A-5541,188d3014-458c-4d5f-88cc-22ddaac7dea8,post,b6b7dfcb-401d-446c-8ff0-9b10e7257d5c,A,2.0,False
A-5542,79f0ee7c-52dd-43c4-b31e-e82f5673f4b7,post,b6b7dfcb-401d-446c-8ff0-9b10e7257d5c,A,2.0,False
A-5543,b8d30834-b385-483c-ad63-42bcadbfdccc,post,b6f7974c-0c06-4168-a735-7755e73005e7,A,1.0,False
A-5544,f4be4870-d6bf-4840-a104-15523ab32278,post,b709cd1b-246c-4ef4-bbaa-aa7c277d5e74,A,1.0,False
A-5545,fffe5739-6add-4bb2-ae7e-c52776a85980,post,b7158f20-6911-4b28-b10b-bb2c40cd1ef8,A,1.0,False
A-5546,267b84de-3feb-44f7-8831-f827b074fe2a,post,b7199ffe-d08e-4811-ace8-9889c6594410,A,1.0,False
A-5547,7277b3fd-882d-4fe1-83c4-dbdee09747bb,comment,b7260970-a714-498e-88f1-c5ba784a36dd,A,4.0,False
A-5548,7278c1fb-5b0d-4731-8958-a15b13603cb5,post,b7260970-a714-498e-88f1-c5ba784a36dd,A,4.0,False
A-5549,792670dd-e22c-4c67-9f9d-0a4eb7ce4ea7,post,b7260970-a714-498e-88f1-c5ba784a36dd,A,4.0,False
A-5550,cf1bf5c1-1429-4a76-8728-a80133907c76,comment,b7260970-a714-498e-88f1-c5ba784a36dd,A,4.0,False
A-5551,07c0d907-27a0-4922-b348-442de0fcb129,comment,b727f98d-be9d-48c7-b99b-67948a47c8f7,A,5.0,False
A-5552,32a467ea-b02f-4949-806a-f508ed205c1b,post,b727f98d-be9d-48c7-b99b-67948a47c8f7,A,5.0,False
A-5553,6c46fee8-cd82-4b7d-8346-7194eefa3656,post,b727f98d-be9d-48c7-b99b-67948a47c8f7,A,5.0,False
A-5554,8bcfec13-d133-4089-b1cd-e6ff0d3e8359,comment,b727f98d-be9d-48c7-b99b-67948a47c8f7,A,5.0,False
A-5555,a9605881-75ac-4fa3-99ee-fdd5e7f066e0,comment,b727f98d-be9d-48c7-b99b-67948a47c8f7,A,5.0,False
A-5556,976022c2-7781-49eb-bc9f-94d8bdf73118,post,b72a1b18-a675-41ec-bea2-d5af3cd476ec,A,1.0,False
A-5557,fc37998a-e788-4a76-8e63-90954c6d9c79,post,b72a85a4-f8a4-451c-b879-c71e74882104,A,1.0,False
A-5558,d52840ab-18eb-453c-b8ef-c5fcbf19911c,post,b731d28c-598c-4c2b-a5a5-a0ea4c4855d7,A,1.0,False
A-5559,b600f472-cf3f-479e-87eb-856dc945a2c1,post,b7609c98-ee72-44e9-8e6c-a18fe3173d07,A,1.0,False
A-5560,31a49722-073e-4eeb-8417-6e6f51a08951,comment,b7876328-61aa-4708-9ee7-17313f54b054,A,2.0,False
A-5561,9cb1decc-5e38-4bad-934f-faf9628b6708,post,b7876328-61aa-4708-9ee7-17313f54b054,A,2.0,False
A-5562,08a38346-68d2-4705-9737-babce40c92a2,post,b798a38c-7a6a-4489-95bc-28e112c01eb3,A,1.0,False
A-5563,45ceb060-5a1d-4e26-a08d-c81eadfda1e4,post,b7a39d58-29e2-4d1e-8fde-974e9d296c3f,A,1.0,False
A-5564,6db84dbd-9fdd-4075-81ab-ec8780280df9,post,b7ce0d06-2324-4a37-9179-325631e9e7fb,A,4.0,False
A-5565,815929d2-5248-4752-8070-b5f38023e138,post,b7ce0d06-2324-4a37-9179-325631e9e7fb,A,4.0,False
A-5566,a5de4965-d593-46f0-aeaf-7d7c56d6bb11,post,b7ce0d06-2324-4a37-9179-325631e9e7fb,A,4.0,False
A-5567,e5a6315f-fe40-48b0-8d17-ed758ed41655,post,b7ce0d06-2324-4a37-9179-325631e9e7fb,A,4.0,False
A-5568,0d95f3ed-d55c-4b0b-837c-dad8a99666d0,post,b7da9a4f-fe61-4910-9662-f4193610dddd,A,1.0,False
A-5569,cf8b93c7-3cf3-4fab-ba59-78bd8fa7cd31,post,b7e11217-e804-4c01-8a52-1aeb70f66285,A,1.0,False
A-5570,2d494334-afd0-4976-9af2-af59f085b576,comment,b8109bd6-76a2-44c6-b761-9a8297664075,A,2.0,False
A-5571,d2b26adb-2a78-4b62-ab94-2709c2645f48,comment,b8109bd6-76a2-44c6-b761-9a8297664075,A,2.0,False
A-5572,049a77e8-f62e-4250-ada5-72d56a130c3f,comment,b81395df-76fd-4f23-9200-0d4cf0e504e3,A,3.0,False
A-5573,0776892e-5fd2-40d0-8980-12baad4f01a6,post,b81395df-76fd-4f23-9200-0d4cf0e504e3,A,3.0,False
A-5574,86035229-a92c-4266-8b5c-41d01d7acfae,comment,b81395df-76fd-4f23-9200-0d4cf0e504e3,A,3.0,False
A-5575,243bbdfd-30e8-4f22-9ea6-b987bf76226c,comment,b82895d3-de81-45ae-8f97-451cae49d183,A,3.0,False
A-5576,7e9f7973-6329-4589-bff1-fbc6a40d396f,comment,b82895d3-de81-45ae-8f97-451cae49d183,A,3.0,False
A-5577,91270826-1219-40ec-a13d-67449f6969ca,comment,b82895d3-de81-45ae-8f97-451cae49d183,A,3.0,False
A-5578,14ea4aee-04de-4946-b9ee-d79fd8bfc2ac,post,b82a63ee-1322-4204-8b77-5508ad36837f,A,1.0,False
A-5579,d3846618-b1c5-4bcf-a55a-099659c4be1b,post,b82eb76e-0196-4e83-b40d-bc611a07c11e,A,1.0,False
A-5580,464028ed-a5ab-44f3-bcd8-4c01ae9c0ce9,post,b83a690f-bf9c-4a70-9842-cd33a4482d30,A,1.0,False
A-5581,0e0185e0-43ff-40df-8476-bac9fd844696,post,b83dc39d-a03f-409f-865b-c88ba4f30813,A,1.0,False
A-5582,6de8bfe9-3997-4630-a111-d4ef7105e010,post,b845a4d9-eae4-49a8-a285-d192ee5af803,A,1.0,False
A-5583,51d2891e-1c95-4ce2-8256-13aeccc47bcc,post,b85df23b-ade4-4bbc-a939-41170dd6bba7,A,1.0,False
A-5584,27f78220-0404-491e-a81a-d02c05b373e9,comment,b8988f00-3516-4f08-9609-4651f9d5595d,A,19.0,False
A-5585,fbeaa6d3-7776-476c-9700-6a3247b595eb,comment,b8988f00-3516-4f08-9609-4651f9d5595d,A,19.0,False
A-5586,9b6728b9-f9e9-4f3f-8367-e2c19da9a8a6,comment,b8988f00-3516-4f08-9609-4651f9d5595d,A,19.0,False
A-5587,8c018d74-bac4-468f-b06c-438f35241b33,comment,b8988f00-3516-4f08-9609-4651f9d5595d,A,19.0,False
A-5588,f387afca-5632-4995-b999-c6c1673181fe,post,b8988f00-3516-4f08-9609-4651f9d5595d,A,19.0,False
A-5589,6182635c-9c68-44c7-91a5-dc4b3be6cf7d,comment,b8988f00-3516-4f08-9609-4651f9d5595d,A,19.0,False
A-5590,b1e2f53b-b261-4fdc-9a27-d0442583777b,comment,b8988f00-3516-4f08-9609-4651f9d5595d,A,19.0,False
A-5591,5bdeb68c-c7c9-42ee-8fcf-5d4d38b00051,comment,b8988f00-3516-4f08-9609-4651f9d5595d,A,19.0,False
A-5592,4649acef-c6af-4a82-9756-977c53f58663,comment,b8988f00-3516-4f08-9609-4651f9d5595d,A,19.0,False
A-5593,c3e22f32-27ee-4c72-b476-a2787d7a80c8,comment,b8988f00-3516-4f08-9609-4651f9d5595d,A,19.0,False
A-5594,ecec9642-5c93-4620-acd3-8b3d3dc5f16a,comment,b8988f00-3516-4f08-9609-4651f9d5595d,A,19.0,False
A-5595,7e260785-f56c-43bd-a3a3-3ef9a56d8206,comment,b8988f00-3516-4f08-9609-4651f9d5595d,A,19.0,False
A-5596,1a272fb3-cdc6-4a2c-bb23-f442ffd2a95c,comment,b8988f00-3516-4f08-9609-4651f9d5595d,A,19.0,False
A-5597,c228a17a-6343-417d-aee6-6f532161ff64,comment,b8988f00-3516-4f08-9609-4651f9d5595d,A,19.0,False
A-5598,26e4c46d-555b-4c85-9a3e-0ae1f1b21dd8,post,b8988f00-3516-4f08-9609-4651f9d5595d,A,19.0,False
A-5599,d1b10b2b-9ded-4052-bdbe-2300e6e08f19,comment,b8ccd2df-3a0b-4da4-a9ec-c234e6ac891f,A,3.0,False
A-5600,e18fd1b1-5a2f-4bc3-91e4-cf9fa39e7194,post,b8ccd2df-3a0b-4da4-a9ec-c234e6ac891f,A,3.0,False
A-5601,fc10a315-6ca1-424e-a28f-b35089f7ace9,comment,b8ccd2df-3a0b-4da4-a9ec-c234e6ac891f,A,3.0,False
A-5602,4b639d24-3647-479f-b27a-09711725f4f7,post,b8dbe016-f123-45e2-a61e-ff0299689bae,A,1.0,False
A-5603,04842aef-e4da-4791-8f31-0dc68a8cf6d4,post,b8f8912e-bf21-46ff-a0b4-8552728bb001,A,7.0,False
A-5604,2764d586-f2ec-44f6-9faa-fb1498d7e1fa,post,b8f8912e-bf21-46ff-a0b4-8552728bb001,A,7.0,False
A-5605,2fcb9ae0-f8c7-4da5-ad6e-0dd1efadbcbc,post,b8f8912e-bf21-46ff-a0b4-8552728bb001,A,7.0,False
A-5606,388dd30d-d979-4c3c-b5e5-0ae4de95fa61,post,b8f8912e-bf21-46ff-a0b4-8552728bb001,A,7.0,False
A-5607,430fec4c-ad5d-4293-84a7-32a25a6def28,post,b8f8912e-bf21-46ff-a0b4-8552728bb001,A,7.0,False
A-5608,8b976925-335f-4cbb-ae7a-4cc76b237358,post,b8f8912e-bf21-46ff-a0b4-8552728bb001,A,7.0,False
A-5609,b4053146-c140-4e1a-824b-9fcef0c213c8,post,b8f8912e-bf21-46ff-a0b4-8552728bb001,A,7.0,False
A-5610,ee4db4a0-45b2-4b52-9a26-b0119e13c709,post,b8f8a8c6-0534-496a-840c-560b4f7f6f28,A,1.0,False
A-5611,8b2079c4-2b60-4e41-a82e-ebda2007cfe9,post,b8feefe6-cca1-488b-9bdd-e93d5c59ee5a,A,1.0,False
A-5612,15bbe212-cf27-49f9-b7f7-6a9a3a1d6f7d,comment,b9091fa5-8371-4fa0-8dbe-30b0a2296fe0,A,4.0,False
A-5613,7457c09f-7660-4dd5-8aaa-cef2ea7d576c,comment,b9091fa5-8371-4fa0-8dbe-30b0a2296fe0,A,4.0,False
A-5614,b2e291dd-47ce-4a18-9ba2-da194909d036,post,b9091fa5-8371-4fa0-8dbe-30b0a2296fe0,A,4.0,False
A-5615,eb2544fb-7fd6-47b7-abb1-ac8f97c4f64a,comment,b9091fa5-8371-4fa0-8dbe-30b0a2296fe0,A,4.0,False
A-5616,6b75f276-9731-4438-90d1-b3e1d6d9bd6d,post,b92a62ba-3587-4733-b9c6-079679b279a0,A,2.0,False
A-5617,ebe5a6d9-a198-486e-91f4-6e3ab6a4e95f,post,b92a62ba-3587-4733-b9c6-079679b279a0,A,2.0,False
A-5618,d4aa6938-aa6e-4da2-861d-f0c095802b99,comment,b95ab38c-cbf5-47d9-9366-5e013b960604,A,1.0,False
A-5619,270bd5f5-c0a4-40f3-89c4-ea7276b31412,post,b97c6a12-82f4-4364-96d0-3ba7a9d30a18,A,1.0,False
A-5620,08a840c8-7263-4ae1-9a32-370dc798b979,comment,b9b427ce-88d2-4fbf-b191-6bf54cd484c9,A,3.0,False
A-5621,68cb2d73-40cb-4963-bc58-cfcb579c78cb,post,b9b427ce-88d2-4fbf-b191-6bf54cd484c9,A,3.0,False
A-5622,de857748-10d6-4947-b277-e97fc4e7e18f,post,b9b427ce-88d2-4fbf-b191-6bf54cd484c9,A,3.0,False
A-5623,2b875136-c3cb-479e-bc8c-4e1e252c95ed,post,b9b79285-f881-43e2-a0af-8cb9ffd1cbae,A,3.0,False
A-5624,9cc71b3b-cdd1-4d54-a1c3-83097cd60ae2,post,b9b79285-f881-43e2-a0af-8cb9ffd1cbae,A,3.0,False
A-5625,adab5bee-e2a4-4996-b629-7f0c7fb6ec84,comment,b9b79285-f881-43e2-a0af-8cb9ffd1cbae,A,3.0,False
A-5626,d5597644-aec9-4967-9ffa-8d00559112a3,post,b9c4fe73-5d91-4d3d-b327-41128fd29049,A,1.0,False
A-5627,ac1a4aab-7c9e-4f7a-b97f-843555cf681e,post,b9dd20fa-4ed3-401d-ae39-5a3b764168d9,A,1.0,False
A-5628,191d8c31-6578-440d-ae2e-62eb22e7aea0,post,b9e8a3b9-30de-4177-9005-49823ca9f480,A,2.0,False
A-5629,b43afdf9-0c7a-4b21-9d8c-02aac9924c08,comment,b9e8a3b9-30de-4177-9005-49823ca9f480,A,2.0,False
A-5630,9b765ba8-391b-4535-9421-30f25140388d,post,ba06fa17-b2dc-4369-b99d-371a28b5a41d,A,1.0,False
A-5631,6ea2d7f4-7f67-4acf-a781-3e073fc8250a,post,ba43236c-ae60-4b9e-bb40-4136bcb500e5,A,2.0,False
A-5632,7ef1cc4e-aefe-41a9-9363-cd1661d202ae,post,ba43236c-ae60-4b9e-bb40-4136bcb500e5,A,2.0,False
A-5633,3785c457-c781-4b4b-85df-6533679cd553,post,ba4cc909-7fc9-4e84-8aaa-713e4e8ae8f9,A,1.0,False
A-5634,03b5cc32-1485-43b0-a6db-485c25c13ffa,post,ba4e30b8-a874-41ab-92c3-f9b5b41ff075,A,14.0,False
A-5635,0a3bb767-90ef-4521-9226-527716179cc6,comment,ba4e30b8-a874-41ab-92c3-f9b5b41ff075,A,14.0,False
A-5636,291433e2-2d9c-4168-a824-bd6d9e9c3a8b,comment,ba4e30b8-a874-41ab-92c3-f9b5b41ff075,A,14.0,False
A-5637,2d64a589-1da9-484c-9fc5-5887276d1db5,comment,ba4e30b8-a874-41ab-92c3-f9b5b41ff075,A,14.0,False
A-5638,41f0086d-980d-4a1f-8200-339309e1c707,comment,ba4e30b8-a874-41ab-92c3-f9b5b41ff075,A,14.0,False
A-5639,4323cf48-9b68-4b2a-885c-b0d6a4f0c538,comment,ba4e30b8-a874-41ab-92c3-f9b5b41ff075,A,14.0,False
A-5640,5b365104-01cf-4bcc-a1e8-1204e503b592,post,ba4e30b8-a874-41ab-92c3-f9b5b41ff075,A,14.0,False
A-5641,67cf596b-4d03-4316-baec-c823281115bc,comment,ba4e30b8-a874-41ab-92c3-f9b5b41ff075,A,14.0,False
A-5642,995c5682-7f72-4520-bd30-c2a24a169a17,comment,ba4e30b8-a874-41ab-92c3-f9b5b41ff075,A,14.0,False
A-5643,9bf780e7-ae3f-41cd-a7fd-0aff11cbc01d,post,ba4e30b8-a874-41ab-92c3-f9b5b41ff075,A,14.0,False
A-5644,ac72a577-cdea-4a15-9ae7-66808a2513bb,post,ba4e30b8-a874-41ab-92c3-f9b5b41ff075,A,14.0,False
A-5645,ccfdac89-1d70-493b-8952-0fd54cdeceba,comment,ba4e30b8-a874-41ab-92c3-f9b5b41ff075,A,14.0,False
A-5646,efa25617-0e57-4f19-9541-9f20694cd037,comment,ba4e30b8-a874-41ab-92c3-f9b5b41ff075,A,14.0,False
A-5647,f2961cb2-d9e2-4098-9b4e-593d313db556,comment,ba4e30b8-a874-41ab-92c3-f9b5b41ff075,A,14.0,False
A-5648,12e78364-57e8-4aea-b6c1-2db887273e50,post,ba578f4b-8276-44fc-a277-450ffdf0c951,A,2.0,False
A-5649,b5584f43-cc7d-4253-bec5-cf70e9bec144,post,ba578f4b-8276-44fc-a277-450ffdf0c951,A,2.0,False
A-5650,3bdf366a-edb0-4865-a933-d8b8c9f22503,post,ba5ed38c-b667-4eda-bdce-2a5d78e65783,A,2.0,False
A-5651,8047b9a1-cf52-46d2-9be3-d65ae796aacc,post,ba5ed38c-b667-4eda-bdce-2a5d78e65783,A,2.0,False
A-5652,992e084c-50f6-461d-aa56-6be0f9bd9447,comment,ba61ae7a-7ee4-4edc-909c-e206d9bb16ce,A,4.0,False
A-5653,9a752fc8-c210-4490-9a1a-3f0b9bc4a549,comment,ba61ae7a-7ee4-4edc-909c-e206d9bb16ce,A,4.0,False
A-5654,d4569a33-7ba1-4c26-814a-49c24bd552fe,post,ba61ae7a-7ee4-4edc-909c-e206d9bb16ce,A,4.0,False
A-5655,e1f3bae7-bdc3-4404-a890-d1a48d68a4b3,post,ba61ae7a-7ee4-4edc-909c-e206d9bb16ce,A,4.0,False
A-5656,b75ed583-4b44-4b14-a784-4cfaa4cee4b0,post,ba624880-a353-4a61-8874-97bb93330544,A,1.0,False
A-5657,20491526-7c31-4704-ab7c-81ce0db7e225,comment,ba89205c-eede-4cb7-8278-c548b3975273,A,3.0,False
A-5658,be6c3c13-8fa6-4e7b-8465-e87fa9e8778d,post,ba89205c-eede-4cb7-8278-c548b3975273,A,3.0,False
A-5659,d7d714dd-7d12-43a3-85f5-7d51318906ff,comment,ba89205c-eede-4cb7-8278-c548b3975273,A,3.0,False
A-5660,a64fd966-e9b4-4ad5-9772-51831180168f,post,baa76d4e-ed7c-4683-b202-759dce96d54e,A,1.0,False
A-5661,236fad5c-245a-4e8f-965c-dfd67a641a22,comment,bac779b1-8ca6-476b-881d-6b3555fc4dc5,A,2.0,False
A-5662,51f1c41e-c665-4980-86c7-da41f9fb4fcc,post,bac779b1-8ca6-476b-881d-6b3555fc4dc5,A,2.0,False
A-5663,3f10f12a-a30b-4378-91c2-4f61c3a574de,post,baec6347-7305-4c15-8448-38d735eabb55,A,7.0,False
A-5664,58fa7a63-7764-4ee4-9a9d-d23dd2d2a3b6,post,baec6347-7305-4c15-8448-38d735eabb55,A,7.0,False
A-5665,7692e558-5644-40df-bd82-64d714a242de,post,baec6347-7305-4c15-8448-38d735eabb55,A,7.0,False
A-5666,8a69dc4e-199d-4719-8023-db44318d4be4,post,baec6347-7305-4c15-8448-38d735eabb55,A,7.0,False
A-5667,8f01c05b-ee5e-4402-83d1-34d062a0a82b,post,baec6347-7305-4c15-8448-38d735eabb55,A,7.0,False
A-5668,a56151b8-1c79-478a-a027-c7207e408504,post,baec6347-7305-4c15-8448-38d735eabb55,A,7.0,False
A-5669,e437587e-5abc-4a30-82ee-2f463f089bb1,post,baec6347-7305-4c15-8448-38d735eabb55,A,7.0,False
A-5670,3a01d44e-01a8-4b76-89b1-40c3ce872099,comment,bb0c717b-d615-4c5b-819b-2ff696434183,A,4.0,False
A-5671,60ec54b1-2604-4383-9eee-321f69bd3a1b,post,bb0c717b-d615-4c5b-819b-2ff696434183,A,4.0,False
A-5672,93a26fcd-42ad-414a-8691-d89294299c17,comment,bb0c717b-d615-4c5b-819b-2ff696434183,A,4.0,False
A-5673,ee3206df-dff1-4398-aa1d-80d6cb92be4a,post,bb0c717b-d615-4c5b-819b-2ff696434183,A,4.0,False
A-5674,83727953-9934-4b40-b0c4-f20597b376fa,post,bb0f6349-c7ea-4b39-8243-492f45e9911e,A,1.0,False
A-5675,b3e56e5b-57cb-4678-bf9c-90e4e38066ba,post,bb45500f-47ea-4008-ac0b-deed7ca243c5,A,1.0,False
A-5676,5905da2e-8563-4ea4-a67a-5d8d7f46db21,post,bb48d49b-f7bb-4847-8d40-df4e476b95d0,A,1.0,False
A-5677,58065ded-2048-45fa-aa19-af848a11657c,post,bb5107e3-283f-4cca-9ee5-b779ab509647,A,1.0,False
A-5678,f3ea712c-3e5c-4e1f-b1d2-d65455e14e3d,post,bb528d0a-1494-4a91-b91c-b2c56e9900f2,A,1.0,False
A-5679,27aa04c6-dc2e-431b-be99-f9f860e8b307,post,bb5cd82e-72ba-42c4-b3db-45c7c1e85546,A,10.0,False
A-5680,48684843-2e1e-4226-bc68-125a5cb78e58,post,bb5cd82e-72ba-42c4-b3db-45c7c1e85546,A,10.0,False
A-5681,56c465db-499d-458f-97de-25d6f01a398d,post,bb5cd82e-72ba-42c4-b3db-45c7c1e85546,A,10.0,False
A-5682,58638b64-03b8-417b-a668-c0f2b10cfb02,post,bb5cd82e-72ba-42c4-b3db-45c7c1e85546,A,10.0,False
A-5683,59639cdd-c2f7-4c2f-93fc-d02ec104b596,post,bb5cd82e-72ba-42c4-b3db-45c7c1e85546,A,10.0,False
A-5684,6c3aed8c-d37a-4ae8-b3eb-7a9bbeeb5794,post,bb5cd82e-72ba-42c4-b3db-45c7c1e85546,A,10.0,False
A-5685,7240479f-4fd3-4658-940b-954f524e905d,post,bb5cd82e-72ba-42c4-b3db-45c7c1e85546,A,10.0,False
A-5686,a2fe939f-bce6-4d19-b9f1-2b8c722511ca,post,bb5cd82e-72ba-42c4-b3db-45c7c1e85546,A,10.0,False
A-5687,dd54a66e-51b6-4fda-bdd3-fa805e1d9d0a,post,bb5cd82e-72ba-42c4-b3db-45c7c1e85546,A,10.0,False
A-5688,f3dac2e4-c03d-45f6-9fd0-8804954762ef,post,bb5cd82e-72ba-42c4-b3db-45c7c1e85546,A,10.0,False
A-5689,6d5fb648-2393-4f72-a745-cc084318e8e5,post,bb768f5e-45d3-494a-a939-0499b55e6662,A,1.0,False
A-5690,5d57cf45-5b13-4bed-8332-75fe666518ff,post,bbf6dffb-4737-40ee-9a41-dd0da0a35b66,A,1.0,False
A-5691,31872939-f738-422f-80fa-419a084b9f55,comment,bc0d8ebf-f20e-460a-a6c7-64766c87227e,A,1.0,False
A-5692,2894d6f2-a2fd-4813-b7f2-8d8c4a39e271,post,bc19d2fc-20ee-4859-8500-6d898b3f5b6f,A,1.0,False
A-5693,b4cbed2d-dfac-4e2c-a7f5-88a2ffaa97e4,post,bc209881-395e-4239-bf61-13274bae8a82,A,1.0,False
A-5694,d1e2918d-340f-44d2-bd90-657096109b4e,comment,bc3ce6f7-86d5-4f81-b3a5-b8d99b01191e,A,25.0,False
A-5695,e8368f1c-34dd-4b0a-a0a9-edbf1ef81a4b,comment,bc3ce6f7-86d5-4f81-b3a5-b8d99b01191e,A,25.0,False
A-5696,96bff66e-020a-4b64-bb7e-b784cf992aeb,comment,bc3ce6f7-86d5-4f81-b3a5-b8d99b01191e,A,25.0,False
A-5697,e9335bb9-7ccc-4649-ad08-bc6f8c7f890c,comment,bc3ce6f7-86d5-4f81-b3a5-b8d99b01191e,A,25.0,False
A-5698,f421d6b7-e979-4efd-9d17-e289d2315a6d,comment,bc3ce6f7-86d5-4f81-b3a5-b8d99b01191e,A,25.0,False
A-5699,b85da598-486a-45a4-9fdf-c0d7abd27699,comment,bc3ce6f7-86d5-4f81-b3a5-b8d99b01191e,A,25.0,False
A-5700,915f8654-5c67-440d-b241-5a1b2307face,post,bc3ce6f7-86d5-4f81-b3a5-b8d99b01191e,A,25.0,False
A-5701,9df895d2-955a-4230-8f21-a104e010c986,comment,bc3ce6f7-86d5-4f81-b3a5-b8d99b01191e,A,25.0,False
A-5702,a68c6845-09a3-4470-a3fc-9ac6d7ec8487,comment,bc3ce6f7-86d5-4f81-b3a5-b8d99b01191e,A,25.0,False
A-5703,4d0c4148-e5e9-4280-bf11-bcda12d548a3,comment,bc3ce6f7-86d5-4f81-b3a5-b8d99b01191e,A,25.0,False
A-5704,e06e61ac-80d6-40c2-b49b-7adf4096a444,comment,bc3ce6f7-86d5-4f81-b3a5-b8d99b01191e,A,25.0,False
A-5705,b7ca128b-2464-4473-90fe-6445d69bdfcc,comment,bc3ce6f7-86d5-4f81-b3a5-b8d99b01191e,A,25.0,False
A-5706,b00b0d56-621f-4b3a-906d-5b734db28e67,comment,bc3ce6f7-86d5-4f81-b3a5-b8d99b01191e,A,25.0,False
A-5707,5349ed76-d089-4dac-be40-11ca24e4ccc5,comment,bc3ce6f7-86d5-4f81-b3a5-b8d99b01191e,A,25.0,False
A-5708,928956cd-ea8d-4a6c-a17f-d4ac1c264484,comment,bc3ce6f7-86d5-4f81-b3a5-b8d99b01191e,A,25.0,False
A-5709,941da487-0ad5-464e-a99b-9c781b37ad3b,post,bc3fe5cf-9871-43d7-a7fa-bfc386e10454,A,1.0,False
A-5710,f702e484-63c9-4f64-904c-58e80fd58aa2,post,bc45efa0-495f-4b93-92c7-7bac17fcc968,A,1.0,False
A-5711,5b0cacfa-723b-4fe5-ad6b-1d44be1a0a97,post,bc5447fc-514c-4eb3-be70-0c920d691c90,A,2.0,False
A-5712,c4e5ff01-39ee-440a-85a0-450cfbf4d853,post,bc5447fc-514c-4eb3-be70-0c920d691c90,A,2.0,False
A-5713,298f7b52-dce7-4f7f-9e69-296261930195,post,bc5dd454-1676-4b32-b1c6-8f8d540f50ff,A,1.0,False
A-5714,98760b29-85ad-4b3c-ad66-af0583e4326b,post,bc69f9d6-6965-4ca4-b826-3949ef804a75,A,1.0,False
A-5715,c2fe8901-c138-4968-a06d-7f76c623a01b,post,bc776f5b-6649-4115-864a-979480023785,A,1.0,False
A-5716,78b68c1b-9fb1-4255-8e6e-d63e199fc847,comment,bc82750d-c0bd-48b0-ba82-f5f1980acbaf,A,2.0,False
A-5717,810b36a5-a2c5-46bb-861a-66ab84dd4242,post,bc82750d-c0bd-48b0-ba82-f5f1980acbaf,A,2.0,False
A-5718,d4b052f6-0736-461d-b1e3-91b4111e201b,post,bc923a34-a2fe-473e-9379-df89311e295f,A,1.0,False
A-5719,ec808db7-60fe-477d-8191-2a9d30310dc0,comment,bcba0d6c-49c1-4677-8473-0e5d01a664d0,A,19.0,False
A-5720,dc1e65c2-3720-423c-8830-324c6e6b698f,comment,bcba0d6c-49c1-4677-8473-0e5d01a664d0,A,19.0,False
A-5721,6a8dec1c-1260-4792-b9af-bf1d65d5d301,post,bcba0d6c-49c1-4677-8473-0e5d01a664d0,A,19.0,False
A-5722,1083dadf-b880-44c4-a58a-f0fdb0503a84,comment,bcba0d6c-49c1-4677-8473-0e5d01a664d0,A,19.0,False
A-5723,6fa414c6-0e58-41db-986d-bc4dbf19b161,comment,bcba0d6c-49c1-4677-8473-0e5d01a664d0,A,19.0,False
A-5724,4366ad02-1902-4352-b50d-a29d128ac456,comment,bcba0d6c-49c1-4677-8473-0e5d01a664d0,A,19.0,False
A-5725,f0f58e76-cc09-47e0-a966-61578715cb6c,comment,bcba0d6c-49c1-4677-8473-0e5d01a664d0,A,19.0,False
A-5726,7cf11776-3651-4eb2-ba8c-cb54ce300713,comment,bcba0d6c-49c1-4677-8473-0e5d01a664d0,A,19.0,False
A-5727,746bd573-a173-4244-8bf2-2c9d19643dec,comment,bcba0d6c-49c1-4677-8473-0e5d01a664d0,A,19.0,False
A-5728,fa4605ff-ad42-42a0-accd-cf7c7c032acb,comment,bcba0d6c-49c1-4677-8473-0e5d01a664d0,A,19.0,False
A-5729,4078e477-0577-4bda-ac1f-9d0293ccbfde,comment,bcba0d6c-49c1-4677-8473-0e5d01a664d0,A,19.0,False
A-5730,a26eb2a6-c4f8-4328-9db2-a748dcd32b74,comment,bcba0d6c-49c1-4677-8473-0e5d01a664d0,A,19.0,False
A-5731,cee761d6-54cc-4b53-bd13-5d8290a47b01,comment,bcba0d6c-49c1-4677-8473-0e5d01a664d0,A,19.0,False
A-5732,598484c0-b03b-4262-9d94-6bcd98d43ac2,comment,bcba0d6c-49c1-4677-8473-0e5d01a664d0,A,19.0,False
A-5733,57672a08-4163-4290-93ea-881be8935a00,comment,bcba0d6c-49c1-4677-8473-0e5d01a664d0,A,19.0,False
A-5734,005c9d3f-123a-410a-aa38-4530b76dc5f7,post,bcbfff5f-392b-44b8-b354-08dc591429fa,A,13.0,False
A-5735,1412c3f4-7858-4bde-91cf-8fb052d18c31,post,bcbfff5f-392b-44b8-b354-08dc591429fa,A,13.0,False
A-5736,4fb9a68b-6fd0-4c7a-bfab-b8989d1b4b9e,post,bcbfff5f-392b-44b8-b354-08dc591429fa,A,13.0,False
A-5737,5230bb83-567d-40e0-9e93-fc7bbf055fab,comment,bcbfff5f-392b-44b8-b354-08dc591429fa,A,13.0,False
A-5738,a1aac9c3-617c-4501-8737-f3f393e36b26,comment,bcbfff5f-392b-44b8-b354-08dc591429fa,A,13.0,False
A-5739,bc475712-3019-47a0-aad2-20bf4abeee96,comment,bcbfff5f-392b-44b8-b354-08dc591429fa,A,13.0,False
A-5740,beaec9aa-9786-4bb5-bcf8-ccde58475e9e,comment,bcbfff5f-392b-44b8-b354-08dc591429fa,A,13.0,False
A-5741,d2d84e9f-91fd-431d-be2a-683aa132f71f,comment,bcbfff5f-392b-44b8-b354-08dc591429fa,A,13.0,False
A-5742,d44e323a-8220-4804-bd1d-58d25a1499cd,post,bcbfff5f-392b-44b8-b354-08dc591429fa,A,13.0,False
A-5743,dfd0f249-4d0d-4d34-9880-5d7357b8f4f7,comment,bcbfff5f-392b-44b8-b354-08dc591429fa,A,13.0,False
A-5744,ebddd5b5-cf41-45f0-8ecb-3b5b2c226e5c,comment,bcbfff5f-392b-44b8-b354-08dc591429fa,A,13.0,False
A-5745,f346f2fa-7b1d-4576-bdf4-7fccf7f6d2eb,comment,bcbfff5f-392b-44b8-b354-08dc591429fa,A,13.0,False
A-5746,fc2be6b2-aebc-4a38-9293-f74c8aa8b0ae,post,bcbfff5f-392b-44b8-b354-08dc591429fa,A,13.0,False
A-5747,cc6d8638-faa1-4d24-8fa9-2efa182900a6,post,bcdacdc8-748c-4240-8f0a-7cbe2b9a799a,A,1.0,False
A-5748,79290f87-4d83-47dc-a9b9-f685178ef620,post,bcdb8a56-431c-45ed-8856-8f8bb7ca5f78,A,1.0,False
A-5749,142622fe-7c7b-4ddf-8313-e36ddcb56694,post,bcf4fab3-efe6-4ed5-a046-ed102e57fe55,A,1.0,False
A-5750,6b686bdf-bf19-47fb-9f0f-f90c1ef8a3ca,post,bcfea745-3433-480e-af90-9aa00d37f657,A,1.0,False
A-5751,22b7b7f7-c201-4dc2-a196-16bfc01a989d,post,bd17713f-97db-473e-93ad-0354048b7f75,A,2.0,False
A-5752,7dae0a43-cbc5-4297-9075-df9b35633673,post,bd17713f-97db-473e-93ad-0354048b7f75,A,2.0,False
A-5753,a6d8283a-e8a0-4ffc-bed3-ad8323f0c2b6,post,bd1cbfce-e446-4e74-ab7c-c1043f221b88,A,1.0,False
A-5754,34e1dd2d-8a3c-48cc-8519-cc924d32e5d2,post,bd274313-673f-4b06-adff-bf37438bb3b5,A,1.0,False
A-5755,5a64bb8d-2418-4f60-a68d-9761461e7599,post,bd42cffe-86ea-4c72-a4af-5c02d362d554,A,1.0,False
A-5756,85c61bb1-1345-4e68-a71a-d685e45df289,post,bd690dca-d675-43a7-9e75-b441ca2ee401,A,1.0,False
A-5757,af5a9ad5-c492-47fc-8c06-a236e0274078,comment,bd768e9c-d930-41c4-b62e-3d15ee1fe11b,A,2.0,False
A-5758,fd1bac93-0cd6-4318-a58d-84a7a70ff763,post,bd768e9c-d930-41c4-b62e-3d15ee1fe11b,A,2.0,False
A-5759,11794f28-09e6-470a-bdeb-cefff65eac70,post,bd9cbc7a-ae95-4252-98bf-95b7f6e0c804,A,4.0,False
A-5760,29a49226-5fe7-49b0-a12e-6a9290bc84a4,comment,bd9cbc7a-ae95-4252-98bf-95b7f6e0c804,A,4.0,False
A-5761,7bfe82a5-1870-4af3-97a0-72ecbc9e1d52,post,bd9cbc7a-ae95-4252-98bf-95b7f6e0c804,A,4.0,False
A-5762,c5db0b44-fe8d-475d-8596-5d74aaea9103,comment,bd9cbc7a-ae95-4252-98bf-95b7f6e0c804,A,4.0,False
A-5763,7ee3af4d-74ff-405c-8910-84a554e7a844,post,bdc6d24e-f957-4c27-8bbc-fe89bf2dfc82,A,1.0,False
A-5764,06015449-470b-46cd-b961-29787a505bdc,comment,bdcc70b6-0f30-4699-9169-670e0a7e9afc,A,43.0,False
A-5765,d8ea0354-06e1-4971-837c-51a0a2c82c9c,comment,bdcc70b6-0f30-4699-9169-670e0a7e9afc,A,43.0,False
A-5766,7c342802-5e37-448b-a9a6-5819fe8013d5,comment,bdcc70b6-0f30-4699-9169-670e0a7e9afc,A,43.0,False
A-5767,0cf892c4-a3df-4d8d-a471-bf3b46237ab6,comment,bdcc70b6-0f30-4699-9169-670e0a7e9afc,A,43.0,False
A-5768,06749887-e4e3-48da-8f42-762e87a1c7b6,post,bdcc70b6-0f30-4699-9169-670e0a7e9afc,A,43.0,False
A-5769,5d12d89d-0976-47f3-b5ad-3c76f8a421ed,comment,bdcc70b6-0f30-4699-9169-670e0a7e9afc,A,43.0,False
A-5770,81807d7a-8858-4aba-86a7-12db9ba3d078,comment,bdcc70b6-0f30-4699-9169-670e0a7e9afc,A,43.0,False
A-5771,0d1e49d7-6534-4332-a123-0786d8c2a83a,comment,bdcc70b6-0f30-4699-9169-670e0a7e9afc,A,43.0,False
A-5772,a653e679-070f-4424-b554-3ad2fa86a76b,comment,bdcc70b6-0f30-4699-9169-670e0a7e9afc,A,43.0,False
A-5773,8bed4821-de3a-4738-af10-787d7f25a181,comment,bdcc70b6-0f30-4699-9169-670e0a7e9afc,A,43.0,False
A-5774,40f28d7e-1801-4007-970e-1ade5435da7c,comment,bdcc70b6-0f30-4699-9169-670e0a7e9afc,A,43.0,False
A-5775,b910a7b5-2506-4bd9-9b75-72ee15cca617,comment,bdcc70b6-0f30-4699-9169-670e0a7e9afc,A,43.0,False
A-5776,a0802778-c0cc-404a-96bb-8ac698a9c6d5,comment,bdcc70b6-0f30-4699-9169-670e0a7e9afc,A,43.0,False
A-5777,467c5ada-e488-40c9-a2b0-9ae777c95a05,comment,bdcc70b6-0f30-4699-9169-670e0a7e9afc,A,43.0,False
A-5778,e336397c-1509-44f3-a7e6-44bc369de45f,comment,bdcc70b6-0f30-4699-9169-670e0a7e9afc,A,43.0,False
A-5779,6d2befc4-b2c7-4b1a-b251-cc13db5a5071,post,bdcd0944-c944-43cf-ae38-7d7f77c1c1a4,A,1.0,False
A-5780,ca63a274-73da-49cd-9000-b77492ad7e6e,post,bdce6cdd-a472-4db5-89cb-35f47bc08405,A,1.0,False
A-5781,2a65fe06-a59c-4b7d-b082-6f9b15cb7c54,post,bddfc801-bcd3-4d7f-a4ed-29ff92701981,A,1.0,False
A-5782,99b61ef5-6ace-46fe-82d6-706adb58a103,post,bdf82c84-2715-48e5-a418-ca7683c8bc7a,A,1.0,False
A-5783,82192965-fb17-447a-b6be-f36fd018d096,post,be26ae20-cc32-4f6d-8594-39d52102eea1,A,2.0,False
A-5784,ec2e7d66-7d99-44be-9bd3-d238a5a8a597,post,be26ae20-cc32-4f6d-8594-39d52102eea1,A,2.0,False
A-5785,38816a5f-fe80-48fd-b62a-2bcee7891438,post,be2c1929-3dc6-4637-b4c8-3ca57121b869,A,1.0,False
A-5786,a4938e6d-1881-4315-923e-020872cf0593,post,be335f5f-22c3-4cda-8a10-254c039449a1,A,3.0,False
A-5787,ba00a0c6-b1db-4fa1-997c-3134dabaeadf,post,be335f5f-22c3-4cda-8a10-254c039449a1,A,3.0,False
A-5788,fe293663-a8e3-4fb2-a23d-c8fb18f52669,post,be335f5f-22c3-4cda-8a10-254c039449a1,A,3.0,False
A-5789,2bf07d9a-bce9-41d3-8a70-882cfddf03eb,post,be398e61-a116-45ef-bd1c-3b6d289e34ff,A,1.0,False
A-5790,61e0847a-789a-4566-ad66-1c19ab698e81,comment,be62a685-302c-453a-a5e7-0527a8770ef6,A,4.0,False
A-5791,6efed037-fd91-42ab-ad4c-bea3a20a1c45,post,be62a685-302c-453a-a5e7-0527a8770ef6,A,4.0,False
A-5792,cc632dbd-1e2b-4448-97fd-224451e0f7fa,comment,be62a685-302c-453a-a5e7-0527a8770ef6,A,4.0,False
A-5793,e5768e4f-03f5-41a1-bd46-b6cabe113529,comment,be62a685-302c-453a-a5e7-0527a8770ef6,A,4.0,False
A-5794,be382e40-8b06-48a9-af36-a4a6937a3d1e,post,be748f46-0aca-4576-83dc-f07d3c8158f8,A,1.0,False
A-5795,16a963f8-7ff1-42dd-8ee9-0cdb82ea1191,post,be88f13d-a7e4-4ea3-98a7-caf099f8253a,A,1.0,False
A-5796,c5564111-df6f-4c95-8c4a-ec12b4ad4a48,post,be98b036-aed4-444e-9c53-eb673371c147,A,1.0,False
A-5797,be1a0665-f790-491b-a898-a62415bbcc53,post,be9d61aa-b83a-4104-9c55-5e5d96ff6022,A,1.0,False
A-5798,661293b2-19ca-426d-a83a-a99004c3f040,post,bedda99d-fd68-4243-8e82-fd4722bd01bb,A,1.0,False
A-5799,2b913f19-a063-4aa3-8700-096cf5b50031,comment,bede3ddc-7bdb-4ff3-81ea-afda83f80d09,A,3.0,False
A-5800,6c166948-2df4-4070-abcb-311822f2cad7,post,bede3ddc-7bdb-4ff3-81ea-afda83f80d09,A,3.0,False
A-5801,7def27d5-fc6c-4edd-b95e-bd17c759480e,post,bede3ddc-7bdb-4ff3-81ea-afda83f80d09,A,3.0,False
A-5802,644231d0-102b-44ee-adee-6db17cabdb3d,post,bef4f4b6-7cf3-48c5-ad10-d7255bea90cf,A,1.0,False
A-5803,32ba6fa4-b117-409d-857c-e6932df2170c,post,befcaef3-7a37-4efa-9a5d-fe4e4fa97d88,A,1.0,False
A-5804,5967561c-e21f-4a71-ae11-e3837983d854,post,bf03c97f-2aa6-4936-9c02-6e40430f1377,A,1.0,False
A-5805,363812cf-8019-4942-bd40-80904f8fa38e,post,bf063a74-d9cb-425c-8387-8f266de90c0f,A,2.0,False
A-5806,d2af76fb-adb5-4610-a968-ed5662c2504b,post,bf063a74-d9cb-425c-8387-8f266de90c0f,A,2.0,False
A-5807,747e7df5-8169-427b-b071-0fc5d8ae91aa,post,bf3c34c6-9f88-411c-8ebe-1428a44edac3,A,1.0,False
A-5808,f9c61eb3-153b-44ac-ab92-f434c92d653c,post,bf4d3f05-e14a-485b-b95d-b4ea0620032a,A,1.0,False
A-5809,96d8e333-b48f-4d88-8b2b-572106174fe8,post,bf7a0d56-432f-4d01-8fcf-acba559d8b9b,A,1.0,False
A-5810,032dda9d-98d9-47f5-b1ec-cb9ad1cea7e5,post,bf84d4bf-fa7f-41ef-882c-c5389443dae6,A,1.0,False
A-5811,08325043-f38a-47df-8635-3b6885090ead,post,bfb4cbb4-551e-42a0-92e9-8a882612ddbc,A,3.0,False
A-5812,1d57289a-3df7-4dfd-832a-e738f324493b,post,bfb4cbb4-551e-42a0-92e9-8a882612ddbc,A,3.0,False
A-5813,81aa853c-6326-44ba-9a6c-0954ef11c5df,post,bfb4cbb4-551e-42a0-92e9-8a882612ddbc,A,3.0,False
A-5814,174e944e-823c-4e91-b7c1-38bd5cae95fb,post,bfbb3b19-cc4f-48ef-a0c6-03fff56119ae,A,33.0,False
A-5815,fd02080b-6d85-41b5-a655-c03137a0544c,post,bfbb3b19-cc4f-48ef-a0c6-03fff56119ae,A,33.0,False
A-5816,9532637f-cd90-4066-9c87-e93cfa6468a3,post,bfbb3b19-cc4f-48ef-a0c6-03fff56119ae,A,33.0,False
A-5817,8cd2357e-bdee-4427-971b-6074d137aa29,comment,bfbb3b19-cc4f-48ef-a0c6-03fff56119ae,A,33.0,False
A-5818,e4912682-46cd-4e94-a979-5dbeae5dd257,post,bfbb3b19-cc4f-48ef-a0c6-03fff56119ae,A,33.0,False
A-5819,fa1f5d19-893e-4515-8234-c3be2493adc1,comment,bfbb3b19-cc4f-48ef-a0c6-03fff56119ae,A,33.0,False
A-5820,05e711e8-9d57-4481-932f-23bda670afaf,post,bfbb3b19-cc4f-48ef-a0c6-03fff56119ae,A,33.0,False
A-5821,4ee28ec7-6d71-4060-b7a7-6cb9c14fd1c1,comment,bfbb3b19-cc4f-48ef-a0c6-03fff56119ae,A,33.0,False
A-5822,126f7f00-edc2-445a-99e3-24fc53404d98,post,bfbb3b19-cc4f-48ef-a0c6-03fff56119ae,A,33.0,False
A-5823,8057eaad-5452-455f-8484-2693d2eb26ce,comment,bfbb3b19-cc4f-48ef-a0c6-03fff56119ae,A,33.0,False
A-5824,4b4ef888-b9c0-4d87-9ec2-713833738453,post,bfbb3b19-cc4f-48ef-a0c6-03fff56119ae,A,33.0,False
A-5825,08a2c421-9bc0-4575-b76f-ea41f69a90bd,comment,bfbb3b19-cc4f-48ef-a0c6-03fff56119ae,A,33.0,False
A-5826,840af7f4-d69d-4226-8ee8-fdc2b0837c9e,post,bfbb3b19-cc4f-48ef-a0c6-03fff56119ae,A,33.0,False
A-5827,86fb412d-8374-4e46-adc7-a0de6f2a4120,comment,bfbb3b19-cc4f-48ef-a0c6-03fff56119ae,A,33.0,False
A-5828,91053e57-0d11-4c33-bc00-8678afdae9a4,post,bfbb3b19-cc4f-48ef-a0c6-03fff56119ae,A,33.0,False
A-5829,27cb0fdb-efe2-4126-988f-b17ef080ba3e,post,bfbb9f9d-e284-4458-b7be-a5654e3e07ae,A,5.0,False
A-5830,327b9425-cc56-4255-82c9-e66c2eedd503,post,bfbb9f9d-e284-4458-b7be-a5654e3e07ae,A,5.0,False
A-5831,5fa1824b-19ff-4562-b8a5-26fbd9a754b4,comment,bfbb9f9d-e284-4458-b7be-a5654e3e07ae,A,5.0,False
A-5832,bf39af92-164e-47f0-856b-6b6a3555a1b8,post,bfbb9f9d-e284-4458-b7be-a5654e3e07ae,A,5.0,False
A-5833,c32e8ac0-5677-4311-99ed-89e08fd916cd,comment,bfbb9f9d-e284-4458-b7be-a5654e3e07ae,A,5.0,False
A-5834,3bb97dd0-0934-44c2-989d-114594593851,comment,bfe97bcd-4f55-4ff2-b454-4ef63e12cc7d,A,3.0,False
A-5835,4bd1f11d-766a-410c-830a-14c3493da8fb,post,bfe97bcd-4f55-4ff2-b454-4ef63e12cc7d,A,3.0,False
A-5836,b4fcb897-d148-418d-ad53-c172d9577946,post,bfe97bcd-4f55-4ff2-b454-4ef63e12cc7d,A,3.0,False
A-5837,3060f26a-3083-421e-a85c-13c3d078b520,comment,bff07baf-1e60-455a-8bd5-a31c6afea6ff,A,1.0,False
A-5838,797b7de7-68cc-47ee-870c-3ec1117907ba,post,c005d0a4-2b86-412e-9030-be75867d2944,A,1.0,False
A-5839,0c6c9df9-cce4-4253-82e2-bef022db491d,post,c04bc301-4b2e-43ab-89ca-532909f57df6,A,9.0,False
A-5840,109729ad-b156-4b3d-971f-f8a1c8bfae40,post,c04bc301-4b2e-43ab-89ca-532909f57df6,A,9.0,False
A-5841,6e6b379a-ba06-4fe0-ba68-1a71401fe351,post,c04bc301-4b2e-43ab-89ca-532909f57df6,A,9.0,False
A-5842,7b2088a0-a040-46af-9a85-139a2f8d8b33,post,c04bc301-4b2e-43ab-89ca-532909f57df6,A,9.0,False
A-5843,84516be4-31a7-45c9-a3f3-a2eac7e55623,post,c04bc301-4b2e-43ab-89ca-532909f57df6,A,9.0,False
A-5844,beb755d0-7feb-4dc8-9362-fc4ab262d6f8,post,c04bc301-4b2e-43ab-89ca-532909f57df6,A,9.0,False
A-5845,dd0ecb97-cd1e-4ae9-bd3d-d35a0f78e0ed,post,c04bc301-4b2e-43ab-89ca-532909f57df6,A,9.0,False
A-5846,de31c7bb-1cc2-4798-98fc-38922c2b1cb8,post,c04bc301-4b2e-43ab-89ca-532909f57df6,A,9.0,False
A-5847,eb7cf9b7-9d50-4e99-a62e-b10a6274d9ed,post,c04bc301-4b2e-43ab-89ca-532909f57df6,A,9.0,False
A-5848,abd12346-ac25-49b7-9d74-80e02f221796,post,c0611d12-4d37-4aeb-a465-252ed8c16565,A,1.0,False
A-5849,2ffcd146-db19-4dc5-b41b-da277b75ee25,comment,c06291b8-eefa-4b9a-82f1-db6ff052ee73,A,2.0,False
A-5850,70af0be8-ea88-4abd-9c39-4d13208fd05e,post,c06291b8-eefa-4b9a-82f1-db6ff052ee73,A,2.0,False
A-5851,97822d39-0b71-4ef5-9189-7545f0706e14,comment,c07664e9-d582-458a-adb8-d8d825e5217e,A,16.0,False
A-5852,988ad63d-adae-4ce5-894f-71fa95856d5e,comment,c07664e9-d582-458a-adb8-d8d825e5217e,A,16.0,False
A-5853,07ee572c-b881-42ee-bab3-437169fd4462,comment,c07664e9-d582-458a-adb8-d8d825e5217e,A,16.0,False
A-5854,3082cb04-ab8b-4ff3-b785-2eaefb4fe802,post,c07664e9-d582-458a-adb8-d8d825e5217e,A,16.0,False
A-5855,f9f2ccb3-669e-42f3-aee0-073891c9125a,comment,c07664e9-d582-458a-adb8-d8d825e5217e,A,16.0,False
A-5856,f293239d-27a9-4d6f-b2b9-b33c6fcf16d4,comment,c07664e9-d582-458a-adb8-d8d825e5217e,A,16.0,False
A-5857,db5325a9-c1be-472a-80e2-e5f895a5e9b5,comment,c07664e9-d582-458a-adb8-d8d825e5217e,A,16.0,False
A-5858,f0675646-51f5-441d-8795-080700ccad14,comment,c07664e9-d582-458a-adb8-d8d825e5217e,A,16.0,False
A-5859,ccc6ac01-028f-4b06-8cd8-5678dcf2999c,post,c07664e9-d582-458a-adb8-d8d825e5217e,A,16.0,False
A-5860,991b05b3-63dc-4646-a38e-fa86c418d87a,post,c07664e9-d582-458a-adb8-d8d825e5217e,A,16.0,False
A-5861,f329a9bb-4657-4733-a81e-730ea25620c2,post,c07664e9-d582-458a-adb8-d8d825e5217e,A,16.0,False
A-5862,2229ab79-e578-4374-95a1-52e9cf6f95f7,post,c07664e9-d582-458a-adb8-d8d825e5217e,A,16.0,False
A-5863,49988d12-c483-4580-8cc5-c225c8f165a1,comment,c07664e9-d582-458a-adb8-d8d825e5217e,A,16.0,False
A-5864,e1859979-e04e-44b7-ba56-f0b7243961a4,comment,c07664e9-d582-458a-adb8-d8d825e5217e,A,16.0,False
A-5865,0093b9be-0cb3-46e1-92dc-1460c140a3e8,comment,c07664e9-d582-458a-adb8-d8d825e5217e,A,16.0,False
A-5866,afb167ce-17cb-40e2-b8f7-397df59c0e02,comment,c08261ed-e674-4376-af01-280b2c058df0,A,2.0,False
A-5867,b9cd659d-d968-4853-a576-7bc232536cac,post,c08261ed-e674-4376-af01-280b2c058df0,A,2.0,False
A-5868,9236a806-8ee2-4d34-884d-8620b09b1e79,post,c0ad892a-4211-4f91-8416-5ceb82aa60be,A,1.0,False
A-5869,f15a26d3-3ed5-4dd8-a04e-b1fd49e09474,post,c0b553ce-9146-40f1-98b9-9b6b1524a4cc,A,1.0,False
A-5870,f83c9a61-55aa-4f70-a484-50266468794e,post,c0d23cb6-3b51-4110-8667-3b08ba5a9c3e,A,1.0,False
A-5871,05a73881-5ea7-4804-a3c7-e0dfa8e1f423,comment,c0d955b8-a3c6-42a9-89a5-b523f4fd30ec,A,11.0,False
A-5872,1ea63b23-0578-4585-9019-289ddeb484ba,comment,c0d955b8-a3c6-42a9-89a5-b523f4fd30ec,A,11.0,False
A-5873,54bf9acf-b8ef-49b2-bdf6-69125cc9543a,comment,c0d955b8-a3c6-42a9-89a5-b523f4fd30ec,A,11.0,False
A-5874,59eb2cbf-9be8-4323-845f-247fdae04b0b,comment,c0d955b8-a3c6-42a9-89a5-b523f4fd30ec,A,11.0,False
A-5875,6ffc3633-0cfb-49a9-a58e-d9d16e46d878,post,c0d955b8-a3c6-42a9-89a5-b523f4fd30ec,A,11.0,False
A-5876,7764d5b1-d2df-4634-a19c-68997b278a4e,post,c0d955b8-a3c6-42a9-89a5-b523f4fd30ec,A,11.0,False
A-5877,ab5cf76a-16c0-465e-8004-e03c1527eacb,post,c0d955b8-a3c6-42a9-89a5-b523f4fd30ec,A,11.0,False
A-5878,c8ec04b0-4158-4fc7-b41a-1f2659de4d6b,post,c0d955b8-a3c6-42a9-89a5-b523f4fd30ec,A,11.0,False
A-5879,da6f01c0-be50-45bc-98f9-0bd29b86ec95,post,c0d955b8-a3c6-42a9-89a5-b523f4fd30ec,A,11.0,False
A-5880,dccb22c0-d527-43d9-b89a-7303acab31b1,post,c0d955b8-a3c6-42a9-89a5-b523f4fd30ec,A,11.0,False
A-5881,eb8c6307-8729-4b9f-8609-07a2dd639fbf,post,c0d955b8-a3c6-42a9-89a5-b523f4fd30ec,A,11.0,False
A-5882,a4da50cf-e3ac-47ef-96fe-7560f4eb9e40,post,c0e90fea-d57a-4beb-bfae-c842c78609be,A,2.0,False
A-5883,fcf82f80-7ce2-4cf6-8da1-d0a85788907d,post,c0e90fea-d57a-4beb-bfae-c842c78609be,A,2.0,False
A-5884,844a93ae-6021-4753-aec9-849c2c363dc1,comment,c0f027e0-710a-4728-8f4a-532cf9a049c7,A,23.0,False
A-5885,d7263e3f-02c9-4782-b93c-3e4748e81d89,post,c0f027e0-710a-4728-8f4a-532cf9a049c7,A,23.0,False
A-5886,6c51474c-6518-4b7c-9580-c5268c63531b,comment,c0f027e0-710a-4728-8f4a-532cf9a049c7,A,23.0,False
A-5887,e42ad9d5-1ca0-4e38-be7a-864e6906c454,post,c0f027e0-710a-4728-8f4a-532cf9a049c7,A,23.0,False
A-5888,584a9119-294f-4d6d-8751-c704be3e7aad,comment,c0f027e0-710a-4728-8f4a-532cf9a049c7,A,23.0,False
A-5889,7042592f-1015-4928-8c4a-a0b0a96269c3,comment,c0f027e0-710a-4728-8f4a-532cf9a049c7,A,23.0,False
A-5890,e640e846-a7dc-4238-9203-0b0e8b2c45e7,post,c0f027e0-710a-4728-8f4a-532cf9a049c7,A,23.0,False
A-5891,65ab3b92-eb27-417c-b0bb-e66d40d0ab26,comment,c0f027e0-710a-4728-8f4a-532cf9a049c7,A,23.0,False
A-5892,35c4e84f-ce34-4a17-89ce-58d95dfeeaa5,comment,c0f027e0-710a-4728-8f4a-532cf9a049c7,A,23.0,False
A-5893,710ce27c-4e1b-47b5-b905-58eaf7443030,post,c0f027e0-710a-4728-8f4a-532cf9a049c7,A,23.0,False
A-5894,0762ad47-0734-4fb5-b0c8-5f372dd8bac0,comment,c0f027e0-710a-4728-8f4a-532cf9a049c7,A,23.0,False
A-5895,2413c12b-7328-4e34-8e89-4c7b96b761d1,comment,c0f027e0-710a-4728-8f4a-532cf9a049c7,A,23.0,False
A-5896,4e254fd1-d30c-48a8-ae06-dda3ebc4891c,comment,c0f027e0-710a-4728-8f4a-532cf9a049c7,A,23.0,False
A-5897,cdca2a7c-b3be-40c4-9c7a-ddc948729a2a,comment,c0f027e0-710a-4728-8f4a-532cf9a049c7,A,23.0,False
A-5898,1cac91c1-aa25-4a7d-bed6-d20a13ce1ae6,comment,c0f027e0-710a-4728-8f4a-532cf9a049c7,A,23.0,False
A-5899,06df4c8b-00d7-46fc-bb10-b5d2658b254d,post,c0f420ee-6e41-4b9e-bc91-f08c86bfa729,A,1.0,False
A-5900,445a733f-4823-4575-9496-9e79c2d6011a,post,c10bab95-d8a1-44ec-aeb1-0e6ec8d18294,A,2.0,False
A-5901,56a322da-6601-4cd0-890b-7826d9c3876f,comment,c10bab95-d8a1-44ec-aeb1-0e6ec8d18294,A,2.0,False
A-5902,f4b41503-b44e-492b-bd44-01ee552ae786,post,c1104963-cd60-4da9-b76b-00c4d550cecd,A,2.0,False
A-5903,fe48dc66-0ba4-41ed-a10d-546fe43cd581,post,c1104963-cd60-4da9-b76b-00c4d550cecd,A,2.0,False
A-5904,4d25e274-f765-4b72-b44a-080b8fb5baf3,comment,c1224787-ba8a-4ea5-b552-571f6c8e5b41,A,2.0,False
A-5905,77e717d9-edb5-41c3-9fb2-34e04650e98d,post,c1224787-ba8a-4ea5-b552-571f6c8e5b41,A,2.0,False
A-5906,4d95266a-7cab-4172-97d4-5afbee894937,comment,c15b4523-dcdd-4001-9aef-fa680c0b2d09,A,1.0,False
A-5907,ecd22e4a-925d-41b9-8126-a6b778192d36,post,c187b3c5-0916-4757-8778-4ca1a539333f,A,1.0,False
A-5908,bd519233-aebe-47b2-9667-e753584d9eed,post,c18ff35c-5b2c-453a-929a-c521a7b85f10,A,1.0,False
A-5909,38db4612-276a-456f-a02d-a857f8599853,post,c1ad2de3-4a25-4096-b7c5-913f41f7b07f,A,7.0,False
A-5910,4b1f8c92-a658-4edd-90a6-abb6c657bc7a,comment,c1ad2de3-4a25-4096-b7c5-913f41f7b07f,A,7.0,False
A-5911,7422cdbd-fce0-4d3c-adbe-5b74a1f2f9f4,comment,c1ad2de3-4a25-4096-b7c5-913f41f7b07f,A,7.0,False
A-5912,8759df7e-06ba-4a3d-967f-8561da6fa566,post,c1ad2de3-4a25-4096-b7c5-913f41f7b07f,A,7.0,False
A-5913,8b92c2ba-55f0-494b-86df-8d15e70281f1,comment,c1ad2de3-4a25-4096-b7c5-913f41f7b07f,A,7.0,False
A-5914,bcd846e6-552a-4d05-8501-b11ce76465a1,post,c1ad2de3-4a25-4096-b7c5-913f41f7b07f,A,7.0,False
A-5915,fd64ca0f-86c6-4fae-a53c-8327d5ad9088,comment,c1ad2de3-4a25-4096-b7c5-913f41f7b07f,A,7.0,False
A-5916,2ee05aea-d924-4a17-97b0-d7831bf825c0,comment,c1d92445-918d-4621-bff5-556ede9d8fd9,A,1.0,False
A-5917,0917d4bd-504c-426b-810d-337871593dba,comment,c216d2c2-7d5d-4dd9-95ab-678c966a3840,A,1.0,False
A-5918,ba918583-4be4-4af2-a38a-0e2508d25e7e,comment,c21d93ac-4d20-4d21-a65d-a06c064d2420,A,2.0,False
A-5919,f2f9053d-a348-43ee-b148-a88f165b0616,comment,c21d93ac-4d20-4d21-a65d-a06c064d2420,A,2.0,False
A-5920,63e895e6-2a2e-443e-8b53-9d32049ce185,post,c24a3d56-637e-49af-a583-816497cdd9ca,A,1.0,False
A-5921,7a901826-e82a-40b3-aa08-60ff06b5cf1f,post,c24b977f-dc45-40e3-b876-089904b5d4d2,A,1.0,False
A-5922,5818e3ea-9df7-4c23-b42b-2ecc151134a9,post,c2587b8d-9e8c-4c85-8e81-5312925e5f68,A,1.0,False
A-5923,1e802b2a-98d5-449d-99a0-fe4915cee58b,comment,c25e187f-3fd2-4570-b1ce-f19470a9ce1a,A,3.0,False
A-5924,6d71d7bf-1f93-4ee9-99eb-d8ecf02c8bdb,post,c25e187f-3fd2-4570-b1ce-f19470a9ce1a,A,3.0,False
A-5925,e2b4b1bb-f603-4abf-88d3-f0aad8467e6f,comment,c25e187f-3fd2-4570-b1ce-f19470a9ce1a,A,3.0,False
A-5926,3be30991-fccf-43db-9070-ce677d0cac02,post,c260c602-9cee-43c6-a565-e68f4cb584cb,A,1.0,False
A-5927,b321ba7d-3cd1-453a-9d87-147e43bc8f2e,post,c272e733-adcd-4ea6-a140-5ba0e2ecef30,A,1.0,False
A-5928,2a775448-5792-4a38-b186-d0ca07cf3feb,comment,c28ed2be-5902-4aa1-8df2-da6739f8a8cd,A,5.0,False
A-5929,3993da88-a9b8-434f-a149-65a6ab8fbcc9,comment,c28ed2be-5902-4aa1-8df2-da6739f8a8cd,A,5.0,False
A-5930,99e44e6a-3810-474b-9558-6d0b8c27f311,post,c28ed2be-5902-4aa1-8df2-da6739f8a8cd,A,5.0,False
A-5931,c87cdb29-5016-4fa0-95ab-87f9fd7a9164,post,c28ed2be-5902-4aa1-8df2-da6739f8a8cd,A,5.0,False
A-5932,f2646604-581e-4b17-80a0-b60c918e72f6,comment,c28ed2be-5902-4aa1-8df2-da6739f8a8cd,A,5.0,False
A-5933,30b71417-471f-4528-a61a-c81337fd04ed,post,c2a6fa18-2c2d-4943-8b82-6d903874d54b,A,4.0,False
A-5934,5b150b62-3be0-4b60-892c-e00df04f497a,post,c2a6fa18-2c2d-4943-8b82-6d903874d54b,A,4.0,False
A-5935,a3aec907-203a-410e-94df-6e4e8a88812c,post,c2a6fa18-2c2d-4943-8b82-6d903874d54b,A,4.0,False
A-5936,ae8bdd6d-3099-4881-8dd7-51d4ed79f06a,post,c2a6fa18-2c2d-4943-8b82-6d903874d54b,A,4.0,False
A-5937,2ae40378-54cb-427d-804e-d7c5a1920137,post,c2b54443-0f16-4f66-a1ab-8904734610bd,A,1.0,False
A-5938,0131c3f4-e9ef-4fbd-83a1-9de7ba2b32e3,comment,c2b673c4-508d-40d3-96b9-18f5d8d50e29,A,5.0,False
A-5939,24491724-8503-48b3-96e7-ee57baafc822,comment,c2b673c4-508d-40d3-96b9-18f5d8d50e29,A,5.0,False
A-5940,280ab1ae-3154-47df-879f-0bfb504b1aed,post,c2b673c4-508d-40d3-96b9-18f5d8d50e29,A,5.0,False
A-5941,5bc1d837-a4eb-41ce-9656-a07b1b3b7cb6,comment,c2b673c4-508d-40d3-96b9-18f5d8d50e29,A,5.0,False
A-5942,cb956715-597a-4e38-aafd-157b0d0ca9c6,comment,c2b673c4-508d-40d3-96b9-18f5d8d50e29,A,5.0,False
A-5943,2f638c67-c1e2-4adb-8077-cc0f5f798ab9,post,c2c79b85-7a89-4064-a7d1-1110078a13cc,A,2.0,False
A-5944,9ec7e9e3-a31a-4bd0-8832-ea6b679e55d6,post,c2c79b85-7a89-4064-a7d1-1110078a13cc,A,2.0,False
A-5945,786223a9-48e1-4a82-a6fe-1b59d4ba6115,post,c2f964ae-97bd-42d7-89ba-14a792a635d0,A,3.0,False
A-5946,c10403a0-b582-4c60-93c7-395c74af7e4d,comment,c2f964ae-97bd-42d7-89ba-14a792a635d0,A,3.0,False
A-5947,cf0506f9-f09b-4ef9-8c06-dd0ba452f2dd,comment,c2f964ae-97bd-42d7-89ba-14a792a635d0,A,3.0,False
A-5948,c7fe0f13-9200-471b-bf1a-e5ff11c4a84c,post,c2fc989d-1657-410b-bdeb-92c8ee76e764,A,2.0,False
A-5949,cce74c3d-5bb9-437e-b266-2a4cd4eb38ef,post,c2fc989d-1657-410b-bdeb-92c8ee76e764,A,2.0,False
A-5950,b999b1f8-c07c-4519-87d2-5e2c40cdf40e,post,c3090f5c-0c3d-4ee5-875c-dbb8da9321b3,A,1.0,False
A-5951,8b631b83-179c-4acd-9a88-dbda73402454,post,c30d863d-0ca8-4c3f-ac62-1f19c33de37b,A,1.0,False
A-5952,8c88edc3-c441-453e-be2c-fdd4dd6ddff2,post,c31b7b1c-6179-4095-bc16-790eeb739fbe,A,1.0,False
A-5953,c6808da5-7d96-46fa-a44a-33b1f6929350,post,c3353f2d-70f5-4a0f-bf14-231c34a26824,A,3.0,False
A-5954,e79db0c1-df1f-4653-87ef-724c81cc52c4,post,c3353f2d-70f5-4a0f-bf14-231c34a26824,A,3.0,False
A-5955,f8f41073-94bb-47a4-9dd2-fc7e28b534c7,post,c3353f2d-70f5-4a0f-bf14-231c34a26824,A,3.0,False
A-5956,b3162c4c-78d0-4973-8475-02bb145ee540,post,c349ced7-db4d-4ba3-9d5a-de93cfc6ecdc,A,1.0,False
A-5957,4830df28-a0eb-4899-bc62-d9da5e57dde1,comment,c34daa4b-a692-48c8-bf12-c12491118368,A,28.0,False
A-5958,3642e7fc-8f34-4352-9135-0d7619e2f4c8,comment,c34daa4b-a692-48c8-bf12-c12491118368,A,28.0,False
A-5959,28518a4f-dfca-41b3-9d05-2603d45b781e,comment,c34daa4b-a692-48c8-bf12-c12491118368,A,28.0,False
A-5960,9ae9c4b4-cb18-435b-a420-341a80ef2b67,comment,c34daa4b-a692-48c8-bf12-c12491118368,A,28.0,False
A-5961,c8366c37-6649-41b4-9a97-9b135cc07d2a,comment,c34daa4b-a692-48c8-bf12-c12491118368,A,28.0,False
A-5962,d8a07882-f637-42bf-a2c1-a558b55d46e0,post,c34daa4b-a692-48c8-bf12-c12491118368,A,28.0,False
A-5963,b5f0e0ab-ae9c-4d9a-b4bf-f627a6611994,post,c34daa4b-a692-48c8-bf12-c12491118368,A,28.0,False
A-5964,00768f9a-2c80-4889-8f02-f8393ace0e62,post,c34daa4b-a692-48c8-bf12-c12491118368,A,28.0,False
A-5965,b0ef5c5c-c0b4-4404-bc0c-836b75167602,comment,c34daa4b-a692-48c8-bf12-c12491118368,A,28.0,False
A-5966,cc3a91ff-afa1-44fc-b1ff-91c0bcc2e058,comment,c34daa4b-a692-48c8-bf12-c12491118368,A,28.0,False
A-5967,af6697f9-2f45-4422-a209-01428b132919,comment,c34daa4b-a692-48c8-bf12-c12491118368,A,28.0,False
A-5968,6b86e687-0d96-481b-8499-f02560980941,comment,c34daa4b-a692-48c8-bf12-c12491118368,A,28.0,False
A-5969,42200fe9-1c43-430e-bf93-1d34b7c62fe0,comment,c34daa4b-a692-48c8-bf12-c12491118368,A,28.0,False
A-5970,c24f7555-dfcb-4aef-aeba-dc20e00ff29c,comment,c34daa4b-a692-48c8-bf12-c12491118368,A,28.0,False
A-5971,87253499-4690-4715-81da-fcbefb72327d,comment,c34daa4b-a692-48c8-bf12-c12491118368,A,28.0,False
A-5972,fded4dbf-b702-430f-9963-2d5dd2944013,post,c390e163-a2de-4899-8c4d-f8a406a0b7bb,A,1.0,False
A-5973,00ff5a8e-e5e3-4e6f-a203-25e625c7f4ad,post,c3922949-7cf8-47e7-8e01-40080bcb9c47,A,6.0,False
A-5974,015fa0bd-3878-4f30-bd30-e8f1a523a74f,post,c3922949-7cf8-47e7-8e01-40080bcb9c47,A,6.0,False
A-5975,1515ab15-3803-476b-9771-0928e8ba46b0,post,c3922949-7cf8-47e7-8e01-40080bcb9c47,A,6.0,False
A-5976,760c0bd0-bd8f-4bbe-9511-9d72c5c26b01,post,c3922949-7cf8-47e7-8e01-40080bcb9c47,A,6.0,False
A-5977,7d9f8214-323a-4853-a983-3c79b354fc7f,post,c3922949-7cf8-47e7-8e01-40080bcb9c47,A,6.0,False
A-5978,e2073c53-954c-4757-b47b-0d24bd785225,post,c3922949-7cf8-47e7-8e01-40080bcb9c47,A,6.0,False
A-5979,03097d29-3aea-4cf2-ab6c-89e2e2c43e2f,post,c3aa976d-606f-45f1-8dee-e204df753cc2,A,4.0,False
A-5980,107dccaf-349b-4bdb-b9a5-af63c2383fa7,post,c3aa976d-606f-45f1-8dee-e204df753cc2,A,4.0,False
A-5981,77059b16-12fe-48d1-8274-d5bdf233e7c0,post,c3aa976d-606f-45f1-8dee-e204df753cc2,A,4.0,False
A-5982,c3ba6dce-34b0-47e7-ba1c-a1c2e877d37b,post,c3aa976d-606f-45f1-8dee-e204df753cc2,A,4.0,False
A-5983,2a13ef6b-01c4-497d-ae80-f191e53ee314,post,c3d9e35e-0eb2-4d56-bfd9-256157494a41,A,1.0,False
A-5984,215612e2-9b90-4b74-b138-080332e6d5ec,post,c3e56a1f-11c5-4119-aebb-b70400a7b1e8,A,4.0,False
A-5985,5bc42fa6-c7bb-4dd4-921c-7fea63e37bff,post,c3e56a1f-11c5-4119-aebb-b70400a7b1e8,A,4.0,False
A-5986,6a800633-d845-4eb3-8ffa-2ecbfd916ded,post,c3e56a1f-11c5-4119-aebb-b70400a7b1e8,A,4.0,False
A-5987,8ff07914-9299-4f75-aa2e-9000d6c4eb9f,post,c3e56a1f-11c5-4119-aebb-b70400a7b1e8,A,4.0,False
A-5988,7f1d35ca-0d6c-4bdd-983f-70a82d2e08ea,post,c3e72177-07ae-4f4d-a28a-544cafbc4360,A,1.0,False
A-5989,26a3d270-4d35-4bab-960e-1967adf62509,comment,c427a5f6-17a0-44e8-a875-6c729aeadece,A,1.0,False
A-5990,394a73fe-223a-49a5-a6ed-a897db986450,comment,c43452f6-4de9-41be-8eff-92915d6e6be9,A,5.0,False
A-5991,abeae0d6-a68e-4607-bb53-0d09e51ed187,post,c43452f6-4de9-41be-8eff-92915d6e6be9,A,5.0,False
A-5992,b39eb05e-1d71-41d9-bc6b-69c700d655cb,comment,c43452f6-4de9-41be-8eff-92915d6e6be9,A,5.0,False
A-5993,de36aa0a-05fa-4584-a121-8ae5c053c815,post,c43452f6-4de9-41be-8eff-92915d6e6be9,A,5.0,False
A-5994,e86c61bb-0bd4-486d-89fb-ed5cad3adc6a,comment,c43452f6-4de9-41be-8eff-92915d6e6be9,A,5.0,False
A-5995,7c03308c-c248-445a-b932-765bab77ea0c,post,c443771c-2f51-44b7-9f9f-2907727b5c38,A,1.0,False
A-5996,b35c7f1a-4d37-44fb-a4d3-c28f20ca5dd8,post,c44f59f1-be02-4c71-833f-5030ebc1d0e6,A,1.0,False
A-5997,175385f9-81b0-4a01-98d9-e0eb4c2b5248,post,c450bee8-2d99-4ebd-8c86-391e8a6f0ef1,A,4.0,False
A-5998,2bb9b4c0-c021-49d5-a818-1f5f88f9a228,comment,c450bee8-2d99-4ebd-8c86-391e8a6f0ef1,A,4.0,False
A-5999,348b7202-eae8-4ed2-95a3-c3070771b31c,post,c450bee8-2d99-4ebd-8c86-391e8a6f0ef1,A,4.0,False
A-6000,9ade7df3-1f28-45a4-a124-e31eb8ca6a03,comment,c450bee8-2d99-4ebd-8c86-391e8a6f0ef1,A,4.0,False
A-6001,71266c81-3ddc-437a-8c38-aadf1a9e6bcd,post,c4583361-888b-4aa0-ab24-304921c05106,A,2.0,False
A-6002,e93a7436-34c0-414a-b963-06e5b5dc4367,post,c4583361-888b-4aa0-ab24-304921c05106,A,2.0,False
A-6003,20d165ee-dec5-4ce0-82f8-36ecc430b558,post,c45bad51-e1bf-495a-96bc-74eed8e46009,A,2.0,False
A-6004,29ee3add-5a0c-4398-a107-43f35beecb29,post,c45bad51-e1bf-495a-96bc-74eed8e46009,A,2.0,False
A-6005,b32457e8-d31e-4a4b-8d9c-76a411f1ca48,post,c4791126-ae5f-4d08-8dbf-d41596523edc,A,1.0,False
A-6006,1483993b-e488-48f1-a8c3-530575c5a067,post,c4b57a5e-011b-4715-a0b7-af0013a8542b,A,2.0,False
A-6007,c6989624-fa63-4a83-91a2-c5789f183ee5,post,c4b57a5e-011b-4715-a0b7-af0013a8542b,A,2.0,False
A-6008,3148f979-e02e-4420-b984-6d722954893c,post,c4be960b-8034-4510-bcd3-f8fc9351f77f,A,1.0,False
A-6009,4d3bb586-00a2-4c51-aa3f-c977d1781dee,post,c4dac532-046f-4896-8ce9-e37133be5616,A,4.0,False
A-6010,5ba7889b-8d27-452b-bbf2-3b201f9ac74a,post,c4dac532-046f-4896-8ce9-e37133be5616,A,4.0,False
A-6011,b65563ff-509f-4a8e-a96c-f65a9ef2d1cb,post,c4dac532-046f-4896-8ce9-e37133be5616,A,4.0,False
A-6012,e909a077-0de1-4bb3-9c8a-b6d33a51f135,post,c4dac532-046f-4896-8ce9-e37133be5616,A,4.0,False
A-6013,dc91e1b7-790c-4ee7-bfae-635e52dfc3d7,post,c4f0a5a4-87f7-4fd8-9f63-19dd8a83fbc9,A,1.0,False
A-6014,6579bfda-a21d-40ab-9cf1-f6635d970efc,post,c50059b9-4d35-489e-b41c-83f240da402f,A,1.0,False
A-6015,75314b44-d0ee-4cd4-8a5e-d64b75ad5575,post,c507baec-0f1c-4119-81a1-b40a6330eab5,A,2.0,False
A-6016,9591d1fd-9933-4afa-9705-a8798a2a77ed,comment,c507baec-0f1c-4119-81a1-b40a6330eab5,A,2.0,False
A-6017,43ff94c2-14a0-46df-b26f-11f34ef649f7,post,c517e610-38bc-4234-8548-763fac854c7d,A,4.0,False
A-6018,4402d863-6d67-46b7-a1f6-7b12ca1fda57,post,c517e610-38bc-4234-8548-763fac854c7d,A,4.0,False
A-6019,8afc6d54-001b-44d7-9183-8c439dce8315,post,c517e610-38bc-4234-8548-763fac854c7d,A,4.0,False
A-6020,c8ba49e9-49ea-4ad0-9183-7f9ee988fb73,comment,c517e610-38bc-4234-8548-763fac854c7d,A,4.0,False
A-6021,985501d5-8aa6-4dd6-8fae-d294ae12e307,post,c542faf0-5a84-4681-a86c-5f754e0efb3e,A,1.0,False
A-6022,2bb35b43-a2d6-4eb7-bc26-769b64a43bb7,post,c583bea1-3242-4c80-b13b-14e514b1ef41,A,3.0,False
A-6023,a60a4072-3c29-4572-ba55-80ffb8ac8ccd,post,c583bea1-3242-4c80-b13b-14e514b1ef41,A,3.0,False
A-6024,f3331bdb-6933-4ae0-a68a-170d703a1425,post,c583bea1-3242-4c80-b13b-14e514b1ef41,A,3.0,False
A-6025,f6ea4da4-0c38-4515-8240-c1ebee510f95,post,c5b72a64-9251-440b-8a00-d076d49adcbc,A,1.0,False
A-6026,d2f92780-f09b-43c9-93a6-30ff2e07f0e0,post,c5c5653d-5131-47a3-97d7-7a5f75e91f65,A,2.0,False
A-6027,f1238e85-0397-4b3e-879b-5b70d4ce7947,comment,c5c5653d-5131-47a3-97d7-7a5f75e91f65,A,2.0,False
A-6028,6bc22b22-4e94-4f34-b26f-e593434d4dbf,comment,c5c61fe2-efa9-42aa-8a8c-181db95b52cf,A,2.0,False
A-6029,6ffc68c2-2ecc-433f-ba77-4afeba3b1abc,comment,c5c61fe2-efa9-42aa-8a8c-181db95b52cf,A,2.0,False
A-6030,e94b3d81-61c0-494d-acd4-98b7ef5f9fa3,post,c5d8c036-8a91-410f-b174-c77738d26589,A,1.0,False
A-6031,2719b7c7-8cee-4644-8aca-be4944bf0377,post,c61294c7-5773-43af-abbe-1a3a6365ba37,A,2.0,False
A-6032,e35d958f-8702-418a-b51a-f72e1b64c8c3,post,c61294c7-5773-43af-abbe-1a3a6365ba37,A,2.0,False
A-6033,34727520-8476-441c-a645-c10139800e3a,post,c6208242-513f-4697-b993-29cf7cfd343f,A,2.0,False
A-6034,65e92b58-1f9a-4735-b330-98cd389fefc3,post,c6208242-513f-4697-b993-29cf7cfd343f,A,2.0,False
A-6035,80433523-ad29-48c6-8da7-14a94b1307d8,post,c6322e4a-1d4b-4156-a497-dad25028ec13,A,1.0,False
A-6036,cf30a648-cf9c-479d-a885-cae745acc0b9,post,c634325e-ff58-4c34-bfd4-56d037fdf6d4,A,1.0,False
A-6037,e2d72d55-bc94-4b9b-9c6d-e47d2fa7515e,post,c642a201-4007-4377-8174-9dfb0a28431a,A,1.0,False
A-6038,17bab338-2202-4301-a17f-1a9c323edc92,comment,c66396bc-bd41-4379-82e0-e092a5159b1b,A,4.0,False
A-6039,5d7ea065-1679-46a2-917a-b5ba6ffe7a04,post,c66396bc-bd41-4379-82e0-e092a5159b1b,A,4.0,False
A-6040,81d857fc-bc26-4f17-afbf-103cf1eda809,comment,c66396bc-bd41-4379-82e0-e092a5159b1b,A,4.0,False
A-6041,90f02a55-645a-40eb-9b7a-bd90e9887edc,comment,c66396bc-bd41-4379-82e0-e092a5159b1b,A,4.0,False
A-6042,f9aaf648-78c0-45f4-bf6c-d27c8003e504,post,c674dbfe-822d-43e7-aed7-42f981a58fd1,A,1.0,False
A-6043,ba356b09-8d27-4af3-a40d-abf1fb9ca7c5,post,c6993fb0-a7f5-4750-af4e-8d29bf4c12f1,A,1.0,False
A-6044,23bdf2f9-a587-42d5-b207-6c8725b43e1f,post,c6a0cd7e-6ddf-407b-9ac8-a549dbda9e69,A,3.0,False
A-6045,56623e58-cf7e-455a-8276-a2ad3796d8a5,post,c6a0cd7e-6ddf-407b-9ac8-a549dbda9e69,A,3.0,False
A-6046,b7a269bb-4257-4f8a-adca-5def751e7fcd,post,c6a0cd7e-6ddf-407b-9ac8-a549dbda9e69,A,3.0,False
A-6047,4eea136a-6402-4b80-a5e6-4f48bbdeb5f8,comment,c6b1ebb2-fabe-415c-92b6-a293b802b5f4,A,2.0,False
A-6048,f21c02db-a8f7-4735-9b6b-323e625aef47,comment,c6b1ebb2-fabe-415c-92b6-a293b802b5f4,A,2.0,False
A-6049,83926e24-dcec-4b66-947f-b137204b7a5a,post,c6c424d6-0844-4483-835f-eeeb03a56f71,A,2.0,False
A-6050,ca20fc30-a0d7-426b-aa18-ea427f74aa2f,comment,c6c424d6-0844-4483-835f-eeeb03a56f71,A,2.0,False
A-6051,9d00ebbb-1bbc-4139-bb52-545db7fc0451,post,c6cac249-07cc-45e2-a794-bfa3fd6bdc6b,A,1.0,False
A-6052,752f1b36-8e24-4c19-8b2c-da8321ed3bdc,comment,c6cad093-7210-4c3e-abf2-dea52ddeb3fa,A,1.0,False
A-6053,201efcac-af35-4062-adab-693549650376,post,c6de6283-33ce-448c-925e-568e16eb4e41,A,2.0,False
A-6054,71bd9695-8759-4e20-84e9-a8c468dc2c6a,post,c6de6283-33ce-448c-925e-568e16eb4e41,A,2.0,False
A-6055,2ffe4532-18f4-4874-8894-d10bd47be219,post,c6e4171b-edf7-41b4-b522-b11149b4777e,A,1.0,False
A-6056,08dc3653-8ae2-4b7f-8278-27262e4acfeb,post,c70a9f70-ce9b-40c6-bb3f-c6db22b5e90d,A,2.0,False
A-6057,5b88c504-67dd-49a2-87f0-b2a8fd8f1527,comment,c70a9f70-ce9b-40c6-bb3f-c6db22b5e90d,A,2.0,False
A-6058,22d5b675-f1dc-43f6-85a3-26a208f45763,comment,c723d079-52bf-4488-a714-f23d48e35254,A,4.0,False
A-6059,7635607f-a4bf-4af7-bffa-d39687796a7b,post,c723d079-52bf-4488-a714-f23d48e35254,A,4.0,False
A-6060,a7c3d51c-d7f2-41cc-ae02-4be27de26763,comment,c723d079-52bf-4488-a714-f23d48e35254,A,4.0,False
A-6061,bc505f5f-107a-43d7-80eb-4e2a76bd1184,comment,c723d079-52bf-4488-a714-f23d48e35254,A,4.0,False
A-6062,668f8fa9-dbef-4b89-8641-9aff5b2d9f1e,comment,c72959ae-bf28-4145-96b0-95138043fdae,A,9.0,False
A-6063,673eebdc-290a-47ec-ac3a-a7f8dcbcfa07,comment,c72959ae-bf28-4145-96b0-95138043fdae,A,9.0,False
A-6064,70d92c85-cff1-4edc-86d0-430518abf3c9,comment,c72959ae-bf28-4145-96b0-95138043fdae,A,9.0,False
A-6065,71150909-0f66-4a03-a6bb-2c1405a13bee,comment,c72959ae-bf28-4145-96b0-95138043fdae,A,9.0,False
A-6066,88c43909-318f-406f-96fd-db77820c2c9c,comment,c72959ae-bf28-4145-96b0-95138043fdae,A,9.0,False
A-6067,9bf394d1-3268-4581-93d1-80513fdedf29,comment,c72959ae-bf28-4145-96b0-95138043fdae,A,9.0,False
A-6068,a0452e42-ec88-480f-830e-40a8eba173b8,comment,c72959ae-bf28-4145-96b0-95138043fdae,A,9.0,False
A-6069,b6c8fa50-c473-4c47-bdce-51b9ed90513b,comment,c72959ae-bf28-4145-96b0-95138043fdae,A,9.0,False
A-6070,dd6a967b-30d4-4e46-aa99-1b74528ebdd6,comment,c72959ae-bf28-4145-96b0-95138043fdae,A,9.0,False
A-6071,7960498e-23ea-4a83-9319-9bd2e0fddbdf,post,c72dee71-ce69-4650-a359-72fe56493ca6,A,4.0,False
A-6072,96b0592b-9f0b-4480-94ea-213d5f3f4446,comment,c72dee71-ce69-4650-a359-72fe56493ca6,A,4.0,False
A-6073,f6b5eb22-b4ec-4ced-bf27-1b8382080942,comment,c72dee71-ce69-4650-a359-72fe56493ca6,A,4.0,False
A-6074,fcaa8f83-e5cb-463d-9dde-5aed780b2fe7,comment,c72dee71-ce69-4650-a359-72fe56493ca6,A,4.0,False
A-6075,18d4e4ec-ce42-48c0-9a10-a799e701409f,post,c7305141-333c-4ea4-9501-381724c264d6,A,2.0,False
A-6076,c433ef82-6269-426a-8d15-539e6185befd,post,c7305141-333c-4ea4-9501-381724c264d6,A,2.0,False
A-6077,600f6cd3-c4a6-4094-b536-3e0da4de0040,comment,c7476bb2-c7c1-43eb-9f98-2639e541e358,A,2.0,False
A-6078,9f1c6b1b-be19-4644-959f-55f3ed885edc,post,c7476bb2-c7c1-43eb-9f98-2639e541e358,A,2.0,False
A-6079,62484a0c-b097-4e82-8c30-48733d74642f,post,c7645012-3ba8-4285-ab38-41a6ff6e8f36,A,1.0,False
A-6080,5d83a3b4-cf19-4ac5-8b70-0b433315934d,post,c786b351-750e-47b7-937b-8f3421b8b5b8,A,6.0,False
A-6081,874dbd0a-360b-4a5d-83d2-4be83c104d79,post,c786b351-750e-47b7-937b-8f3421b8b5b8,A,6.0,False
A-6082,95a5e680-319c-4667-83b7-d5bc65c8681a,post,c786b351-750e-47b7-937b-8f3421b8b5b8,A,6.0,False
A-6083,c80e8e04-b2bc-40dc-bc32-4c0b907efa0e,post,c786b351-750e-47b7-937b-8f3421b8b5b8,A,6.0,False
A-6084,e34ee98a-4d36-4540-ba7e-e302009d8e8c,post,c786b351-750e-47b7-937b-8f3421b8b5b8,A,6.0,False
A-6085,ef94b896-3c16-434b-90e7-24ed7c93facb,post,c786b351-750e-47b7-937b-8f3421b8b5b8,A,6.0,False
A-6086,e264e674-75c0-47e3-bf13-cb8cbc3e3af9,post,c7a9324b-b30f-439c-8b05-b3bbe73b2640,A,1.0,False
A-6087,0bc2f6d4-d231-4a99-829f-ea84fb918cb4,comment,c7d4fc3a-c15c-48d8-b328-6e3d1f6b1e95,A,14.0,False
A-6088,0ee0d8d2-bbcc-44c0-a08e-72293d1d99e0,comment,c7d4fc3a-c15c-48d8-b328-6e3d1f6b1e95,A,14.0,False
A-6089,16e86f44-f801-49e3-91a3-d8d6e69d8a54,post,c7d4fc3a-c15c-48d8-b328-6e3d1f6b1e95,A,14.0,False
A-6090,16f3571c-8a63-474a-b938-53d5ca670b1a,comment,c7d4fc3a-c15c-48d8-b328-6e3d1f6b1e95,A,14.0,False
A-6091,1960a87f-275b-4338-befc-04bfeb9c97b4,post,c7d4fc3a-c15c-48d8-b328-6e3d1f6b1e95,A,14.0,False
A-6092,3847828f-f98f-4ff8-8ce8-70e8297df1bf,comment,c7d4fc3a-c15c-48d8-b328-6e3d1f6b1e95,A,14.0,False
A-6093,65961e13-a434-4d51-afb8-35513b4dcad1,post,c7d4fc3a-c15c-48d8-b328-6e3d1f6b1e95,A,14.0,False
A-6094,6a504fd8-43cc-4f69-9690-4936ef773a5d,post,c7d4fc3a-c15c-48d8-b328-6e3d1f6b1e95,A,14.0,False
A-6095,73607267-7d74-4ef2-a2fd-36064b8d6e76,post,c7d4fc3a-c15c-48d8-b328-6e3d1f6b1e95,A,14.0,False
A-6096,909c913a-d1b1-4c58-91a5-b628a6a28a80,comment,c7d4fc3a-c15c-48d8-b328-6e3d1f6b1e95,A,14.0,False
A-6097,9f13ebeb-1a0b-4b5d-a745-09a1914204ef,post,c7d4fc3a-c15c-48d8-b328-6e3d1f6b1e95,A,14.0,False
A-6098,aa5e99b3-6b15-473a-809f-2cca7f273b34,post,c7d4fc3a-c15c-48d8-b328-6e3d1f6b1e95,A,14.0,False
A-6099,d7e87053-8191-4a58-a058-e24453bc55d9,comment,c7d4fc3a-c15c-48d8-b328-6e3d1f6b1e95,A,14.0,False
A-6100,ec59e4c4-d268-4a4d-9670-bbbe7a62e3da,post,c7d4fc3a-c15c-48d8-b328-6e3d1f6b1e95,A,14.0,False
A-6101,fb9da1d8-684f-4712-b942-1a9471abed98,post,c7d79c2b-48bd-4387-ac63-76f2b3273175,A,1.0,False
A-6102,e8c28ee9-1b35-4e01-b653-a2ac780b907a,post,c8425e6a-731c-4c6d-9c08-50cf4bb4856f,A,1.0,False
A-6103,6202f694-9457-4819-8f97-3aaea053353d,post,c8487cc6-a8dd-4300-bd62-d7fb9d5a2795,A,1.0,False
A-6104,94cf8dc9-f984-4317-954b-26381394f932,post,c85e39ba-5a22-4461-92a9-05cc458eafcf,A,1.0,False
A-6105,56583d87-df85-438c-8e24-e52543158ac9,post,c8673a07-ca2e-486c-9e5f-b9b6acea757a,A,3.0,False
A-6106,afdf49cb-9d51-4875-8913-c886b17792e3,post,c8673a07-ca2e-486c-9e5f-b9b6acea757a,A,3.0,False
A-6107,cbe98358-1835-4dd0-a24f-d9234cdfee8e,post,c8673a07-ca2e-486c-9e5f-b9b6acea757a,A,3.0,False
A-6108,059426af-f721-48d5-bcc3-764b09fde0a3,comment,c86e9623-0422-490b-9d1a-062cc993eef9,A,13.0,False
A-6109,05cf2b15-2f50-4f63-bec3-7d4e7bbac269,post,c86e9623-0422-490b-9d1a-062cc993eef9,A,13.0,False
A-6110,06744dd5-30f3-41f8-b1e6-9b6602485606,post,c86e9623-0422-490b-9d1a-062cc993eef9,A,13.0,False
A-6111,10671660-49f8-49c4-bce8-25f17b9be7aa,post,c86e9623-0422-490b-9d1a-062cc993eef9,A,13.0,False
A-6112,21dc55d4-3f0b-4279-83e2-4e12ed016287,post,c86e9623-0422-490b-9d1a-062cc993eef9,A,13.0,False
A-6113,2500cd26-b0cc-420c-a674-7b0c68d03f09,comment,c86e9623-0422-490b-9d1a-062cc993eef9,A,13.0,False
A-6114,57a24275-c002-4d2e-95fd-02bef22bb384,comment,c86e9623-0422-490b-9d1a-062cc993eef9,A,13.0,False
A-6115,5aea9fc7-125c-4fdb-bf15-0a1a808bd62a,comment,c86e9623-0422-490b-9d1a-062cc993eef9,A,13.0,False
A-6116,60f10a29-49f8-4854-8e75-4329425b0d7c,comment,c86e9623-0422-490b-9d1a-062cc993eef9,A,13.0,False
A-6117,67d6299a-fc06-417b-8ffd-5b4d2739ccab,comment,c86e9623-0422-490b-9d1a-062cc993eef9,A,13.0,False
A-6118,699b9937-1b57-4952-8b1d-58d978365f9c,post,c86e9623-0422-490b-9d1a-062cc993eef9,A,13.0,False
A-6119,6b6b414f-ba5e-4c8c-b3c7-58d675793108,comment,c86e9623-0422-490b-9d1a-062cc993eef9,A,13.0,False
A-6120,fafa9929-bcf3-48f8-a77f-24e2e8730b1a,comment,c86e9623-0422-490b-9d1a-062cc993eef9,A,13.0,False
A-6121,3db627e0-3610-4100-a4bc-5e59ae03644f,post,c877c39c-7d9b-4bc0-bdff-084606c1797b,A,2.0,False
A-6122,f51edbe3-167b-4cfa-b72b-77fe174386db,post,c877c39c-7d9b-4bc0-bdff-084606c1797b,A,2.0,False
A-6123,f35d5533-f700-4cbe-aa92-bd45cf32d6dc,post,c88f147b-4d49-4440-a45b-2e4b30287b7e,A,1.0,False
A-6124,004dbaa2-f9c2-4487-9b19-4a18b6bb2d73,post,c8a74884-c3fa-4fab-a8a9-c67bba6a0176,A,1.0,False
A-6125,12b706e6-d2da-4477-b200-e0126e1b3edc,post,c8aaf671-7405-4da6-ac93-74556809e982,A,1.0,False
A-6126,3ac5b930-85bc-4e56-9a47-0ed66c738ea2,post,c8b71330-a4d5-4a01-961f-75b49bb2fd81,A,1.0,False
A-6127,329ca458-a27e-4f97-b1af-4eadfebdb746,comment,c8ed4021-c801-41cc-9f82-0d0fb3ae655b,A,48.0,False
A-6128,1a82e88d-0fae-44e7-944c-6eb203f4f07c,comment,c8ed4021-c801-41cc-9f82-0d0fb3ae655b,A,48.0,False
A-6129,37434cbe-febf-4418-b244-6dbfee02e734,comment,c8ed4021-c801-41cc-9f82-0d0fb3ae655b,A,48.0,False
A-6130,9f0361d6-701e-4137-8d43-9c84e1afe43f,comment,c8ed4021-c801-41cc-9f82-0d0fb3ae655b,A,48.0,False
A-6131,9eed7797-9370-42e1-9635-649b1d986a52,comment,c8ed4021-c801-41cc-9f82-0d0fb3ae655b,A,48.0,False
A-6132,3f207d8e-8c24-4ae1-9551-ab516a30e779,comment,c8ed4021-c801-41cc-9f82-0d0fb3ae655b,A,48.0,False
A-6133,86e2d09e-7fef-47a3-9d0b-1ce2552df723,comment,c8ed4021-c801-41cc-9f82-0d0fb3ae655b,A,48.0,False
A-6134,f923d372-4889-4110-aec2-e84d2cd53648,comment,c8ed4021-c801-41cc-9f82-0d0fb3ae655b,A,48.0,False
A-6135,7bad989a-e093-4cc0-a913-8b5d64ae2600,comment,c8ed4021-c801-41cc-9f82-0d0fb3ae655b,A,48.0,False
A-6136,3efde8c8-bf9e-490d-84ce-bc6df5e1a798,comment,c8ed4021-c801-41cc-9f82-0d0fb3ae655b,A,48.0,False
A-6137,73974c3b-4977-4006-b104-b6a80ea2952b,comment,c8ed4021-c801-41cc-9f82-0d0fb3ae655b,A,48.0,False
A-6138,21c9ef80-ac1e-4de2-8c2c-c0e325b3f251,post,c8ed4021-c801-41cc-9f82-0d0fb3ae655b,A,48.0,False
A-6139,44c2bb89-a009-4aea-8a17-1f1ce842ae0a,comment,c8ed4021-c801-41cc-9f82-0d0fb3ae655b,A,48.0,False
A-6140,f777e644-7687-4c61-ac1f-31c466be3564,comment,c8ed4021-c801-41cc-9f82-0d0fb3ae655b,A,48.0,False
A-6141,d0d766dd-5f6f-4e9c-8bc2-45aba5ff6431,comment,c8ed4021-c801-41cc-9f82-0d0fb3ae655b,A,48.0,False
A-6142,55919ff9-735b-4d60-a805-222a876dee60,post,c8f1dea0-bdec-41ef-aded-9f985ba23168,A,1.0,False
A-6143,1ed105cd-c6ab-4049-8ab5-e1337dbb8aef,comment,c905bd96-24ea-4c80-aaf9-9d9b314ff0b0,A,4.0,False
A-6144,2becaec2-1d63-46c7-9153-da8c14da8c76,post,c905bd96-24ea-4c80-aaf9-9d9b314ff0b0,A,4.0,False
A-6145,47f90ca5-4a04-4093-b59b-6f16fd599036,post,c905bd96-24ea-4c80-aaf9-9d9b314ff0b0,A,4.0,False
A-6146,9976b2b4-b91e-4358-98c8-8612f2681d32,post,c905bd96-24ea-4c80-aaf9-9d9b314ff0b0,A,4.0,False
A-6147,5dbea53f-a279-4953-9fd4-4c8ec7ce1959,comment,c92d0f23-a283-4e84-ae10-925b64c5d711,A,1.0,False
A-6148,aa144ad0-aa03-4801-81a0-37ef764edf01,comment,c934cf2a-7af9-499f-8cfe-41c566b16f24,A,1.0,False
A-6149,ed55df44-a262-449e-8421-0caab27d6f23,post,c93d1f5c-480c-424a-abd5-481f759c518f,A,18.0,False
A-6150,50ef8e87-f34d-4620-afc9-31fc728c1999,post,c93d1f5c-480c-424a-abd5-481f759c518f,A,18.0,False
A-6151,56ebb97c-8cef-45d3-9924-2ddcda1f05eb,post,c93d1f5c-480c-424a-abd5-481f759c518f,A,18.0,False
A-6152,137af34b-1a1e-4527-ab1f-c1f2823caf4a,post,c93d1f5c-480c-424a-abd5-481f759c518f,A,18.0,False
A-6153,20514b7e-b159-41a6-808a-dbdb739b9b4d,post,c93d1f5c-480c-424a-abd5-481f759c518f,A,18.0,False
A-6154,02e932f8-fe61-4ef5-abfd-af2665615b70,post,c93d1f5c-480c-424a-abd5-481f759c518f,A,18.0,False
A-6155,a350cf7f-f46a-4011-9cc2-83f1c36d9325,post,c93d1f5c-480c-424a-abd5-481f759c518f,A,18.0,False
A-6156,8d628cb9-60fc-4f7d-a926-169be4f9679a,post,c93d1f5c-480c-424a-abd5-481f759c518f,A,18.0,False
A-6157,5349292e-1a2f-4967-91c7-03936ea3dfc5,post,c93d1f5c-480c-424a-abd5-481f759c518f,A,18.0,False
A-6158,5de2c6dd-63d9-4a8f-ba56-c54453e36408,post,c93d1f5c-480c-424a-abd5-481f759c518f,A,18.0,False
A-6159,5718591f-2424-42ff-9699-337481546b53,post,c93d1f5c-480c-424a-abd5-481f759c518f,A,18.0,False
A-6160,1d20a4a4-d4ae-41f5-b60b-8aea7fc1d363,post,c93d1f5c-480c-424a-abd5-481f759c518f,A,18.0,False
A-6161,6648b4cb-6f5c-4d20-b492-08334e88d7d3,post,c93d1f5c-480c-424a-abd5-481f759c518f,A,18.0,False
A-6162,cf7c5860-4e04-40df-b109-c7e80e3ca517,post,c93d1f5c-480c-424a-abd5-481f759c518f,A,18.0,False
A-6163,4219f5bd-6219-4683-b597-d7a7c8211955,post,c93d1f5c-480c-424a-abd5-481f759c518f,A,18.0,False
A-6164,5ade003f-7d4b-469d-bc9d-f4dd735f673c,post,c9464991-546d-4c19-97b2-28cf9b020855,A,1.0,False
A-6165,30e0d5ea-cf2f-4c7a-a007-f060d66a39a1,comment,c94ff26b-6c5b-4ac6-b1ff-3d5559148d9d,A,6.0,False
A-6166,651ed642-a1f1-416b-a730-3e37d32f6851,comment,c94ff26b-6c5b-4ac6-b1ff-3d5559148d9d,A,6.0,False
A-6167,78ebeca2-8976-422b-902d-4ddf834bcfa6,comment,c94ff26b-6c5b-4ac6-b1ff-3d5559148d9d,A,6.0,False
A-6168,d40a2b36-b6e5-47a5-b98a-62e538a2563e,comment,c94ff26b-6c5b-4ac6-b1ff-3d5559148d9d,A,6.0,False
A-6169,d71104e5-3e33-497c-ad95-6d33b8cd75f4,comment,c94ff26b-6c5b-4ac6-b1ff-3d5559148d9d,A,6.0,False
A-6170,e2570314-2db2-4d10-9864-650e19c4e955,comment,c94ff26b-6c5b-4ac6-b1ff-3d5559148d9d,A,6.0,False
A-6171,52c02057-4d5b-41c0-8d92-3957f33d3541,post,c957019b-7074-41cf-9d42-cd5a40030714,A,10.0,False
A-6172,537fea5b-9d73-46aa-9115-745d63af1891,comment,c957019b-7074-41cf-9d42-cd5a40030714,A,10.0,False
A-6173,642a3fa3-a22b-44f7-a417-240fa547832a,post,c957019b-7074-41cf-9d42-cd5a40030714,A,10.0,False
A-6174,6e3f095e-162b-418c-a7da-ce1a99191d63,post,c957019b-7074-41cf-9d42-cd5a40030714,A,10.0,False
A-6175,6f6f8901-f073-4661-ad0f-3c01fcb5d087,post,c957019b-7074-41cf-9d42-cd5a40030714,A,10.0,False
A-6176,bce76fc3-4c9b-4555-b4c1-49b62a231139,post,c957019b-7074-41cf-9d42-cd5a40030714,A,10.0,False
A-6177,c472d68a-d953-41a1-b330-b1188a4ba0c1,comment,c957019b-7074-41cf-9d42-cd5a40030714,A,10.0,False
A-6178,d233731f-becb-4937-92ab-4b9a65adf260,post,c957019b-7074-41cf-9d42-cd5a40030714,A,10.0,False
A-6179,e307852a-4682-4945-97e9-bf2e72ca71c0,post,c957019b-7074-41cf-9d42-cd5a40030714,A,10.0,False
A-6180,efeedf17-9f1f-4308-85e5-f0b7df126822,comment,c957019b-7074-41cf-9d42-cd5a40030714,A,10.0,False
A-6181,0e19e22c-4d4b-4968-b7bc-656cfe4ce004,comment,c9b88a43-a54e-4afa-8276-adf5d738f9b6,A,11.0,False
A-6182,111d89a9-df57-4f56-a455-09d686738482,comment,c9b88a43-a54e-4afa-8276-adf5d738f9b6,A,11.0,False
A-6183,14d9a965-b0ec-48b9-81e8-288f2ac31e7e,comment,c9b88a43-a54e-4afa-8276-adf5d738f9b6,A,11.0,False
A-6184,58999c28-4090-41ca-9c5a-bcf28c86073b,comment,c9b88a43-a54e-4afa-8276-adf5d738f9b6,A,11.0,False
A-6185,58ec9b77-4498-4ef5-bcfb-59f9d03f9ccc,comment,c9b88a43-a54e-4afa-8276-adf5d738f9b6,A,11.0,False
A-6186,8854fd5a-d6e2-4981-96ab-6f3f4af324b4,post,c9b88a43-a54e-4afa-8276-adf5d738f9b6,A,11.0,False
A-6187,8f65102e-59ad-4869-ac97-dc8a3d7d1f50,comment,c9b88a43-a54e-4afa-8276-adf5d738f9b6,A,11.0,False
A-6188,9384d9d7-93f1-456c-bf8a-cc0e769ace94,comment,c9b88a43-a54e-4afa-8276-adf5d738f9b6,A,11.0,False
A-6189,ac1c6d2c-4a8a-4279-8c7e-aef0a414d2f5,comment,c9b88a43-a54e-4afa-8276-adf5d738f9b6,A,11.0,False
A-6190,d8b0ae27-9815-4eaf-868e-ad1ee7e7e9af,comment,c9b88a43-a54e-4afa-8276-adf5d738f9b6,A,11.0,False
A-6191,ffb39cdf-d891-4aae-854f-cdcc9e6f5e4b,comment,c9b88a43-a54e-4afa-8276-adf5d738f9b6,A,11.0,False
A-6192,aec8cbfb-07ff-43d5-b97d-a2ce19dc52c8,post,c9c12f19-0944-4d0b-b1a3-4b1bafa11503,A,2.0,False
A-6193,e574e9ff-776b-4452-a1a4-6b2f4a09209c,post,c9c12f19-0944-4d0b-b1a3-4b1bafa11503,A,2.0,False
A-6194,34513444-3a5d-4828-aa1b-2a92d8738482,post,c9c1ab55-82bc-41fe-a53a-26ba7506e35c,A,1.0,False
A-6195,6e935cdd-8d2c-4f31-ade8-39d620d8eba5,comment,c9daa060-8e75-493b-80fa-4b4a676d98da,A,3.0,False
A-6196,91ffc649-facd-4664-99c8-921d55cd8ad4,comment,c9daa060-8e75-493b-80fa-4b4a676d98da,A,3.0,False
A-6197,a94fd8a1-fe98-4310-bb6e-b2ad7c024d18,comment,c9daa060-8e75-493b-80fa-4b4a676d98da,A,3.0,False
A-6198,6c74c1bd-d262-434e-9d9c-f5eb45262c2c,post,c9e3340b-d743-4334-b084-92c9ac2e2903,A,1.0,False
A-6199,ba1ba8bd-9206-4026-9357-03e81a938218,post,c9f3527e-14c3-43c8-89f2-2fb380dafbea,A,1.0,False
A-6200,8c226915-15f6-461c-b1dc-7b14fc74d788,post,ca168d11-fcb8-4858-871e-92197e138bd2,A,2.0,False
A-6201,b75d832f-4ad3-4ea7-a490-9ae216c52c66,post,ca168d11-fcb8-4858-871e-92197e138bd2,A,2.0,False
A-6202,3de0cab2-3a8d-4839-a125-211507b46dae,post,ca17169e-ae52-4f7f-9836-76487306b110,A,47.0,False
A-6203,9e883cfb-0549-4db1-bb38-e50f2dddd817,post,ca17169e-ae52-4f7f-9836-76487306b110,A,47.0,False
A-6204,268948cc-5ad7-4500-a563-408e42af7729,post,ca17169e-ae52-4f7f-9836-76487306b110,A,47.0,False
A-6205,4b7c90b6-35e2-46b0-aa6f-1b44c05203ff,post,ca17169e-ae52-4f7f-9836-76487306b110,A,47.0,False
A-6206,01d2391c-5b4b-46f7-aa1f-1a4af656b361,post,ca17169e-ae52-4f7f-9836-76487306b110,A,47.0,False
A-6207,b0e9789d-204b-4bf1-b7eb-6c0a8b22d658,post,ca17169e-ae52-4f7f-9836-76487306b110,A,47.0,False
A-6208,131f51a0-3334-4f2b-9325-bf708cc33c2c,post,ca17169e-ae52-4f7f-9836-76487306b110,A,47.0,False
A-6209,281bac6d-c98e-441d-b26c-ddaf97574735,post,ca17169e-ae52-4f7f-9836-76487306b110,A,47.0,False
A-6210,d2a6564c-3ddb-4421-9ab7-b5851384552a,post,ca17169e-ae52-4f7f-9836-76487306b110,A,47.0,False
A-6211,450376cb-d658-4326-86e9-d68ee9930d4a,post,ca17169e-ae52-4f7f-9836-76487306b110,A,47.0,False
A-6212,b8cf9095-c3ec-4f72-b1cd-6e69bbb7595e,post,ca17169e-ae52-4f7f-9836-76487306b110,A,47.0,False
A-6213,733ac87d-c606-4c28-ac36-e263cae4c57c,post,ca17169e-ae52-4f7f-9836-76487306b110,A,47.0,False
A-6214,d14c7c9a-4f1b-449e-9801-72d9d0b1a113,post,ca17169e-ae52-4f7f-9836-76487306b110,A,47.0,False
A-6215,90f37b8e-c41d-45fd-8507-f451652a4737,post,ca17169e-ae52-4f7f-9836-76487306b110,A,47.0,False
A-6216,8b009d94-9f2e-4577-810d-f59f80f989a8,post,ca17169e-ae52-4f7f-9836-76487306b110,A,47.0,False
A-6217,8a3ac3d1-776a-49bf-a010-b9893354314e,post,ca19a767-65d3-41c1-8eb5-c94ddb0b06dd,A,5.0,False
A-6218,a15b9b86-bcc6-4348-a697-3457431e13cb,comment,ca19a767-65d3-41c1-8eb5-c94ddb0b06dd,A,5.0,False
A-6219,aa8001df-c766-4df3-96e0-ae84a7061455,post,ca19a767-65d3-41c1-8eb5-c94ddb0b06dd,A,5.0,False
A-6220,bd3f9033-6edf-4100-8ab7-f32d3af691be,comment,ca19a767-65d3-41c1-8eb5-c94ddb0b06dd,A,5.0,False
A-6221,c7cd0586-5336-4f40-81a9-b2740f3bd229,post,ca19a767-65d3-41c1-8eb5-c94ddb0b06dd,A,5.0,False
A-6222,b43d55ef-dd0e-4fbc-afc4-585c8ffb19f4,post,ca276d85-b893-4c4b-a956-668a4ecf4488,A,1.0,False
A-6223,7b92435e-4f9d-4ae6-8f1c-5db04dd4a542,post,ca5683e9-6fff-4cdb-875e-4797df6ed267,A,1.0,False
A-6224,36a0d0af-a895-40d7-b8ad-aebec73d3c41,post,ca6a9500-db69-46f9-b0ce-fa707a29e683,A,2.0,False
A-6225,baff4c04-352f-4f62-b524-6599a781ee68,post,ca6a9500-db69-46f9-b0ce-fa707a29e683,A,2.0,False
A-6226,4e9990db-1eb9-4e58-b8e4-2c0c8b03cd14,comment,ca7a276a-05c0-4a00-ad57-72047cfeedb3,A,3.0,False
A-6227,72b41799-0d33-4279-966b-a45991d690db,post,ca7a276a-05c0-4a00-ad57-72047cfeedb3,A,3.0,False
A-6228,91d9dc8c-c65c-4a93-ad7c-f1a5f3674095,post,ca7a276a-05c0-4a00-ad57-72047cfeedb3,A,3.0,False
A-6229,8d125e65-fa77-41b4-9216-636e90ab0c52,comment,ca7eed44-0c7f-434a-99bb-5ca642d49c7d,A,1.0,False
A-6230,26dff840-9b1b-4a75-90bd-74b3f80053b6,post,cabf81c9-82bb-4dc9-91b2-4d3d64b8ee01,A,1.0,False
A-6231,32b20bf6-3713-47bf-b6b6-739e728abe6f,comment,cafc4cd8-64c8-45d2-b959-acdc586079a8,A,6.0,False
A-6232,756ba490-9e3d-49b5-9bf4-aead5fff89e3,post,cafc4cd8-64c8-45d2-b959-acdc586079a8,A,6.0,False
A-6233,7acbb6b5-0fef-40a9-aa04-540801778652,post,cafc4cd8-64c8-45d2-b959-acdc586079a8,A,6.0,False
A-6234,9521f6f2-270b-4767-88e1-6d9047b131ed,comment,cafc4cd8-64c8-45d2-b959-acdc586079a8,A,6.0,False
A-6235,cd8081fa-465d-412a-bf42-3fd684302bc7,post,cafc4cd8-64c8-45d2-b959-acdc586079a8,A,6.0,False
A-6236,d7fe7cc6-6314-4b09-acbc-ae827acc8ea8,post,cafc4cd8-64c8-45d2-b959-acdc586079a8,A,6.0,False
A-6237,5237184a-9be1-4661-9c99-ec25876f469f,post,cb2183cd-f3c9-435c-a42c-5dc672c34593,A,1.0,False
A-6238,5d4a9f49-a053-46c9-abda-8393d60727e3,post,cb23725e-55f8-443c-8967-690a1047420a,A,2.0,False
A-6239,b8914d4e-9699-45f3-bf22-8aa31e10ad2b,post,cb23725e-55f8-443c-8967-690a1047420a,A,2.0,False
A-6240,2c8d002a-5b43-4574-9a26-6c0dc2e3067d,post,cb2c0a38-9ad6-46db-8e71-281eff9477d3,A,2.0,False
A-6241,8c8677dd-49c7-44bc-b1c1-13c1c917828e,post,cb2c0a38-9ad6-46db-8e71-281eff9477d3,A,2.0,False
A-6242,06fdc44d-6d93-4c3a-ab2c-eb450df54d11,comment,cb35fa8e-17dd-4c6b-900c-35880c0aa3b8,A,10.0,False
A-6243,0c1e0978-87b5-4559-a4d4-a7695c2363a6,comment,cb35fa8e-17dd-4c6b-900c-35880c0aa3b8,A,10.0,False
A-6244,1e6cd5a2-ce1d-42b1-b4d3-7a4839ec96b4,comment,cb35fa8e-17dd-4c6b-900c-35880c0aa3b8,A,10.0,False
A-6245,21b2c865-9318-4a0f-919b-f38f78af6fd3,comment,cb35fa8e-17dd-4c6b-900c-35880c0aa3b8,A,10.0,False
A-6246,3e47976d-c741-4ce8-a153-89f011792f49,comment,cb35fa8e-17dd-4c6b-900c-35880c0aa3b8,A,10.0,False
A-6247,4a08cc6c-d9d7-4845-8e8a-1e58a8bba5e3,comment,cb35fa8e-17dd-4c6b-900c-35880c0aa3b8,A,10.0,False
A-6248,604b02f2-43d4-4c6d-a8bf-4ea4e4b9c8d9,post,cb35fa8e-17dd-4c6b-900c-35880c0aa3b8,A,10.0,False
A-6249,6085ff42-acb7-4941-b634-3bfab15cd1fc,comment,cb35fa8e-17dd-4c6b-900c-35880c0aa3b8,A,10.0,False
A-6250,7adbe00d-63aa-45ed-be85-4b9d2349516b,comment,cb35fa8e-17dd-4c6b-900c-35880c0aa3b8,A,10.0,False
A-6251,f3a86726-dd8a-4355-8aa6-689bb8ecaa6b,post,cb35fa8e-17dd-4c6b-900c-35880c0aa3b8,A,10.0,False
A-6252,09c23059-f529-43cf-aae2-0c0cf462a4e7,comment,cb59ae01-9c04-4ac0-b0b5-0b5017a8a7b4,A,14.0,False
A-6253,0fa7f135-0762-481c-9195-032af5b5456c,comment,cb59ae01-9c04-4ac0-b0b5-0b5017a8a7b4,A,14.0,False
A-6254,181dea3b-d6ef-4616-81a5-906cb0d7de12,comment,cb59ae01-9c04-4ac0-b0b5-0b5017a8a7b4,A,14.0,False
A-6255,206f83c8-61e6-4b37-ae5c-c778d61f4bed,comment,cb59ae01-9c04-4ac0-b0b5-0b5017a8a7b4,A,14.0,False
A-6256,4fec1284-1024-4b1f-8b5a-9fe3569bb3ee,comment,cb59ae01-9c04-4ac0-b0b5-0b5017a8a7b4,A,14.0,False
A-6257,512b09a8-7987-43d5-8583-592bce5657fb,comment,cb59ae01-9c04-4ac0-b0b5-0b5017a8a7b4,A,14.0,False
A-6258,5e88d62a-ee2b-4e2e-ac71-89a9671959fc,comment,cb59ae01-9c04-4ac0-b0b5-0b5017a8a7b4,A,14.0,False
A-6259,63676bb4-f69c-44ca-8549-bbc82afe5348,comment,cb59ae01-9c04-4ac0-b0b5-0b5017a8a7b4,A,14.0,False
A-6260,65832d0d-9af1-4ce0-9392-9922217a6b48,comment,cb59ae01-9c04-4ac0-b0b5-0b5017a8a7b4,A,14.0,False
A-6261,9bdd13a1-9700-404f-9cde-6251aca111c1,comment,cb59ae01-9c04-4ac0-b0b5-0b5017a8a7b4,A,14.0,False
A-6262,c23afeb0-25ca-4e5e-961f-eb83eca7cf4c,comment,cb59ae01-9c04-4ac0-b0b5-0b5017a8a7b4,A,14.0,False
A-6263,d25bb419-1351-4a5c-a16c-8a746b02e22f,comment,cb59ae01-9c04-4ac0-b0b5-0b5017a8a7b4,A,14.0,False
A-6264,d9a0bd2a-3d23-40f2-bc39-df290702cbb4,comment,cb59ae01-9c04-4ac0-b0b5-0b5017a8a7b4,A,14.0,False
A-6265,eddb70d4-595a-4e9b-b621-81bf8b5fca0f,post,cb59ae01-9c04-4ac0-b0b5-0b5017a8a7b4,A,14.0,False
A-6266,4aff5663-9bbe-4899-9a82-d9bba94be13f,post,cb5bdadf-683a-401b-a127-359844f984b2,A,3.0,False
A-6267,5c0855d2-183b-4502-b105-0c62b859c599,post,cb5bdadf-683a-401b-a127-359844f984b2,A,3.0,False
A-6268,d8b226b3-0a16-4a07-9997-7fc9d7cefdd0,post,cb5bdadf-683a-401b-a127-359844f984b2,A,3.0,False
A-6269,3127fb38-ce46-4072-875a-3046569886dd,comment,cb670851-b71b-4081-a841-1862f19e6657,A,26.0,False
A-6270,0f0a6f83-25dc-467d-9264-b9f6e32cd522,comment,cb670851-b71b-4081-a841-1862f19e6657,A,26.0,False
A-6271,159fccd9-6530-45f0-bd26-803d7d2e2da9,comment,cb670851-b71b-4081-a841-1862f19e6657,A,26.0,False
A-6272,d385a90b-a571-4ed1-bc9a-21555f9f3d1c,comment,cb670851-b71b-4081-a841-1862f19e6657,A,26.0,False
A-6273,a6018031-b583-40d2-8bcd-b67ecfa5c679,comment,cb670851-b71b-4081-a841-1862f19e6657,A,26.0,False
A-6274,7783bbd6-2cd9-4375-8821-f308f63d82ab,comment,cb670851-b71b-4081-a841-1862f19e6657,A,26.0,False
A-6275,8c101364-bd32-4c24-bce5-90c4f8fc848a,comment,cb670851-b71b-4081-a841-1862f19e6657,A,26.0,False
A-6276,f01591da-448d-4f00-86bd-8ae242cf711c,comment,cb670851-b71b-4081-a841-1862f19e6657,A,26.0,False
A-6277,54b58b62-114e-4dce-98fa-c09bd393c8ed,comment,cb670851-b71b-4081-a841-1862f19e6657,A,26.0,False
A-6278,d56e6bc0-5046-4bc2-b1ad-40742251028e,comment,cb670851-b71b-4081-a841-1862f19e6657,A,26.0,False
A-6279,0a58822f-46a0-4307-a592-cdb797392a1f,comment,cb670851-b71b-4081-a841-1862f19e6657,A,26.0,False
A-6280,71caf4bb-e30a-4f5b-8904-1e5dc0c70559,comment,cb670851-b71b-4081-a841-1862f19e6657,A,26.0,False
A-6281,ce6e5cc0-7ef7-4b10-8571-d8f59f4d1fd4,comment,cb670851-b71b-4081-a841-1862f19e6657,A,26.0,False
A-6282,57e50735-4bda-467c-86b8-8c283cd9d2df,comment,cb670851-b71b-4081-a841-1862f19e6657,A,26.0,False
A-6283,365394b8-1b70-46ba-837e-04b917eef833,comment,cb670851-b71b-4081-a841-1862f19e6657,A,26.0,False
A-6284,76339392-32f5-42df-8842-4c7ca418918c,post,cb8d8ee4-d424-4360-8a33-19e71cf38f21,A,2.0,False
A-6285,d640099b-50e5-469b-8810-7b71c5e2a139,post,cb8d8ee4-d424-4360-8a33-19e71cf38f21,A,2.0,False
A-6286,ce1722b4-7901-460a-a300-8ce5f3dac873,post,cb90b77d-1a3a-4cf7-9d13-c5e5fb0a2a4a,A,1.0,False
A-6287,1518499a-644b-4cbf-bf00-eccea18ad00a,post,cb994472-e42b-41c2-a770-59c30f18cdb0,A,1.0,False
A-6288,2c72ae65-88df-4337-a623-da784ac76d46,post,cbaa0084-adf2-47af-90bf-9f28851d72e6,A,1.0,False
A-6289,a45ce467-de0a-4901-a5f4-0f62e2edce2a,post,cbb73da5-d975-4b8b-9969-0e207c11e52a,A,1.0,False
A-6290,d6b1e545-1e45-470b-b92b-a695b900d980,post,cbbe7ff1-dc89-4f2d-88c2-f57db6624b38,A,1.0,False
A-6291,8a90ab79-9e94-49a7-9885-c58ec26126d6,post,cbcf3497-431b-40bc-ab31-d371ea6c9a27,A,1.0,False
A-6292,05a529c2-3156-4b72-81fd-66dccd457508,post,cbd393d8-edeb-422c-ae13-67cda52e863d,A,3.0,False
A-6293,47203a14-6dc5-46db-a43f-374482e147b9,post,cbd393d8-edeb-422c-ae13-67cda52e863d,A,3.0,False
A-6294,d14d0b0c-b392-4b1e-99ab-75eb08c05dba,comment,cbd393d8-edeb-422c-ae13-67cda52e863d,A,3.0,False
A-6295,27e021ab-4451-43a0-856c-af602114d545,post,cbd3e9ce-553e-40c6-aed4-e59e4d4079d9,A,1.0,False
A-6296,6246d017-c2f8-4e10-bc8e-1d12fb72d1ee,post,cbf8556e-7223-43bd-897c-3a9e68d0b8f1,A,1.0,False
A-6297,9ab4961d-cbd5-4e4f-9029-b2bc6eb240e5,comment,cc3da7a7-0183-48ad-8c68-62dfb1bdf3da,A,1.0,False
A-6298,37e81bad-2edd-4494-9ffe-86446318e2f9,post,cc45fc45-2746-49fd-b398-ee847a6ed9e2,A,4.0,False
A-6299,a4c4591d-cf2a-4e87-bd3e-3a29fc6a33b9,comment,cc45fc45-2746-49fd-b398-ee847a6ed9e2,A,4.0,False
A-6300,c2cba45f-789d-423d-b4f6-c7c35009b602,comment,cc45fc45-2746-49fd-b398-ee847a6ed9e2,A,4.0,False
A-6301,fa8ccc64-1917-465d-9dc5-f4d26b59a599,comment,cc45fc45-2746-49fd-b398-ee847a6ed9e2,A,4.0,False
A-6302,41b018ab-7b55-4cb4-9297-764a8bb2d894,post,cc877a56-853b-466c-9bb1-2709453f44c0,A,4.0,False
A-6303,494dc8bd-792a-46cb-9e5d-e12dbf09838f,post,cc877a56-853b-466c-9bb1-2709453f44c0,A,4.0,False
A-6304,660c1820-2740-4e18-a2a0-e9f112b004f2,post,cc877a56-853b-466c-9bb1-2709453f44c0,A,4.0,False
A-6305,d34fc0ae-57d2-4348-89f9-be4afaea509b,post,cc877a56-853b-466c-9bb1-2709453f44c0,A,4.0,False
A-6306,286c1009-7c53-4212-8586-791e85c14811,post,ccba5db8-0db7-4314-8dc0-24f51d8e3c0d,A,1.0,False
A-6307,0f657be2-76ab-4791-b768-d97c892facfe,comment,ccc38f22-fde3-4474-a427-099ed2246ec0,A,2.0,False
A-6308,13412ca4-3381-46b2-8765-d20e0c0b35e5,post,ccc38f22-fde3-4474-a427-099ed2246ec0,A,2.0,False
A-6309,892a4f90-11f8-4eda-b0cf-f170439b3d53,post,cccf366c-1ba3-4cbe-ae92-360abf4a47e8,A,1.0,False
A-6310,deebd538-2fe0-4cce-8047-4e748757a02a,post,ccd03db3-a68f-46c2-8d83-b1ea2ee195f4,A,1.0,False
A-6311,74f24b2e-50e0-4952-bfee-eccd92bc9faf,comment,ccdf3668-fcdd-45f7-a475-8ed095aae160,A,2.0,False
A-6312,801ffada-4b3a-487d-9032-d6cd655d704d,comment,ccdf3668-fcdd-45f7-a475-8ed095aae160,A,2.0,False
A-6313,5b0f93c3-7da6-4815-9597-2705b8e57ade,comment,ccf0e80f-8c80-4573-bbc4-5972e367c1a6,A,3.0,False
A-6314,5b59c3d8-336c-463d-a2de-59227ca6994e,post,ccf0e80f-8c80-4573-bbc4-5972e367c1a6,A,3.0,False
A-6315,665100bc-0b68-4c1e-ae65-8ed75d94d304,comment,ccf0e80f-8c80-4573-bbc4-5972e367c1a6,A,3.0,False
A-6316,2c3c9a2f-d7ee-41c5-9bb0-b332c0a02cea,post,ccf5a524-cfa5-47a3-87a4-b5ae21b32120,A,2.0,False
A-6317,4345ad44-194f-4304-aa95-667f0202a2d3,comment,ccf5a524-cfa5-47a3-87a4-b5ae21b32120,A,2.0,False
A-6318,2057e3ff-beae-4c68-acea-f2c9e4e7925c,comment,cd121c51-3b30-4a82-b4a5-95c779003400,A,2.0,False
A-6319,322c1bb5-8fca-429d-a4c5-2c40e3354027,post,cd121c51-3b30-4a82-b4a5-95c779003400,A,2.0,False
A-6320,ffd996dd-f516-4841-a439-4bc201464499,post,cd33efa1-5d0d-4237-a2be-3eee1cf7a1ef,A,1.0,False
A-6321,34bd58e5-a65c-493c-a136-03ed7668213c,post,cd349197-61fe-4af8-b049-8ee4840ad1dc,A,2.0,False
A-6322,eab38134-bfc5-4e70-819d-8dca0d2af179,post,cd349197-61fe-4af8-b049-8ee4840ad1dc,A,2.0,False
A-6323,cb322210-8fe2-4bde-8e17-56c4c9c58aa2,post,cd480681-c782-46ac-b69c-58158ddf010d,A,1.0,False
A-6324,ade2447a-ba28-4738-b9d3-19153c1115ef,post,cd664976-8444-4c6c-99af-a37f6be08394,A,1.0,False
A-6325,e099a351-d4ea-4dc4-a5d0-f1ff35f3b0cd,post,cd78b2fe-65fe-4e42-934a-0165cc5ad513,A,1.0,False
A-6326,64cac206-9dd1-4832-b88d-43d59e4579ce,post,cdac0245-e24e-4173-bbe8-505a9bd7ea96,A,1.0,False
A-6327,3c2aeae2-4254-437a-8cc8-e5ada9c23ace,comment,cdac45d8-b213-4a5c-b665-5b185116a38b,A,2.0,False
A-6328,46bb60d6-d011-42ea-8533-9c3a585c58bf,post,cdac45d8-b213-4a5c-b665-5b185116a38b,A,2.0,False
A-6329,48d06cf2-afbd-427d-ad2d-8c7cb9bbb258,post,cdb105a0-b4ee-4572-ab28-55b502cb39aa,A,3.0,False
A-6330,6c01ea51-6134-41e9-9816-83a784471b21,post,cdb105a0-b4ee-4572-ab28-55b502cb39aa,A,3.0,False
A-6331,8ab672d6-52fb-4ab6-9bf3-445489fd69fd,comment,cdb105a0-b4ee-4572-ab28-55b502cb39aa,A,3.0,False
A-6332,d8adc937-cf9a-4208-84c4-0a27eb2264b7,post,cdb16a83-aa32-4dc9-b158-57ced4c39a38,A,1.0,False
A-6333,9f8e3169-d683-4f8e-a756-0cb24512eac3,post,cdbbb397-66fd-45cf-aa28-01a682c36c05,A,1.0,False
A-6334,c57918ca-b3a8-4538-b509-b26cbfade526,post,ce09bd0e-2fcc-48f0-85ad-2483129a98d4,A,1.0,False
A-6335,e439b279-2761-40cb-a543-96662afca5e8,post,ce10f808-eebd-4c94-800d-4511845a35ee,A,1.0,False
A-6336,1046c3a7-a53f-41e7-9ba9-4822cf5b17d4,post,ce200beb-aa31-4b53-93d6-4c536d6d5308,A,3.0,False
A-6337,2691f067-b096-43bf-9f04-c8daec80d939,post,ce200beb-aa31-4b53-93d6-4c536d6d5308,A,3.0,False
A-6338,a8b16a60-fc33-4544-ae97-f089cd92f9c2,post,ce200beb-aa31-4b53-93d6-4c536d6d5308,A,3.0,False
A-6339,55d80ee8-df41-4020-9621-04ef418168f2,post,ce48c6a1-65af-49c3-a138-0f44811be348,A,1.0,False
A-6340,d92a2830-850e-434d-b7c4-b61acfe037b7,post,ce621dae-a0bf-4b68-a84d-9e19463753ed,A,1.0,False
A-6341,9e03f946-62c8-4544-aee3-9ba4fd74a819,post,ce72ab04-4a65-4053-a023-8c7ff373a2f2,A,2.0,False
A-6342,f2967600-11cc-4708-95be-bcef5338260c,post,ce72ab04-4a65-4053-a023-8c7ff373a2f2,A,2.0,False
A-6343,0cf883c3-434f-4139-a014-35b603288f9f,comment,ce75575f-0636-4b93-acdf-d02eefaeef04,A,4.0,False
A-6344,1d30057b-7d94-4e11-940f-8be76f7c8257,comment,ce75575f-0636-4b93-acdf-d02eefaeef04,A,4.0,False
A-6345,ac260a82-c2df-4408-b45a-3e20ffffa4a1,comment,ce75575f-0636-4b93-acdf-d02eefaeef04,A,4.0,False
A-6346,e949b369-a469-4f61-9a5f-d89824ef628c,comment,ce75575f-0636-4b93-acdf-d02eefaeef04,A,4.0,False
A-6347,0fe9575c-9318-445b-9368-1ed915e05c17,comment,ce947cda-3a3e-4b0c-bbdb-166756006382,A,9.0,False
A-6348,1a517e7f-d33c-43c3-988d-b8e290a683e6,comment,ce947cda-3a3e-4b0c-bbdb-166756006382,A,9.0,False
A-6349,24426b99-c806-4f2c-a1b4-07b1a9d68ac5,post,ce947cda-3a3e-4b0c-bbdb-166756006382,A,9.0,False
A-6350,329fa6f4-0a8f-49fd-9e97-7c8ef4f5ac74,comment,ce947cda-3a3e-4b0c-bbdb-166756006382,A,9.0,False
A-6351,4ce461f5-985b-4fd7-83cd-ac6aa1723799,post,ce947cda-3a3e-4b0c-bbdb-166756006382,A,9.0,False
A-6352,4e93f62f-f7fa-49f5-bfed-e232d9cb3d31,comment,ce947cda-3a3e-4b0c-bbdb-166756006382,A,9.0,False
A-6353,53808e70-42ee-4f9f-b1d5-ed39e34d1bd9,comment,ce947cda-3a3e-4b0c-bbdb-166756006382,A,9.0,False
A-6354,8c43126f-ca89-4713-afca-1e2090ad640c,comment,ce947cda-3a3e-4b0c-bbdb-166756006382,A,9.0,False
A-6355,ebd61bf9-08d8-4bea-bd1d-0d393416347f,comment,ce947cda-3a3e-4b0c-bbdb-166756006382,A,9.0,False
A-6356,779c83ca-b8a5-4795-b57a-c23266b8599d,post,ce995a69-4e83-4ea7-8324-ecdccc65de09,A,3.0,False
A-6357,8b8e0bb7-2b3d-453c-a8bc-db8e1f6f7770,post,ce995a69-4e83-4ea7-8324-ecdccc65de09,A,3.0,False
A-6358,f99a78a4-60a2-42e1-8094-bf7ec7b616de,post,ce995a69-4e83-4ea7-8324-ecdccc65de09,A,3.0,False
A-6359,3ea5b6ab-697b-4fb2-ae91-d50d0c2daa2d,post,ceb5fabf-000d-4500-8cc7-ff7427e5e6ef,A,1.0,False
A-6360,43cf8a3a-8d2b-44be-aafb-fe512f284237,post,cec90dee-f491-4d06-bc26-6c44f2526c71,A,1.0,False
A-6361,0c7a24b3-0233-4587-816e-028a078f072e,post,cecd0316-40fa-4b44-b702-412c5b3c352b,A,1.0,False
A-6362,5f1da6c5-de8f-4f32-bc92-e362a44008e1,post,cece02a1-6003-4d5d-987a-49b81b6b3127,A,33.0,False
A-6363,01f9b672-8727-4ec0-af7c-43710ef5c799,post,cece02a1-6003-4d5d-987a-49b81b6b3127,A,33.0,False
A-6364,f87518e0-db1a-493a-bbf0-4e5626c02823,post,cece02a1-6003-4d5d-987a-49b81b6b3127,A,33.0,False
A-6365,61f87c13-5587-47ee-bcf5-df78be0f9254,post,cece02a1-6003-4d5d-987a-49b81b6b3127,A,33.0,False
A-6366,eb80b980-3642-4e41-8f02-ba2d33760412,post,cece02a1-6003-4d5d-987a-49b81b6b3127,A,33.0,False
A-6367,481de718-ed22-4751-a77c-1bb239ed725c,post,cece02a1-6003-4d5d-987a-49b81b6b3127,A,33.0,False
A-6368,efc80673-3db9-4b02-9e1f-ece604e853f6,post,cece02a1-6003-4d5d-987a-49b81b6b3127,A,33.0,False
A-6369,f608854b-f7c2-4f48-9c71-359225276747,post,cece02a1-6003-4d5d-987a-49b81b6b3127,A,33.0,False
A-6370,c6c67d78-bf60-4827-9375-b70776c9922e,post,cece02a1-6003-4d5d-987a-49b81b6b3127,A,33.0,False
A-6371,1a8e79af-0c7a-471a-ab27-3c16eb0cf34b,post,cece02a1-6003-4d5d-987a-49b81b6b3127,A,33.0,False
A-6372,bc21eb03-a41c-4826-8f32-3c1519a89834,post,cece02a1-6003-4d5d-987a-49b81b6b3127,A,33.0,False
A-6373,adf8d1ca-2d9b-4f58-83c8-4b77a82b22cf,post,cece02a1-6003-4d5d-987a-49b81b6b3127,A,33.0,False
A-6374,6bf5817c-9cf9-47ca-a684-011dbb244e78,post,cece02a1-6003-4d5d-987a-49b81b6b3127,A,33.0,False
A-6375,5d31dbf7-bc84-4192-869c-7f703535737e,post,cece02a1-6003-4d5d-987a-49b81b6b3127,A,33.0,False
A-6376,5ea250fb-c456-4ee7-bda5-00ef2b044f60,post,cece02a1-6003-4d5d-987a-49b81b6b3127,A,33.0,False
A-6377,86cd1748-c486-4e23-8fe2-9b1516b8f6f2,post,ced4782b-c335-410f-a513-8cb35c7d293d,A,2.0,False
A-6378,963447b4-3d4d-4998-972b-4eb580160b36,post,ced4782b-c335-410f-a513-8cb35c7d293d,A,2.0,False
A-6379,7543332d-e1ea-4217-9afc-b1e2202a9381,post,cf265f45-0e83-4556-b98b-d05a337b064f,A,1.0,False
A-6380,57f3f4f2-5ca5-4e7d-905a-c15b40d9f803,post,cf672418-3d9a-4e38-b9a1-f3048c78e951,A,2.0,False
A-6381,c70834cb-e701-43bd-8068-7be748d3fcc2,post,cf672418-3d9a-4e38-b9a1-f3048c78e951,A,2.0,False
A-6382,4a8cf74b-2669-4b57-ab7f-7b89785fabe8,post,cf74766a-59ea-4069-b43d-aa51e92d52a5,A,1.0,False
A-6383,3edb585f-6a32-430b-8fb4-7828a378685c,post,cf8a1f56-7a44-493c-b1b0-c4586bd55ced,A,1.0,False
A-6384,918838c7-8766-4ad0-b2bb-4fc7438a0932,post,cfabd584-c367-4d2e-a8c9-c429530f5116,A,1.0,False
A-6385,ad1e9b57-6fef-46fd-9d27-4aa37b691bc6,post,cfc8595f-3844-4b3a-9590-c03ee3ed0183,A,1.0,False
A-6386,d024604b-b3e8-4023-a87a-ebf19ff34ad1,post,cfd16d56-bbe4-4d89-974b-ff4b392a4af9,A,1.0,False
A-6387,44a2abd7-e57c-454e-8c49-e7d29c1e79cf,post,cfdf61a2-7a2d-4a01-8320-10db80a55068,A,1.0,False
A-6388,3d827d23-fa08-427b-bd7e-3668e15653c0,post,cff915f4-a34a-4a75-9902-0752ff0e974d,A,5.0,False
A-6389,60ca3185-de78-4f84-bf91-02416bc15c2e,post,cff915f4-a34a-4a75-9902-0752ff0e974d,A,5.0,False
A-6390,7d66aa95-21b6-4238-9737-8fa7dabddb64,post,cff915f4-a34a-4a75-9902-0752ff0e974d,A,5.0,False
A-6391,b2de6cd9-1be9-4e7a-9568-4e24c035f716,post,cff915f4-a34a-4a75-9902-0752ff0e974d,A,5.0,False
A-6392,b4ae1e75-8869-491c-b4d8-72f2b59a757e,comment,cff915f4-a34a-4a75-9902-0752ff0e974d,A,5.0,False
A-6393,c61f5ec8-9237-449e-b417-17577270c67f,post,d0115171-dc53-485c-8e09-ebdbcf7e7c90,A,1.0,False
A-6394,7c2e7ce8-ca65-444c-b131-c28b70f57551,comment,d0253d52-3941-4cd0-8e73-6da58e18a96e,A,3.0,False
A-6395,a8b36a0d-5338-476f-b827-749f81ec1539,comment,d0253d52-3941-4cd0-8e73-6da58e18a96e,A,3.0,False
A-6396,ff9cc6fb-6e1c-4486-ab26-65708ddb775e,comment,d0253d52-3941-4cd0-8e73-6da58e18a96e,A,3.0,False
A-6397,0efa5191-78d6-4a85-820c-f4934c70e4ab,comment,d037d7c0-2af7-4f8d-841a-fa130d031367,A,7.0,False
A-6398,17a5bc43-37ea-4834-9f22-1f2fb0d90640,post,d037d7c0-2af7-4f8d-841a-fa130d031367,A,7.0,False
A-6399,21ce779d-982c-4d71-a59b-23e904d7ff34,post,d037d7c0-2af7-4f8d-841a-fa130d031367,A,7.0,False
A-6400,5ccb72c7-b52f-4b54-92a0-6035d1747950,post,d037d7c0-2af7-4f8d-841a-fa130d031367,A,7.0,False
A-6401,8e870b91-57d9-42ef-8d62-8cff744c0309,comment,d037d7c0-2af7-4f8d-841a-fa130d031367,A,7.0,False
A-6402,96ed50af-e563-4194-9428-410fb0ddae6a,post,d037d7c0-2af7-4f8d-841a-fa130d031367,A,7.0,False
A-6403,ba748b01-a756-40bf-85f0-cae77c6209cf,post,d037d7c0-2af7-4f8d-841a-fa130d031367,A,7.0,False
A-6404,97e1fd1f-6764-4aa0-9233-de2f77f87550,post,d03d0ef7-ebf3-4517-8c6e-71c4e018aa48,A,4.0,False
A-6405,b93cc1c6-dc16-4420-8e21-138c65d9fb56,post,d03d0ef7-ebf3-4517-8c6e-71c4e018aa48,A,4.0,False
A-6406,d524ef8e-f4b3-4f1a-ae65-cf091804e47a,comment,d03d0ef7-ebf3-4517-8c6e-71c4e018aa48,A,4.0,False
A-6407,eb890f99-49d2-4e83-befc-6a8ff7ce15bb,comment,d03d0ef7-ebf3-4517-8c6e-71c4e018aa48,A,4.0,False
A-6408,34623bd1-05b4-4c8f-ba7c-775c027c462a,comment,d041e5b9-562b-4505-ada6-8893afd80fff,A,2.0,False
A-6409,59f76d48-631f-4008-9ded-93db89acebed,post,d041e5b9-562b-4505-ada6-8893afd80fff,A,2.0,False
A-6410,0494d28c-56f7-4bd4-b73b-e96d85708471,comment,d051cf55-c1c8-42d1-a89a-57db88681001,A,10.0,False
A-6411,25e2815e-ef6b-4670-a5d0-2c92cec41d87,comment,d051cf55-c1c8-42d1-a89a-57db88681001,A,10.0,False
A-6412,2ffe10b6-8d19-42c1-a6f7-ee7833a5ea41,comment,d051cf55-c1c8-42d1-a89a-57db88681001,A,10.0,False
A-6413,3994dc7e-9aca-4458-a3ae-3b515461810c,comment,d051cf55-c1c8-42d1-a89a-57db88681001,A,10.0,False
A-6414,4e3e1651-f3b9-4938-9941-5acb57b50022,comment,d051cf55-c1c8-42d1-a89a-57db88681001,A,10.0,False
A-6415,70f9ebf1-c790-48b1-8403-0d5a1e8e8e96,post,d051cf55-c1c8-42d1-a89a-57db88681001,A,10.0,False
A-6416,9fb591ec-6386-47da-be52-52b506d261a6,comment,d051cf55-c1c8-42d1-a89a-57db88681001,A,10.0,False
A-6417,a410318f-94de-456d-85eb-3d5a13f4bc2c,comment,d051cf55-c1c8-42d1-a89a-57db88681001,A,10.0,False
A-6418,a440d80f-33ed-4835-9bf8-abd5c49a68ae,comment,d051cf55-c1c8-42d1-a89a-57db88681001,A,10.0,False
A-6419,ee10d750-67ad-46c4-b22f-5d32b6623c54,comment,d051cf55-c1c8-42d1-a89a-57db88681001,A,10.0,False
A-6420,3a53564f-f6f3-4982-9c9e-b00e4dfdf416,post,d05a83d3-de28-4c7d-85f7-b219fd6ad7c0,A,17.0,False
A-6421,8df57608-59bc-48b3-92a5-3844591bae81,post,d05a83d3-de28-4c7d-85f7-b219fd6ad7c0,A,17.0,False
A-6422,f0ad0ea2-2e6e-4cd5-9c2c-8157e7e12c0b,comment,d05a83d3-de28-4c7d-85f7-b219fd6ad7c0,A,17.0,False
A-6423,8e2fe4cf-8c6b-4e36-88ea-285c9872e5ba,comment,d05a83d3-de28-4c7d-85f7-b219fd6ad7c0,A,17.0,False
A-6424,e9acacc3-0c7c-4969-aefc-78f8b35f3c01,post,d05a83d3-de28-4c7d-85f7-b219fd6ad7c0,A,17.0,False
A-6425,743cf5e7-aa61-4ec1-9d75-3e30b7078e5a,post,d05a83d3-de28-4c7d-85f7-b219fd6ad7c0,A,17.0,False
A-6426,499edf3f-5e27-4365-a1eb-bc3b74c2134e,post,d05a83d3-de28-4c7d-85f7-b219fd6ad7c0,A,17.0,False
A-6427,d39bbeea-ca1a-4dac-bb6c-078aed30f78d,comment,d05a83d3-de28-4c7d-85f7-b219fd6ad7c0,A,17.0,False
A-6428,011148f8-8929-4a3f-a61c-18d99a053523,post,d05a83d3-de28-4c7d-85f7-b219fd6ad7c0,A,17.0,False
A-6429,d477ec7a-f467-4919-bede-05452a07282f,comment,d05a83d3-de28-4c7d-85f7-b219fd6ad7c0,A,17.0,False
A-6430,39bb7451-021d-495d-8d76-a5760bcbe16a,comment,d05a83d3-de28-4c7d-85f7-b219fd6ad7c0,A,17.0,False
A-6431,a4337fc1-7ce0-4890-af0f-7026d62ef9bc,post,d05a83d3-de28-4c7d-85f7-b219fd6ad7c0,A,17.0,False
A-6432,580c0b02-4123-4e1b-b208-7746a3e3f6c8,comment,d05a83d3-de28-4c7d-85f7-b219fd6ad7c0,A,17.0,False
A-6433,edc3828f-3877-497b-9d9c-8184d847c0da,post,d05a83d3-de28-4c7d-85f7-b219fd6ad7c0,A,17.0,False
A-6434,f7872518-b504-4e97-a69a-e93c00241135,comment,d05a83d3-de28-4c7d-85f7-b219fd6ad7c0,A,17.0,False
A-6435,1109abe5-b42a-41f7-a323-7752a3777d30,post,d05c741b-d37e-48aa-8b16-490502f4379a,A,5.0,False
A-6436,1329e762-5bbd-4910-b527-c060033bfbe1,comment,d05c741b-d37e-48aa-8b16-490502f4379a,A,5.0,False
A-6437,320f7214-2f81-407a-8326-29c1fd2f32ce,post,d05c741b-d37e-48aa-8b16-490502f4379a,A,5.0,False
A-6438,57b62ec9-9055-47c5-b53f-a5b1f284a8b5,post,d05c741b-d37e-48aa-8b16-490502f4379a,A,5.0,False
A-6439,ef35efb1-af1a-4184-9568-63d39438319d,post,d05c741b-d37e-48aa-8b16-490502f4379a,A,5.0,False
A-6440,18912630-52b3-49bf-941b-57106ac020fa,post,d06ebe03-4a96-482e-a1a6-235829f28b25,A,1.0,False
A-6441,34c437f2-7da9-4e33-a322-8e79f6fc9d0d,post,d06fa71d-ee7d-4857-a298-cfd14f00f2c7,A,1.0,False
A-6442,1cbd6f9e-e39e-42a6-bbf0-849b623cb5b0,post,d0972942-a276-41c9-9ed2-00e0bcde57ce,A,2.0,False
A-6443,adfbd904-1db7-49ab-9fad-92f87b9aad20,post,d0972942-a276-41c9-9ed2-00e0bcde57ce,A,2.0,False
A-6444,75a39489-be02-4d99-88f1-41f0825ff771,post,d0a17283-9427-4398-b390-f116fc87d3f2,A,1.0,False
A-6445,4474f2aa-261a-4662-a1aa-f3bbb7902848,post,d0be47f5-846f-4637-9dd1-3fed2664d579,A,1.0,False
A-6446,f439c735-c101-4a6e-bfb7-32debd951f4c,post,d0c31ce3-1e4d-48ab-952a-063d20bcfb33,A,1.0,False
A-6447,081e7d4a-8704-4639-9f6c-f97fdc378c31,post,d0ccb96d-f377-4959-a696-c59bd9100f13,A,1.0,False
A-6448,11df5f67-ba44-409a-b568-1a143da38567,comment,d0d02513-3d4a-458f-8dc2-7265b0ce0579,A,1.0,False
A-6449,9ad1a0c6-243e-4056-b563-59f907cbdc08,comment,d0de6349-cc53-44fb-b25a-d35e6cad1201,A,2.0,False
A-6450,cb187793-da14-4525-86d9-7d5f4ebbee3f,post,d0de6349-cc53-44fb-b25a-d35e6cad1201,A,2.0,False
A-6451,5cb8cea2-b90a-48ad-8e7d-f7745b11262b,post,d0fc6f8c-dd7d-4aee-ab17-53b1a84de5d4,A,1.0,False
A-6452,2d46a6f3-34f9-49a1-83dd-f9e435732628,post,d1154aa8-970b-4f81-9682-9f5217b7074f,A,1.0,False
A-6453,9495cef9-6ce2-430c-98bf-795974b57c5f,post,d11b5a4c-d9b3-40f4-9203-f60e76e024ae,A,1.0,False
A-6454,00acf056-6a82-416a-babd-caa68f0d5fa1,post,d13c538e-a2a7-4755-975c-5d7bf0ae2cdf,A,1.0,False
A-6455,e58f1502-2e3c-4e85-b890-001b97728d22,post,d160fc19-e7d0-44bc-a909-76037842073b,A,1.0,False
A-6456,acf2a0b5-0777-47c2-8360-6f1cc47fe44b,post,d193a45a-a21f-4145-b300-91a07c41cfd6,A,1.0,False
A-6457,2b1578cd-6c9b-48cd-955d-f7ace94a207e,post,d1b2c2d7-05f3-4bf3-8543-718f953fe9a5,A,5.0,False
A-6458,4d16686e-5ab4-4e14-b664-8182f068a09d,comment,d1b2c2d7-05f3-4bf3-8543-718f953fe9a5,A,5.0,False
A-6459,567d7c9b-0bb7-49fa-b63e-2c18f7403aa1,comment,d1b2c2d7-05f3-4bf3-8543-718f953fe9a5,A,5.0,False
A-6460,8c7f0be1-4ecd-4e3d-adf5-68852fa1bb5f,comment,d1b2c2d7-05f3-4bf3-8543-718f953fe9a5,A,5.0,False
A-6461,ce5c68e8-cbfa-42c9-b972-fb363b7456d9,post,d1b2c2d7-05f3-4bf3-8543-718f953fe9a5,A,5.0,False
A-6462,34c514dc-d686-4930-bfe3-2a73581e9c7b,comment,d1b86e84-c039-4b34-91e3-113b267107c1,A,3.0,False
A-6463,e28ce268-cf5a-475a-af0d-c8ab843f2cd7,post,d1b86e84-c039-4b34-91e3-113b267107c1,A,3.0,False
A-6464,edfc54b3-dd85-4f21-a8be-455053f980e3,comment,d1b86e84-c039-4b34-91e3-113b267107c1,A,3.0,False
A-6465,78036476-d146-4aa5-bfae-ed8bf10acad7,post,d1bd2293-f833-444d-bb70-a2ac54cc1d6f,A,1.0,False
A-6466,201047e1-4f1b-4ce8-a8cc-f5134996a55c,comment,d1dd5b2f-464e-4621-ac6a-4bcef5dca949,A,2.0,False
A-6467,ed6b80f4-a261-4bdf-9ed8-28e5262af41b,comment,d1dd5b2f-464e-4621-ac6a-4bcef5dca949,A,2.0,False
A-6468,9b468135-0f6c-437a-bf7d-00f2640dc129,comment,d1ef4402-ee3e-4eb1-b146-86108a354331,A,1.0,False
A-6469,24e50921-3fde-4386-84ca-0f66a0f955b7,comment,d1f1dcbd-ff93-4b05-8419-5edcfbb6723f,A,2.0,False
A-6470,de93ce25-b9bf-400d-9140-e44d75bd909b,post,d1f1dcbd-ff93-4b05-8419-5edcfbb6723f,A,2.0,False
A-6471,4c6b3849-c2cf-4bb2-b8de-c1d2bd0a49b2,post,d1f76619-00aa-450b-80c8-d826d2c5d6b0,A,1.0,False
A-6472,011b8255-593b-4b65-9df6-dc9ab41abafb,comment,d20a4f8b-ce0d-494c-b8d3-c3ae3408c3c8,A,12.0,False
A-6473,2e45dc73-9a1e-403f-bad1-c20e5926855e,post,d20a4f8b-ce0d-494c-b8d3-c3ae3408c3c8,A,12.0,False
A-6474,3630dfc2-084f-4277-8596-38f5cc019443,post,d20a4f8b-ce0d-494c-b8d3-c3ae3408c3c8,A,12.0,False
A-6475,3c58d3dd-d4f6-4059-b766-7d4e2e6837b6,comment,d20a4f8b-ce0d-494c-b8d3-c3ae3408c3c8,A,12.0,False
A-6476,419e15f6-104a-4f51-bf01-8c94121c721e,comment,d20a4f8b-ce0d-494c-b8d3-c3ae3408c3c8,A,12.0,False
A-6477,7503895c-7b7a-458f-8b39-ab4fcbd98dcf,post,d20a4f8b-ce0d-494c-b8d3-c3ae3408c3c8,A,12.0,False
A-6478,832621eb-e03d-457d-80c9-e849b315407f,comment,d20a4f8b-ce0d-494c-b8d3-c3ae3408c3c8,A,12.0,False
A-6479,84db1665-b326-4291-907b-6b6444cc727d,post,d20a4f8b-ce0d-494c-b8d3-c3ae3408c3c8,A,12.0,False
A-6480,9a5c8a62-1cf8-416b-9b4a-2441c229505e,comment,d20a4f8b-ce0d-494c-b8d3-c3ae3408c3c8,A,12.0,False
A-6481,c566291b-8f15-4ab2-8675-28020545f8fa,post,d20a4f8b-ce0d-494c-b8d3-c3ae3408c3c8,A,12.0,False
A-6482,eab988e2-b5c6-4a46-b1f4-d350e073ed21,post,d20a4f8b-ce0d-494c-b8d3-c3ae3408c3c8,A,12.0,False
A-6483,f2812f9e-b528-4ed6-b469-b3c226f48f08,post,d20a4f8b-ce0d-494c-b8d3-c3ae3408c3c8,A,12.0,False
A-6484,28e19f93-1463-4683-93f4-deb6081eb0c7,comment,d20b9adf-87dc-464a-b934-4de6984c3394,A,2.0,False
A-6485,c0c1d17e-9809-49f9-bf02-5ef8053887ac,comment,d20b9adf-87dc-464a-b934-4de6984c3394,A,2.0,False
A-6486,373c40b0-7e6f-4d8f-b4a9-cb312cc9da7f,post,d2240783-ca6a-40cc-9c84-03e602c55978,A,1.0,False
A-6487,38218e94-98d9-4620-9d78-ccf147afed88,post,d22a9fbb-6751-4442-b2f7-7482eafdc084,A,1.0,False
A-6488,9181c91b-72c0-44b1-87de-4a70d667eb31,post,d23fdb06-965e-4365-801b-905f6503e082,A,1.0,False
A-6489,bcf3fbf6-c791-44a0-83ea-284fbff6dc58,post,d2670bc5-3464-4655-b1ba-c244607ae802,A,1.0,False
A-6490,170dfa97-5667-43a5-89f0-61c0eb7473a5,post,d274a02a-b720-4602-aa9f-699dd0c71c11,A,1.0,False
A-6491,39a97628-e65f-465a-91c0-3fb5fc6960dd,post,d27b7c50-24a7-451f-b6af-81dfd8062e32,A,3.0,False
A-6492,c546c668-da60-4772-b4f8-9d8cc4167cf7,comment,d27b7c50-24a7-451f-b6af-81dfd8062e32,A,3.0,False
A-6493,ff1aa1d7-8f71-40bf-9675-1024ec2e3367,comment,d27b7c50-24a7-451f-b6af-81dfd8062e32,A,3.0,False
A-6494,64507b67-c0e8-4084-a8e6-a0897462fa55,post,d283ec5f-e75f-46fc-bd36-404d967ee79c,A,1.0,False
A-6495,6d22889b-38c0-48b0-9650-e88dff9ba774,comment,d293ff78-72cd-4311-ae23-779c98b75c54,A,2.0,False
A-6496,a4178e4b-1c70-4b24-bd70-01a176c8749e,post,d293ff78-72cd-4311-ae23-779c98b75c54,A,2.0,False
A-6497,a28c29d1-a45f-4aa3-976d-49930a7cd4f7,post,d2986165-dc63-4eed-af90-f12e595ebd0a,A,1.0,False
A-6498,525c7f92-b188-40b9-87ff-c791df208993,post,d29eeb58-dafa-46ed-840d-e6cda1b4b4f4,A,4.0,False
A-6499,a78c496b-d305-43f5-bfcf-8087dc9e9702,post,d29eeb58-dafa-46ed-840d-e6cda1b4b4f4,A,4.0,False
A-6500,b4d96d58-fbf7-4f91-a7a5-95f4d1857b8e,post,d29eeb58-dafa-46ed-840d-e6cda1b4b4f4,A,4.0,False
A-6501,ebb75d8e-0471-4879-843d-68de704d28e2,post,d29eeb58-dafa-46ed-840d-e6cda1b4b4f4,A,4.0,False
A-6502,e1306770-22c2-4e6a-80b6-9df8b2bbefb0,post,d2b0877a-db82-4736-a0bb-52a639809dde,A,1.0,False
A-6503,122e9d18-a62d-472b-b01c-55f64bda9405,post,d2d90544-bdad-4e88-922b-85bfcd2f8f32,A,2.0,False
A-6504,b960f2ef-dc69-4c69-b6de-ad92dfa5f0f0,post,d2d90544-bdad-4e88-922b-85bfcd2f8f32,A,2.0,False
A-6505,4d06f6ea-bf10-4563-9c2e-204b07a0ee86,post,d2f83b95-0ec3-47f6-b5ca-7cc9ddcf6cf1,A,1.0,False
A-6506,9265c2e0-b21c-4508-a0a5-5cab0a933b2d,post,d2f8896a-0c1e-4644-b3d0-ea6a221d6d0c,A,1.0,False
A-6507,4aa428e4-b5b7-48b8-a6f8-95b0b45e16fc,comment,d2f9b09a-aad2-46c9-b19f-2fe497d9ea3a,A,2.0,False
A-6508,4adf0086-3929-4e2e-8d9c-e912e8333f0e,post,d2f9b09a-aad2-46c9-b19f-2fe497d9ea3a,A,2.0,False
A-6509,ecbdb894-9398-434b-ab66-988ba4024d1e,post,d330a1b6-ae01-4276-97f3-fb9e59eaaf9c,A,1.0,False
A-6510,c71dc4de-add2-462b-8f42-1f4105ee9ce1,post,d3444a95-004b-4ff4-b989-b7149170e85e,A,1.0,False
A-6511,10c3d691-b8c6-457b-9afe-62ab61904e75,comment,d36797f6-318c-40b7-9791-35791810ed2b,A,3.0,False
A-6512,61d2696b-4db2-4945-80bd-3f45765dba26,comment,d36797f6-318c-40b7-9791-35791810ed2b,A,3.0,False
A-6513,f5362ff9-b956-4269-8cc2-8902ef9395e2,post,d36797f6-318c-40b7-9791-35791810ed2b,A,3.0,False
A-6514,8188cd5c-9980-4cbb-b981-7cc9515bf10c,post,d36d0335-8a41-4284-8080-b2118c08605d,A,1.0,False
A-6515,26233372-4ce2-460d-8280-40c2293ac406,post,d392050f-d3c7-4df3-8288-800b5c7c959b,A,1.0,False
A-6516,be3b923e-244f-4979-891d-7884182e463e,post,d3afaa88-1c26-43e3-9284-122cb6b19673,A,1.0,False
A-6517,1dcbae4f-e671-4136-bbd8-ae7a5c06d462,post,d3d85c8e-4794-4972-bf84-c490944054ad,A,2.0,False
A-6518,523ec500-5f43-4c6d-a65b-224ef6c77352,post,d3d85c8e-4794-4972-bf84-c490944054ad,A,2.0,False
A-6519,74e722eb-46a5-4753-9bdb-65f1e233ca9e,comment,d3de88bf-3f24-4c81-bd59-c03c623f6949,A,2.0,False
A-6520,8c269c8a-9a4b-4d84-b512-85f72147f825,comment,d3de88bf-3f24-4c81-bd59-c03c623f6949,A,2.0,False
A-6521,70ff8538-1cdc-43ac-901a-2cb36e65227c,post,d3fc5f4c-bf71-4dc4-b172-a172a5b840d4,A,1.0,False
A-6522,1d694480-1803-4fcd-995b-b52ff3fbc935,post,d408aa1e-395e-42e7-a029-9b9992b5fa7b,A,1.0,False
A-6523,0c054f6b-b2b5-4de0-bd10-195b2d66a725,comment,d4383c9a-0a40-4879-a702-0134c0dfb720,A,3.0,False
A-6524,a074a31d-e003-4bde-93e9-00137e3ecd8d,comment,d4383c9a-0a40-4879-a702-0134c0dfb720,A,3.0,False
A-6525,dd31b6a4-fc0c-452d-8b9e-f4173170c074,post,d4383c9a-0a40-4879-a702-0134c0dfb720,A,3.0,False
A-6526,5871a1e5-d400-4533-aaf5-998ad418b332,comment,d44ed768-6771-44bd-8b00-9cbfff49d841,A,4.0,False
A-6527,7322a762-e86e-4844-b871-dd3895fbb81e,comment,d44ed768-6771-44bd-8b00-9cbfff49d841,A,4.0,False
A-6528,8d58ea12-957f-47d7-bd24-c798e4d07291,comment,d44ed768-6771-44bd-8b00-9cbfff49d841,A,4.0,False
A-6529,c7b44879-6bb0-4270-aeb3-0b0085b24d51,post,d44ed768-6771-44bd-8b00-9cbfff49d841,A,4.0,False
A-6530,59c12c94-9ff3-4a3d-9a65-28ec2687e4f5,post,d452b754-2adb-4266-aa4b-74feac1e6447,A,4.0,False
A-6531,85f4610c-f4e1-4f02-8d7f-4a3ae90c7789,post,d452b754-2adb-4266-aa4b-74feac1e6447,A,4.0,False
A-6532,99f80382-5bb5-4fca-91fe-d4ff6897ef4c,comment,d452b754-2adb-4266-aa4b-74feac1e6447,A,4.0,False
A-6533,ce46411c-9a75-4281-8fb2-1bb8da2f68e9,comment,d452b754-2adb-4266-aa4b-74feac1e6447,A,4.0,False
A-6534,1d4e769b-f533-4baa-9270-bdcf97370364,post,d45934a1-efb0-40d4-ae12-3722cfe4ff21,A,8.0,False
A-6535,77129134-9b32-4b32-9d6e-d675c9141ff7,post,d45934a1-efb0-40d4-ae12-3722cfe4ff21,A,8.0,False
A-6536,a2fd864a-e689-4aef-bfab-1c3f32b1401c,post,d45934a1-efb0-40d4-ae12-3722cfe4ff21,A,8.0,False
A-6537,b9e6c60e-53a1-4a92-8cc6-4e03c5bd7879,post,d45934a1-efb0-40d4-ae12-3722cfe4ff21,A,8.0,False
A-6538,c3fc1283-1831-42c0-b262-564cf5f8ec11,comment,d45934a1-efb0-40d4-ae12-3722cfe4ff21,A,8.0,False
A-6539,d479815c-a4ad-462e-baf0-b4bbb7f6b28d,post,d45934a1-efb0-40d4-ae12-3722cfe4ff21,A,8.0,False
A-6540,d8ca0084-aa01-4b63-9562-e84078de228d,post,d45934a1-efb0-40d4-ae12-3722cfe4ff21,A,8.0,False
A-6541,fab03d2d-3817-47b3-8c48-72f70aa0f939,post,d45934a1-efb0-40d4-ae12-3722cfe4ff21,A,8.0,False
A-6542,4efc89b7-a0fe-4af4-bd27-0509885f65ce,post,d45ad75a-fad1-436b-b211-70d8734831a1,A,1.0,False
A-6543,00d8310d-1ad4-4701-8c27-306190638e78,post,d45e4d21-4f18-4070-8ad5-fb035e2eca60,A,1.0,False
A-6544,13ad647a-b2cc-4f42-8c77-c7543aa352d3,post,d498a481-237c-44e3-b14b-ecf77da3ba86,A,1.0,False
A-6545,ba3e2ce1-81c5-44e0-8c1a-7dd2a95e2db0,comment,d4b4e221-4347-4f82-8af4-bc899ef0e1cd,A,3.0,False
A-6546,c490539c-a8d5-4e5e-bb6c-f50cccba83c0,post,d4b4e221-4347-4f82-8af4-bc899ef0e1cd,A,3.0,False
A-6547,fe420227-eb40-47fb-8f24-2e031b103375,comment,d4b4e221-4347-4f82-8af4-bc899ef0e1cd,A,3.0,False
A-6548,64b4cdca-5e8f-471e-9885-8bc44a120a70,post,d4d45396-7826-4eb8-a8c5-9aa17796bedd,A,1.0,False
A-6549,d509a860-e0f5-451a-bb58-8b6371278265,post,d4d868a1-4fc3-4177-a591-058bc8de663b,A,1.0,False
A-6550,3e89af30-d58c-4e43-88cc-a1128afafa20,post,d4e3a88d-e02c-43ec-aa30-e66a509afbfd,A,2.0,False
A-6551,a8e601fe-3e81-41a6-876c-6e200073174f,post,d4e3a88d-e02c-43ec-aa30-e66a509afbfd,A,2.0,False
A-6552,fb12f5a3-ea73-4db4-9bb1-77822a02ed46,post,d4eaa17a-fb70-430e-9628-16ab59f14236,A,1.0,False
A-6553,2a660720-b523-4a69-adc6-f1ce1fec7329,post,d4f16cb5-cc62-494d-ab86-d72e878cf0d9,A,1.0,False
A-6554,64432e78-b628-4f77-9d64-8775b3839a9b,post,d50748cf-6da2-4c6a-a200-24e788732322,A,3.0,False
A-6555,8ad14e2c-bf03-44d0-836b-db7512ee1f41,post,d50748cf-6da2-4c6a-a200-24e788732322,A,3.0,False
A-6556,9502230e-c942-48d6-8b6c-fffc4fdfdc96,post,d50748cf-6da2-4c6a-a200-24e788732322,A,3.0,False
A-6557,07dee354-1fcf-4b9e-addd-49e2feaf127b,comment,d527526e-f217-4b78-9c5f-2bf279cccec1,A,2.0,False
A-6558,4ce5be4c-a693-4127-b3e1-4c1a5c864b4d,post,d527526e-f217-4b78-9c5f-2bf279cccec1,A,2.0,False
A-6559,1e0fb06c-56ed-451b-822d-9642ee2aa420,post,d539a8e6-3ad7-4c7c-9ca7-83218260c88e,A,2.0,False
A-6560,b0987d21-523e-4743-a31a-4395b03e05e3,post,d539a8e6-3ad7-4c7c-9ca7-83218260c88e,A,2.0,False
A-6561,73dd950e-df44-4268-b84a-8b1e9b17a6b9,post,d53f2e93-22b1-43d2-b8f2-9922c239301c,A,1.0,False
A-6562,5919bbe1-8b34-4a6f-83a8-f8e7ce9b5dd6,post,d541e64b-0baf-4302-99d6-38db0e1193be,A,1.0,False
A-6563,0fa0d8d9-4d87-403c-bc5a-a65ada681761,comment,d56108eb-b55c-4827-8f49-2774f4eae79c,A,2.0,False
A-6564,c5fb18c1-a1e4-45c7-b5e9-c4807d737557,post,d56108eb-b55c-4827-8f49-2774f4eae79c,A,2.0,False
A-6565,74d013a5-0f56-45d7-ab56-c9b40c6e438d,post,d56b8d65-a320-42ab-b5ec-8b770f4ed371,A,2.0,False
A-6566,c5ecc8b6-a521-4d84-83ba-f199f9ed8487,post,d56b8d65-a320-42ab-b5ec-8b770f4ed371,A,2.0,False
A-6567,47ac3dc3-f926-47f4-ab5c-051943b0efa3,post,d57c4a75-9ddc-4659-ae8d-4925a2caafb7,A,1.0,False
A-6568,5bad6af2-951b-419e-b992-baae373d1684,post,d57d700e-6842-4648-8c72-4e4ce214f310,A,1.0,False
A-6569,0244a304-c352-48a7-8b8b-fd59fa8b6f40,comment,d588a248-f80a-440b-a215-87cf66b33e89,A,9.0,False
A-6570,6c6fdb5e-f4f0-4216-acf8-5c6608dfc168,comment,d588a248-f80a-440b-a215-87cf66b33e89,A,9.0,False
A-6571,9150b22e-5819-4a75-ac6a-7048e4114a77,comment,d588a248-f80a-440b-a215-87cf66b33e89,A,9.0,False
A-6572,a0873947-895f-48a5-a367-7cce24cb2b3f,comment,d588a248-f80a-440b-a215-87cf66b33e89,A,9.0,False
A-6573,adecb49f-9626-4fb4-8479-515587545539,comment,d588a248-f80a-440b-a215-87cf66b33e89,A,9.0,False
A-6574,b5411818-bc91-4191-b798-4ceac8051247,comment,d588a248-f80a-440b-a215-87cf66b33e89,A,9.0,False
A-6575,cf255cd0-7118-404f-8d13-7e61737bc4a3,comment,d588a248-f80a-440b-a215-87cf66b33e89,A,9.0,False
A-6576,e0278e87-900b-4ad4-b7f6-187135ec5452,comment,d588a248-f80a-440b-a215-87cf66b33e89,A,9.0,False
A-6577,f2154bde-db3b-4ec0-bd20-d43c559da513,comment,d588a248-f80a-440b-a215-87cf66b33e89,A,9.0,False
A-6578,6bc4b7e4-0fb4-460e-aaf9-b3d69dcb51d4,post,d590b0fa-5e6e-4611-97e1-32cf914bbcf9,A,2.0,False
A-6579,aa1b2729-f5ef-46b0-9f17-7bc4288bdacf,post,d590b0fa-5e6e-4611-97e1-32cf914bbcf9,A,2.0,False
A-6580,1b3c8e93-c1e4-4c53-9692-d8b5b2075670,comment,d612f050-2b74-48c5-a7d2-07b7cccf780c,A,2.0,False
A-6581,b5bd943a-db75-4ebc-b92a-4c3f317d77fa,comment,d612f050-2b74-48c5-a7d2-07b7cccf780c,A,2.0,False
A-6582,40db7ccc-0ad6-4232-97ff-ec824a9ac096,post,d614179d-b8af-407b-953c-803324645bd1,A,1.0,False
A-6583,4d1b6580-b7de-4e14-b4ad-0db6beb0dac9,post,d62277c9-11da-466c-a2b2-aab48bb90872,A,1.0,False
A-6584,96d77461-49dd-430d-b06b-748dc180723d,post,d657c559-27db-437a-b1d7-17b42d66153a,A,1.0,False
A-6585,e5aa5e24-372e-49af-b033-1bdc5c781312,post,d66ed28a-c422-4b8d-8bd8-515e8f7829ca,A,1.0,False
A-6586,f0396f3c-d61f-43c8-ab8b-d8b785123877,post,d675d0dc-a20e-4779-8595-88001745dd08,A,1.0,False
A-6587,83547e97-a6cb-4285-ba38-2419c2f2f71f,post,d68c8c38-5224-4ba8-802a-c1a70beeb5f2,A,1.0,False
A-6588,008a63ce-1ac9-44c6-8f69-4f9eed70c39a,post,d6a117cb-a788-4c28-b5ad-7ba0adc2cc01,A,6.0,False
A-6589,07b3c69a-5662-4e45-b8de-5aa8fc4a88e1,post,d6a117cb-a788-4c28-b5ad-7ba0adc2cc01,A,6.0,False
A-6590,82ef3188-460c-4def-850e-ad75342028e4,comment,d6a117cb-a788-4c28-b5ad-7ba0adc2cc01,A,6.0,False
A-6591,971e02c5-227c-49b5-840b-e01d5e92204b,post,d6a117cb-a788-4c28-b5ad-7ba0adc2cc01,A,6.0,False
A-6592,c66bcace-b831-4ab9-a38a-5b5bc8283d3e,comment,d6a117cb-a788-4c28-b5ad-7ba0adc2cc01,A,6.0,False
A-6593,ebc5fbe8-ed0f-4710-8550-1ed9c7552f53,comment,d6a117cb-a788-4c28-b5ad-7ba0adc2cc01,A,6.0,False
A-6594,bf3cecba-c45a-4025-bf4a-997390ccb435,post,d6c06404-a3de-4b9f-8b75-8173e613adee,A,1.0,False
A-6595,4c75d259-81fa-458f-99e3-de310499bf4a,comment,d6d9746c-6a89-4b74-ace6-86f26041b35a,A,2.0,False
A-6596,5fc75b1f-e40a-458a-b37e-d6dcdc3ca7b9,post,d6d9746c-6a89-4b74-ace6-86f26041b35a,A,2.0,False
A-6597,1eeb65c7-d756-47b2-81b1-6e53dc2aef33,post,d6e2ba96-d802-4a53-8cf2-8c7aebc5ccf4,A,5.0,False
A-6598,347c4d99-a13c-4c6f-9d05-7f0a329dda69,post,d6e2ba96-d802-4a53-8cf2-8c7aebc5ccf4,A,5.0,False
A-6599,65153311-6ea0-4b52-909e-2dfb665ac64a,comment,d6e2ba96-d802-4a53-8cf2-8c7aebc5ccf4,A,5.0,False
A-6600,6dce4018-34ce-4b9d-96e3-c96afd0fd04f,post,d6e2ba96-d802-4a53-8cf2-8c7aebc5ccf4,A,5.0,False
A-6601,948e10b9-0e44-4d34-894e-76c60dbc1833,comment,d6e2ba96-d802-4a53-8cf2-8c7aebc5ccf4,A,5.0,False
A-6602,266be970-4e3a-41a4-821a-aa351b29655e,post,d704d273-ec76-40ae-a83d-d13209939b37,A,2.0,False
A-6603,a5845e89-41da-4532-9d16-6ed36398a803,comment,d704d273-ec76-40ae-a83d-d13209939b37,A,2.0,False
A-6604,5a389c63-1e71-4651-a1e3-88efeb643ec7,post,d71b791c-b001-416f-b055-a478cb6cd913,A,1.0,False
A-6605,a20369dc-0091-444f-99d3-e7ed611c13c4,post,d74e6b45-de7f-4f7f-b139-2d87e49f64c0,A,4.0,False
A-6606,a9c7604b-1c91-4378-86f1-6c88bcd185db,comment,d74e6b45-de7f-4f7f-b139-2d87e49f64c0,A,4.0,False
A-6607,e077932b-4412-4cc7-82f3-83491a46664d,post,d74e6b45-de7f-4f7f-b139-2d87e49f64c0,A,4.0,False
A-6608,e096fcb3-0727-42b9-93f3-4b4415777c7c,comment,d74e6b45-de7f-4f7f-b139-2d87e49f64c0,A,4.0,False
A-6609,f5b6c1c8-6296-440c-9b08-5d766109afc2,post,d766ff70-ca48-4c6c-abb7-453d0c1256ea,A,1.0,False
A-6610,3ae6c09f-df1f-4040-bc2f-a4ee24e9809d,comment,d7850c72-442b-4906-8453-d18a891ed757,A,6.0,False
A-6611,3e2cf090-dc77-4656-91fe-217d59c2cff5,post,d7850c72-442b-4906-8453-d18a891ed757,A,6.0,False
A-6612,736f5140-4d1f-449f-a1ff-0ada8a62285e,comment,d7850c72-442b-4906-8453-d18a891ed757,A,6.0,False
A-6613,a1982a35-960b-4bcc-bfe7-e1f598223723,post,d7850c72-442b-4906-8453-d18a891ed757,A,6.0,False
A-6614,b5a5f40f-e7ce-4d2f-bea7-99e21a33160f,post,d7850c72-442b-4906-8453-d18a891ed757,A,6.0,False
A-6615,fd86654c-41b4-4115-baf1-48f50e011c5e,post,d7850c72-442b-4906-8453-d18a891ed757,A,6.0,False
A-6616,0c90d1d6-c331-40f2-97af-4a246ae24b22,post,d7887eff-3b16-4754-939d-c52923ea7490,A,3.0,False
A-6617,5fa1fb3e-1d1e-4605-9911-facbc457f7e8,post,d7887eff-3b16-4754-939d-c52923ea7490,A,3.0,False
A-6618,979e05cd-fc76-4e46-a67b-5067919512b3,post,d7887eff-3b16-4754-939d-c52923ea7490,A,3.0,False
A-6619,e27e2025-2f48-419a-b55c-5826b56feeb0,post,d7a2246e-5e7f-42ab-9550-e17f3af79368,A,1.0,False
A-6620,5d628809-504b-4e78-85f2-e4e10266caad,post,d7bda3ed-1d4c-4622-90bc-3a9fcbf79ea0,A,3.0,False
A-6621,93fbba84-72b2-408b-8fe8-7fd201df8b79,comment,d7bda3ed-1d4c-4622-90bc-3a9fcbf79ea0,A,3.0,False
A-6622,9964b67e-ee64-4a55-b2d9-e06b3641c962,post,d7bda3ed-1d4c-4622-90bc-3a9fcbf79ea0,A,3.0,False
A-6623,b189dd97-f093-4e21-952e-02fbc82c62bd,comment,d7cb22c1-9273-46b6-b240-4df225f555ac,A,1.0,False
A-6624,97415eaf-3e4e-4f28-854d-933ce814c9be,comment,d7eb20dd-bff4-4325-85e1-7e6052346984,A,1.0,False
A-6625,7de3e695-103a-414e-bc50-3c9b05ec38db,comment,d7f4a9e0-da24-413a-8c0b-6e05b0991bbd,A,2.0,False
A-6626,befb59b0-a31e-4f87-9e88-4212bf936e00,comment,d7f4a9e0-da24-413a-8c0b-6e05b0991bbd,A,2.0,False
A-6627,a2a8b5f1-458b-437d-a228-17d209613f06,comment,d8100b66-1b7f-4848-955c-92c8f6e89526,A,3.0,False
A-6628,bf63557a-517e-43c3-8aca-5938adb83fc8,comment,d8100b66-1b7f-4848-955c-92c8f6e89526,A,3.0,False
A-6629,e497c59f-6f04-4511-8b3c-d536fa4c2eaf,comment,d8100b66-1b7f-4848-955c-92c8f6e89526,A,3.0,False
A-6630,58914b23-0c3e-4605-b6ef-39f4ac977975,post,d8132e58-bf72-42fb-a35f-269b88d1ecc3,A,1.0,False
A-6631,9c3c8d36-f145-43f1-aa8a-9f22a58da3bb,post,d8460df1-7071-4dca-b11d-59100f96ae04,A,1.0,False
A-6632,0571b382-25df-4110-bad4-e671d166a6d1,comment,d854dd96-4942-402b-82e2-af2dfe96b421,A,14.0,False
A-6633,488d1bcf-ab1d-4ac2-8a7c-da72decf7ba6,comment,d854dd96-4942-402b-82e2-af2dfe96b421,A,14.0,False
A-6634,5af4bbe9-669f-4bd8-b360-8a29f9a227cd,comment,d854dd96-4942-402b-82e2-af2dfe96b421,A,14.0,False
A-6635,7a6b8c7e-9240-46dc-ae6a-b6ba03c1658f,post,d854dd96-4942-402b-82e2-af2dfe96b421,A,14.0,False
A-6636,86c70ed6-d881-493a-971e-30969f7d2840,comment,d854dd96-4942-402b-82e2-af2dfe96b421,A,14.0,False
A-6637,9088e815-65db-4f4c-b51c-1b533161085b,comment,d854dd96-4942-402b-82e2-af2dfe96b421,A,14.0,False
A-6638,9d95952c-c43c-4fbf-ac46-63220d5fcb7e,post,d854dd96-4942-402b-82e2-af2dfe96b421,A,14.0,False
A-6639,a2a45234-41c5-4daf-bc4d-5b706f0f7b9b,comment,d854dd96-4942-402b-82e2-af2dfe96b421,A,14.0,False
A-6640,a799d208-9a61-4c06-9a03-e9576f0b2209,comment,d854dd96-4942-402b-82e2-af2dfe96b421,A,14.0,False
A-6641,d0c58c51-b601-424e-b556-6c9cd7d41ac3,comment,d854dd96-4942-402b-82e2-af2dfe96b421,A,14.0,False
A-6642,d4a2ebad-a23d-41ff-a49c-fba714e5b63d,comment,d854dd96-4942-402b-82e2-af2dfe96b421,A,14.0,False
A-6643,eae93fb2-320c-471e-859a-43d2e1f0a1ca,comment,d854dd96-4942-402b-82e2-af2dfe96b421,A,14.0,False
A-6644,ed74031f-ae0c-4d52-af3e-3016edd2e783,comment,d854dd96-4942-402b-82e2-af2dfe96b421,A,14.0,False
A-6645,eed3bd5b-6d67-4c1a-84ba-d8602c961858,comment,d854dd96-4942-402b-82e2-af2dfe96b421,A,14.0,False
A-6646,bab1f0e2-e68d-42db-9f3b-bab90b3d8ed9,comment,d8584dcb-39d5-4efb-8864-575e42e3004b,A,2.0,False
A-6647,e23d754e-0af1-46db-83fa-96cc5b09b92b,comment,d8584dcb-39d5-4efb-8864-575e42e3004b,A,2.0,False
A-6648,0cfedb44-4f5e-4c94-bcc3-20c5844e683b,post,d86552ee-a2ff-436c-b47b-21760bf7a76d,A,1.0,False
A-6649,5395e8fa-fdb7-4d35-8007-a3b116b722ab,post,d86795f3-b18f-496e-b2a1-97fdebe3e102,A,1.0,False
A-6650,aaf86842-82ea-45e8-9430-39a035f3abab,post,d87d34e0-41bd-4254-b3b7-36bb62aabce7,A,1.0,False
A-6651,41391c63-5399-4fc2-836e-147b9fe45b80,post,d89730c9-8fff-4ea3-a5e8-efc0194927c3,A,1.0,False
A-6652,2be186c6-59cf-42b3-8115-66e771621777,comment,d8b91127-cf3c-42ab-a277-980f003dd0e7,A,9.0,False
A-6653,3c83a904-5606-49e4-8638-fd59b399a695,comment,d8b91127-cf3c-42ab-a277-980f003dd0e7,A,9.0,False
A-6654,40339b35-1e0c-4589-8dab-cb40abb2e488,comment,d8b91127-cf3c-42ab-a277-980f003dd0e7,A,9.0,False
A-6655,78c42ab4-94e6-453f-823d-554d9beeee22,comment,d8b91127-cf3c-42ab-a277-980f003dd0e7,A,9.0,False
A-6656,7f9ece1f-56eb-4181-b1ce-93c98037e837,comment,d8b91127-cf3c-42ab-a277-980f003dd0e7,A,9.0,False
A-6657,9572bdf5-4576-4ce8-a7a2-7d422829b494,post,d8b91127-cf3c-42ab-a277-980f003dd0e7,A,9.0,False
A-6658,97f813c3-c980-4089-b0f9-582420c71f7f,comment,d8b91127-cf3c-42ab-a277-980f003dd0e7,A,9.0,False
A-6659,aa7efa42-bf94-4951-ad24-8f7789529d18,post,d8b91127-cf3c-42ab-a277-980f003dd0e7,A,9.0,False
A-6660,ffb401bd-ee37-45a0-8155-d90066f406b1,comment,d8b91127-cf3c-42ab-a277-980f003dd0e7,A,9.0,False
A-6661,6bbe7f05-f4c3-4718-a824-ff02b2de6f7b,post,d8c5b643-d72b-4c06-9221-19a1276eaf03,A,2.0,False
A-6662,6eb44abe-fdae-4b67-b15f-3208de2c5ced,comment,d8c5b643-d72b-4c06-9221-19a1276eaf03,A,2.0,False
A-6663,88ea6c2f-16ff-4ceb-8be6-d46c27489d1f,post,d8fec20e-f5b9-46d0-97bf-8f38807a4673,A,2.0,False
A-6664,9702283f-6ea7-495b-b2a2-ded59f340b44,post,d8fec20e-f5b9-46d0-97bf-8f38807a4673,A,2.0,False
A-6665,6f273b89-5b31-41bd-a476-2cf29c5edf30,post,d9072616-d8a6-40a9-8422-dac2af828917,A,1.0,False
A-6666,6c9d4a1b-f617-40e1-8eed-05b2abedb785,comment,d91469de-b3a1-4cb9-9c0a-a58aac6e8e2e,A,2.0,False
A-6667,9c8b52ef-3f16-4da4-94c7-28472f1c9229,comment,d91469de-b3a1-4cb9-9c0a-a58aac6e8e2e,A,2.0,False
A-6668,a09e5035-a132-440f-aab6-bcfa04b1d749,post,d91aed8b-35b8-488d-9a7f-7793c2f91aad,A,1.0,False
A-6669,cb73e611-557d-4d06-bc42-cead8f0fafda,post,d92a5db7-37d9-475e-8d65-0292d42d076e,A,1.0,False
A-6670,6a7c2760-121b-4072-9f2c-e95f98d4c600,post,d92c8370-9d8b-44f6-a2bb-c40bc7529b75,A,2.0,False
A-6671,b7da9179-9fe0-4e0b-bcfb-309eb9e6e43a,post,d92c8370-9d8b-44f6-a2bb-c40bc7529b75,A,2.0,False
A-6672,93c0181b-bfee-427c-9a5a-26775b6f0213,post,d94729ff-bb3f-4106-af7b-10d5df608605,A,1.0,False
A-6673,73ec1316-d4ab-480d-9b72-2f59442d93eb,post,d9679a17-b1b7-45e7-97b8-48dc3bc0c83f,A,1.0,False
A-6674,03b8f338-72ed-4cd1-90d2-99a7a0c78365,post,d97408ec-964a-47ac-87da-f65df01e88e3,A,2.0,False
A-6675,de35780f-d616-4c9b-a0ea-c7ba8227c37d,post,d97408ec-964a-47ac-87da-f65df01e88e3,A,2.0,False
A-6676,39ed96de-b2a4-4eae-95dc-128da823558b,post,d97c2151-68d9-4fc8-8f5b-b6811c3e1ecb,A,2.0,False
A-6677,e4687c9f-cd91-4a11-b8c3-63cf7ff87b52,post,d97c2151-68d9-4fc8-8f5b-b6811c3e1ecb,A,2.0,False
A-6678,881a8b42-0c5f-4490-a8ae-83eb0fe89de3,post,d97fd43f-c314-4d4b-b4e3-03df8072cd7e,A,1.0,False
A-6679,80d01577-500d-48a9-b648-113de6aceb5d,post,d9b3745d-9963-4fa2-878e-21f9e315569f,A,1.0,False
A-6680,52719959-70fa-43b1-b702-f7bd74ed3c1b,comment,d9c26e30-de6b-4ee5-a6b7-482ae60495f1,A,2.0,False
A-6681,8db80b79-a264-49be-8f58-de7d5130435f,post,d9c26e30-de6b-4ee5-a6b7-482ae60495f1,A,2.0,False
A-6682,817d8030-d57c-4f2b-8e2d-fa0f62eb6be8,post,d9d34ff2-49b4-4dcf-bd24-cd23ae8eae2c,A,1.0,False
A-6683,e1b020a9-a95d-4619-a886-55c0dc48e764,post,d9e2e391-5959-4011-9e49-a5e5004ffd7b,A,1.0,False
A-6684,2880e2cf-a108-43c8-a066-99cf84f70525,comment,da01683e-790f-4472-a079-e6774da5ee09,A,2.0,False
A-6685,2cab8785-e879-4d53-aef2-e7b9413ec5cc,comment,da01683e-790f-4472-a079-e6774da5ee09,A,2.0,False
A-6686,1a41fa13-ff56-496b-8217-28df7c536019,post,da15d0b4-737a-4817-a817-a299ab9cb924,A,1.0,False
A-6687,43dfce3e-0c06-43de-9d3e-875358420f4b,post,da51992d-1198-46da-ad67-a58c26b0c439,A,2.0,False
A-6688,b76b0680-3c82-4de2-9ca8-5a7818f56ce6,comment,da51992d-1198-46da-ad67-a58c26b0c439,A,2.0,False
A-6689,473bfac5-f3d3-4b51-9cb4-07da010ad5fb,post,da53618d-ed25-4931-ada4-823f6f61c30f,A,3.0,False
A-6690,4864c0e9-7e5e-4dfb-90a1-238e85b37288,comment,da53618d-ed25-4931-ada4-823f6f61c30f,A,3.0,False
A-6691,dd404e1e-52ca-4732-a2f6-44378b21710f,comment,da53618d-ed25-4931-ada4-823f6f61c30f,A,3.0,False
A-6692,10487e54-a50d-4535-a824-236185f30503,post,da5d1502-3f7f-4bb2-b2f6-5f02e41581c8,A,2.0,False
A-6693,ccb3f1d5-1968-445b-a552-424ac48c99f7,post,da5d1502-3f7f-4bb2-b2f6-5f02e41581c8,A,2.0,False
A-6694,88dfdefc-088d-4a8a-8fda-c84599d87b6a,post,da747734-d9e7-4ba8-a0ac-828ff1e8bf0a,A,1.0,False
A-6695,5c5439e6-8555-4814-943d-4c8d6b668341,post,daa865c1-2574-4944-ab84-b67d6c387a3c,A,2.0,False
A-6696,fda4d5ad-d6fc-4828-8ac4-894a2372dd0a,comment,daa865c1-2574-4944-ab84-b67d6c387a3c,A,2.0,False
A-6697,5d5b15f3-5ae8-472e-b9d5-2c5dc50cfa3d,post,dae9f2b2-5b47-40da-863c-24e43e9be374,A,1.0,False
A-6698,69e5f3cc-a787-4cf1-b99f-42d7b0029698,post,daf8a78e-9094-4bc5-bfa0-172e354ccfb6,A,1.0,False
A-6699,c6414efd-8bd4-4598-a630-153e1af1ed1e,post,daff6391-dd52-438d-aa41-5202062f51a8,A,1.0,False
A-6700,43cd7340-2585-4f78-8761-954ab38f1048,post,db1e444f-d1ff-4339-9caf-091ab78e6b85,A,2.0,False
A-6701,9ef64f15-0bd1-4c8d-b6f9-734a856ae2b8,post,db1e444f-d1ff-4339-9caf-091ab78e6b85,A,2.0,False
A-6702,4c4d83d1-a65a-4916-865f-752e620a49ab,post,db34c741-cce5-4468-8325-9d9e4b318ead,A,2.0,False
A-6703,e6dd5acc-d9c2-4995-9ce0-0fb2c27da4bf,post,db34c741-cce5-4468-8325-9d9e4b318ead,A,2.0,False
A-6704,5f01e405-a3b8-4ce1-aea6-da999ea239bb,post,db3c4b9a-f64a-4029-99f3-89ce91e0b4a3,A,1.0,False
A-6705,09fab8dc-a319-477b-9f64-9867e06fdd70,comment,db3d35c5-215d-4e25-b73c-77cb5a38350b,A,9.0,False
A-6706,2409bbf0-a79f-4158-b71c-63337f972a60,comment,db3d35c5-215d-4e25-b73c-77cb5a38350b,A,9.0,False
A-6707,3f7d8b94-7c45-428c-9c31-74446699cb2e,post,db3d35c5-215d-4e25-b73c-77cb5a38350b,A,9.0,False
A-6708,464797ec-3571-4cd6-b77f-ebde9366abcb,comment,db3d35c5-215d-4e25-b73c-77cb5a38350b,A,9.0,False
A-6709,571f0feb-4d92-4c77-95ec-6a234ca72970,post,db3d35c5-215d-4e25-b73c-77cb5a38350b,A,9.0,False
A-6710,70c9f392-55cb-4bb2-966d-44e4adf6ab8d,comment,db3d35c5-215d-4e25-b73c-77cb5a38350b,A,9.0,False
A-6711,89d9a2a0-b675-43b6-840c-8eea3d547555,comment,db3d35c5-215d-4e25-b73c-77cb5a38350b,A,9.0,False
A-6712,ad1971c3-06da-4ede-9f45-c872545e57d1,comment,db3d35c5-215d-4e25-b73c-77cb5a38350b,A,9.0,False
A-6713,c00f914c-a817-4fac-a98b-27a7ed4602fc,post,db3d35c5-215d-4e25-b73c-77cb5a38350b,A,9.0,False
A-6714,527b2d9a-c5ce-423d-a1ff-4d7f4d0cc9f5,post,db43989d-80d8-4294-8911-c70e65981cb8,A,3.0,False
A-6715,61859e3b-964a-4892-9848-1ae8852c7da9,post,db43989d-80d8-4294-8911-c70e65981cb8,A,3.0,False
A-6716,6d364e59-c259-4b14-ba73-3466a70d6a2a,comment,db43989d-80d8-4294-8911-c70e65981cb8,A,3.0,False
A-6717,1170fa95-a02e-432a-a5b4-5cc7e0ca51cd,comment,db54b50a-3897-4201-bcd2-ffc1f99c2c2c,A,4.0,False
A-6718,9dd751ff-e489-46ec-96fb-fc70d2791c1b,comment,db54b50a-3897-4201-bcd2-ffc1f99c2c2c,A,4.0,False
A-6719,a7f6010f-db51-49f7-b1e2-35f24e9193a1,comment,db54b50a-3897-4201-bcd2-ffc1f99c2c2c,A,4.0,False
A-6720,de2a6b07-21bb-40bf-8482-8bb7df0ac6a6,comment,db54b50a-3897-4201-bcd2-ffc1f99c2c2c,A,4.0,False
A-6721,278984ae-baeb-4f2b-8fb5-0790600a644c,post,db5668af-1e00-4cbd-b716-4722886822cb,A,1.0,False
A-6722,0a46816a-83ec-4876-ac55-96d35d1683a2,comment,db7b31e5-835f-4b1b-b64b-68a5b3193579,A,2.0,False
A-6723,71760999-4f13-4376-ba6d-c9df651e0825,comment,db7b31e5-835f-4b1b-b64b-68a5b3193579,A,2.0,False
A-6724,241ecd08-3254-4a35-989f-469463f80e72,post,db8f957b-b4c3-4b4c-b0eb-b04700969cd0,A,1.0,False
A-6725,16b3e2dc-2951-4782-bf04-6bc21b24b833,post,db995719-fdeb-4cf1-8638-047aff877899,A,4.0,False
A-6726,29922b42-6483-4762-b4f0-3e201dbdfd25,post,db995719-fdeb-4cf1-8638-047aff877899,A,4.0,False
A-6727,2dac37cd-4576-48ac-b9fa-6baf6f1bdddd,comment,db995719-fdeb-4cf1-8638-047aff877899,A,4.0,False
A-6728,a56540d5-15d2-42ea-ab11-68f3f9e08cc7,comment,db995719-fdeb-4cf1-8638-047aff877899,A,4.0,False
A-6729,41af22e3-0b01-4c41-93c7-bc9404ce0fcd,post,dbbdc17a-8648-4796-991c-eda0a3732265,A,1.0,False
A-6730,16a55c3a-8997-4684-a6e2-8f33afe0ac24,comment,dbe55a2e-0d57-44c5-aa3a-6c165136d237,A,2.0,False
A-6731,20224b1b-a612-428f-b65c-6e31562781cb,post,dbe55a2e-0d57-44c5-aa3a-6c165136d237,A,2.0,False
A-6732,03d48540-458f-4b67-a4d8-7442fe0d4eaf,post,dbf1252c-fa6d-45c6-b258-489db69fac27,A,1.0,False
A-6733,05785580-5915-40f4-8dfa-476ba1a71e43,post,dbf44cf8-f0e7-4c9d-abe3-6ce7db3a67d5,A,1.0,False
A-6734,b36d0e14-5115-4a0e-9da0-2a281fd4290b,comment,dbf7a0ea-e234-4083-a0bc-6c40b895004f,A,1.0,False
A-6735,3416f6f2-ae66-4990-9925-450e986fca63,comment,dc0fe3ea-d46b-4d7a-939a-e7af12f94039,A,1.0,False
A-6736,167effd1-05c3-4b40-bad3-b42a4dca4dfe,comment,dc2bb692-e20e-41d0-8adb-fd9c52746652,A,6.0,False
A-6737,62998c18-3631-4b78-9ee5-88910254a440,comment,dc2bb692-e20e-41d0-8adb-fd9c52746652,A,6.0,False
A-6738,8253f5f5-ef1b-4626-ab4f-5484f38059fc,comment,dc2bb692-e20e-41d0-8adb-fd9c52746652,A,6.0,False
A-6739,b4ac1c3c-e0bd-453a-9ad5-04fa9078b439,comment,dc2bb692-e20e-41d0-8adb-fd9c52746652,A,6.0,False
A-6740,b64d6c0f-847e-4396-ad9e-457fb8e947b9,comment,dc2bb692-e20e-41d0-8adb-fd9c52746652,A,6.0,False
A-6741,ff9a4b8d-face-487f-9616-4cdb9c90aa3f,comment,dc2bb692-e20e-41d0-8adb-fd9c52746652,A,6.0,False
A-6742,ce64f3ec-a78d-49dc-a93b-af1eb2b8975b,comment,dc5e3f75-9021-40c0-b0a1-6b557bc93ecd,A,1.0,False
A-6743,f05bfc95-8f68-4e75-b043-0e59232876ea,post,dcb95109-78b1-474e-9026-fda77faf9658,A,1.0,False
A-6744,8571b57b-ea59-45ce-8869-fa2de0722cdf,post,dcf77bc4-09b7-4a8d-b9f1-71021c042f50,A,4.0,False
A-6745,9c948e76-239a-4e45-9a83-c6597b9bddfb,post,dcf77bc4-09b7-4a8d-b9f1-71021c042f50,A,4.0,False
A-6746,c85ce030-ec80-40cb-9a90-83fdb92a86f2,post,dcf77bc4-09b7-4a8d-b9f1-71021c042f50,A,4.0,False
A-6747,e64d5705-6f36-4489-95a9-00fab0f2d35d,comment,dcf77bc4-09b7-4a8d-b9f1-71021c042f50,A,4.0,False
A-6748,99e0eaf4-8a13-4aa9-87ce-bf6d04d59ace,post,dd06203c-874a-43a0-9121-4f5ddd62b29c,A,1.0,False
A-6749,1da3e437-2050-4686-9aeb-158fe97b15fd,post,dd228374-3a1e-4876-92b3-1b2a352b2b1c,A,1.0,False
A-6750,1932918f-5b20-4df5-b66a-293b515bc377,post,dd2cb7cf-15c5-4899-afc9-c4591e16e99c,A,1.0,False
A-6751,2a8ce595-60af-4fae-9df3-46cfb6c86b96,post,dd5c4822-331b-42bf-9049-bd49e59bb4d5,A,3.0,False
A-6752,387735fb-b864-4274-91ac-4ec0a49abb78,post,dd5c4822-331b-42bf-9049-bd49e59bb4d5,A,3.0,False
A-6753,c938384c-9fd7-4e32-917a-f7c5e71b3f4d,comment,dd5c4822-331b-42bf-9049-bd49e59bb4d5,A,3.0,False
A-6754,39d2ae6a-f88e-448b-afb5-660a7c9e319c,post,dd6dd575-3ebf-4462-9a3c-3ea969937fbc,A,3.0,False
A-6755,c18ef84f-a333-4333-8633-b555f24dd891,post,dd6dd575-3ebf-4462-9a3c-3ea969937fbc,A,3.0,False
A-6756,c75f0f63-d6ca-4abd-9778-62f0db2ea6a3,post,dd6dd575-3ebf-4462-9a3c-3ea969937fbc,A,3.0,False
A-6757,91d2f25f-eccc-41ee-9cff-e2ce396c4b43,post,dd9a8fa9-000e-49bb-97ae-6bcbac919a6a,A,1.0,False
A-6758,d8ff026d-7919-4180-aa24-91f7b5d190e4,post,dde454e5-5a0c-4179-a8c1-acf1a43e6a93,A,1.0,False
A-6759,ff280b98-06ea-4b01-ac78-ae29bd7b75c8,post,dde9288e-ddb3-4811-a0fa-93e577d08441,A,1.0,False
A-6760,2e1f8dba-ec1f-4ba6-afec-db9411492853,post,ddf91a53-008b-438e-ac54-8fcca0b1818c,A,1.0,False
A-6761,10438979-bff5-4d44-bffa-cea15b9c3c90,post,de0257b3-012e-4ad4-a632-e8c7434952c0,A,6.0,False
A-6762,1a719a74-3274-4a63-a374-5762efc11401,comment,de0257b3-012e-4ad4-a632-e8c7434952c0,A,6.0,False
A-6763,4b36f6bf-543d-476b-a404-e78ef36c6e4d,post,de0257b3-012e-4ad4-a632-e8c7434952c0,A,6.0,False
A-6764,52875cba-d58d-4849-bdb8-d36c138e255a,post,de0257b3-012e-4ad4-a632-e8c7434952c0,A,6.0,False
A-6765,5a64bbc4-c850-42fa-a956-763348da9460,comment,de0257b3-012e-4ad4-a632-e8c7434952c0,A,6.0,False
A-6766,def5f34c-44a6-440b-957f-56a8cb2aef46,post,de0257b3-012e-4ad4-a632-e8c7434952c0,A,6.0,False
A-6767,03072012-8b9a-410e-bb45-5837824584bb,post,de0b839c-5328-4c6a-ad6b-d56e7f5f817e,A,1.0,False
A-6768,e791b1f2-2309-406d-baae-5309d194be8a,comment,de36cab0-656e-459f-b41d-b4e840f0d4d9,A,1.0,False
A-6769,55a54959-b123-424e-a100-9e7c4d424220,post,de414fd0-76a9-4fe2-8847-dff3ef8e5819,A,2.0,False
A-6770,5d962400-09a5-4967-8bb0-ebcccdebb98f,comment,de414fd0-76a9-4fe2-8847-dff3ef8e5819,A,2.0,False
A-6771,b1e43622-fc66-4dbf-8cf6-4b318b78b5d7,post,de46f538-e3ea-4483-b1ba-77aaca765b3e,A,3.0,False
A-6772,b50e19c7-3d76-4cf7-aac9-1054015f51b4,post,de46f538-e3ea-4483-b1ba-77aaca765b3e,A,3.0,False
A-6773,fdcefdd0-1328-4b41-abf3-c45a19671c22,post,de46f538-e3ea-4483-b1ba-77aaca765b3e,A,3.0,False
A-6774,968ddc7f-ea87-46c7-b92b-294be02fe9c4,post,de4721c6-7d42-419d-ba7f-6fa39624d910,A,1.0,False
A-6775,5fb88b7f-5677-4263-aea4-be156ff727fb,comment,de551488-2a37-47dc-b26d-ffd2c89c97b7,A,1.0,False
A-6776,053e5c4d-6187-4453-b0d3-817359d31e64,post,de6c5e07-69f7-448b-9ad6-aa336cbdcbf8,A,2.0,False
A-6777,d4a33744-b40a-4bae-a65d-e596ba70c545,post,de6c5e07-69f7-448b-9ad6-aa336cbdcbf8,A,2.0,False
A-6778,517a6d1a-69cd-4257-a468-e45e880be969,post,de7d42b9-8430-4f94-b754-9169126d5612,A,3.0,False
A-6779,b424bacb-f326-4f2c-b669-4ee75be9066e,post,de7d42b9-8430-4f94-b754-9169126d5612,A,3.0,False
A-6780,d7caa326-19f5-4262-8a63-66ca49567672,post,de7d42b9-8430-4f94-b754-9169126d5612,A,3.0,False
A-6781,bb7897dc-fd0f-46e1-a73e-a7c8ccad56e5,post,de921d59-1d92-48fe-af84-b6d4850dda1d,A,1.0,False
A-6782,9e671e9d-9ba1-4425-a2ba-863ca3cd26da,comment,debb4dcf-fbad-400a-b88d-4fad62cb8bc3,A,3.0,False
A-6783,b5fb5c75-e586-4878-9ca9-499bd1437ade,comment,debb4dcf-fbad-400a-b88d-4fad62cb8bc3,A,3.0,False
A-6784,e70bf181-9fd9-450a-b09f-d6f8680c0bc9,comment,debb4dcf-fbad-400a-b88d-4fad62cb8bc3,A,3.0,False
A-6785,726cdcd6-0d0d-44da-ba8c-ddf94acc7b8c,comment,dee2f428-05d3-42c5-b46c-c0d42c265523,A,27.0,False
A-6786,00f19067-4d3e-449e-8c03-89715909be62,comment,dee2f428-05d3-42c5-b46c-c0d42c265523,A,27.0,False
A-6787,234a0d4c-500d-42f6-83a6-fa9f4596a31e,post,dee2f428-05d3-42c5-b46c-c0d42c265523,A,27.0,False
A-6788,9fac08de-c9a5-472c-8ff7-2cd66780ae39,comment,dee2f428-05d3-42c5-b46c-c0d42c265523,A,27.0,False
A-6789,fa44f137-26ef-48fd-812e-4d0961ff27b2,comment,dee2f428-05d3-42c5-b46c-c0d42c265523,A,27.0,False
A-6790,f257c482-e098-449d-b535-415d37ff259b,comment,dee2f428-05d3-42c5-b46c-c0d42c265523,A,27.0,False
A-6791,1db5161d-1502-48d9-9b4b-9c3e994da35e,post,dee2f428-05d3-42c5-b46c-c0d42c265523,A,27.0,False
A-6792,3fc96108-5209-419d-9b19-3354f7fc6da5,post,dee2f428-05d3-42c5-b46c-c0d42c265523,A,27.0,False
A-6793,0613e92d-1267-41c1-9f79-bca91a851822,comment,dee2f428-05d3-42c5-b46c-c0d42c265523,A,27.0,False
A-6794,5b7100c5-1a94-4e92-94c1-b5b47e6499ba,comment,dee2f428-05d3-42c5-b46c-c0d42c265523,A,27.0,False
A-6795,af8b40a7-fa06-4024-995d-8132548bdf2f,comment,dee2f428-05d3-42c5-b46c-c0d42c265523,A,27.0,False
A-6796,8ead6af1-8b72-4d08-a317-4763354a7fe8,comment,dee2f428-05d3-42c5-b46c-c0d42c265523,A,27.0,False
A-6797,fd8b07e9-845e-4863-aeba-d45931bcbcf6,comment,dee2f428-05d3-42c5-b46c-c0d42c265523,A,27.0,False
A-6798,6889c123-d1ee-4f18-9f9e-00e38248f78b,comment,dee2f428-05d3-42c5-b46c-c0d42c265523,A,27.0,False
A-6799,51f80ff0-9706-4786-bb21-6e05ce5b16e2,post,dee2f428-05d3-42c5-b46c-c0d42c265523,A,27.0,False
A-6800,2f570d9b-7ac0-47e7-93d3-19bc23272803,post,defdabd6-9f47-41f3-b4ce-7e1d39d5555c,A,4.0,False
A-6801,833a973e-5adc-4c40-a561-116db53d0ff3,post,defdabd6-9f47-41f3-b4ce-7e1d39d5555c,A,4.0,False
A-6802,9c20c726-2e3f-4574-91a2-7b1c6897ab6e,post,defdabd6-9f47-41f3-b4ce-7e1d39d5555c,A,4.0,False
A-6803,d43c7fde-ce3c-4c0a-9203-af8e015a3ca2,post,defdabd6-9f47-41f3-b4ce-7e1d39d5555c,A,4.0,False
A-6804,06b6d408-6c51-4b8c-8943-a5dea6e13349,post,defee81d-2731-4bd3-96d2-3316367be34a,A,1.0,False
A-6805,b09e58ae-5d74-4eba-91f6-540fdfde1f01,post,df05020c-ea57-4fd1-8fb4-101a3cf87115,A,2.0,False
A-6806,d56976fe-29b4-4c45-b7df-867d7d38a0dd,post,df05020c-ea57-4fd1-8fb4-101a3cf87115,A,2.0,False
A-6807,80386fbb-a1b3-4b9d-9c89-12efec9f8625,post,df1fe70f-2446-4485-8a2b-c73f20cab0d9,A,1.0,False
A-6808,19d25c5b-1aca-409c-b486-d82b52863dd9,comment,df340dfa-ac0c-415a-aec6-3e76b5eb9294,A,8.0,False
A-6809,39e80579-7d82-4c9b-b784-d679e3b9c9e2,comment,df340dfa-ac0c-415a-aec6-3e76b5eb9294,A,8.0,False
A-6810,4bad1d32-75ab-4a3c-a877-f1b61bbc8340,comment,df340dfa-ac0c-415a-aec6-3e76b5eb9294,A,8.0,False
A-6811,5ef013b1-a735-4c88-96f6-fcf950fa5aa4,post,df340dfa-ac0c-415a-aec6-3e76b5eb9294,A,8.0,False
A-6812,7dca508c-f7bc-4c84-bd73-ae14fb44f182,comment,df340dfa-ac0c-415a-aec6-3e76b5eb9294,A,8.0,False
A-6813,93112ff6-1759-47d1-957b-ba92edd45c84,comment,df340dfa-ac0c-415a-aec6-3e76b5eb9294,A,8.0,False
A-6814,c73eae4e-8077-4ed9-b27e-fe9d2f988c6a,comment,df340dfa-ac0c-415a-aec6-3e76b5eb9294,A,8.0,False
A-6815,edda92a6-1c9d-4170-abd3-bea6913500ec,comment,df340dfa-ac0c-415a-aec6-3e76b5eb9294,A,8.0,False
A-6816,1bcb42fa-7d91-4093-8eb9-05c0faa94768,post,df401dc6-f24d-47c0-a781-f90759df45a1,A,2.0,False
A-6817,3ad89706-461a-47ac-806c-1abadfb7c87f,post,df401dc6-f24d-47c0-a781-f90759df45a1,A,2.0,False
A-6818,2a406dc4-2709-4415-b95e-1bdc2eea5993,comment,df6dd1bb-dfd1-4ee2-a6fb-cf42f60916d3,A,9.0,False
A-6819,31e000df-210b-4827-81ae-d72623ed32eb,comment,df6dd1bb-dfd1-4ee2-a6fb-cf42f60916d3,A,9.0,False
A-6820,32604c6e-9a0a-4a5a-ba53-f8fd1665a65d,comment,df6dd1bb-dfd1-4ee2-a6fb-cf42f60916d3,A,9.0,False
A-6821,601854c0-3adb-402b-9ee0-16bcef645d5f,comment,df6dd1bb-dfd1-4ee2-a6fb-cf42f60916d3,A,9.0,False
A-6822,9e787d06-ab6b-44b5-b952-17aacc6c7fbd,comment,df6dd1bb-dfd1-4ee2-a6fb-cf42f60916d3,A,9.0,False
A-6823,d5b89a6f-250c-4556-b472-85a5dccfa7be,post,df6dd1bb-dfd1-4ee2-a6fb-cf42f60916d3,A,9.0,False
A-6824,e315f21d-8689-4604-85e7-407ffa7a3f7a,post,df6dd1bb-dfd1-4ee2-a6fb-cf42f60916d3,A,9.0,False
A-6825,f621948c-a90c-40ed-84ac-80de650bf885,comment,df6dd1bb-dfd1-4ee2-a6fb-cf42f60916d3,A,9.0,False
A-6826,fbbd71af-b780-41ce-a914-6ac70da1b1e4,comment,df6dd1bb-dfd1-4ee2-a6fb-cf42f60916d3,A,9.0,False
A-6827,208d5301-4d50-46f6-a351-ea4794dc4d60,comment,df6e3745-17e7-4fef-a90a-bbcfdfbe9fed,A,2.0,False
A-6828,e2310aca-b884-4617-86c0-8de2666b33cf,post,df6e3745-17e7-4fef-a90a-bbcfdfbe9fed,A,2.0,False
A-6829,0ae37128-4eb7-4f9f-a83c-8d49be3ce21a,post,df7658cd-a9d3-44c1-842a-eb73d0aee58f,A,6.0,False
A-6830,2a761534-2110-4d6c-bf45-64f6c3e537c1,comment,df7658cd-a9d3-44c1-842a-eb73d0aee58f,A,6.0,False
A-6831,75c6c7e0-6c01-4800-b04b-1f874547dd58,post,df7658cd-a9d3-44c1-842a-eb73d0aee58f,A,6.0,False
A-6832,94436f10-70e8-478f-a069-409ef5163c77,post,df7658cd-a9d3-44c1-842a-eb73d0aee58f,A,6.0,False
A-6833,dbe209be-9fba-4475-95a3-72045150691b,post,df7658cd-a9d3-44c1-842a-eb73d0aee58f,A,6.0,False
A-6834,e9136221-49a4-4b8c-9ec1-976c0f299cf1,post,df7658cd-a9d3-44c1-842a-eb73d0aee58f,A,6.0,False
A-6835,c4a36587-465d-47d1-b70a-04dca3a30da6,post,df805474-6dde-4462-b646-a06a7da91c91,A,1.0,False
A-6836,63ecd262-208b-4537-bbab-43aa2bc9b360,post,df8bdf9d-b40b-45b2-9381-f9b52fbe5cfc,A,1.0,False
A-6837,dd4abf75-a9cf-4e97-b737-349649a28606,comment,dfba7d33-00a9-4513-9d51-9e27bb903a27,A,2.0,False
A-6838,fd95d8bd-c8bd-4800-a2a7-bb68be34866d,comment,dfba7d33-00a9-4513-9d51-9e27bb903a27,A,2.0,False
A-6839,51a903a2-2813-4f23-a15b-95395fd21e96,post,dfd744f0-6aad-4a23-9c01-eef963d4f42a,A,2.0,False
A-6840,a08e48d1-1e69-409b-999a-97887b2d1126,comment,dfd744f0-6aad-4a23-9c01-eef963d4f42a,A,2.0,False
A-6841,27f7614d-4702-4c1a-933c-242968dcbea9,post,e004483e-1f28-4c01-9bf8-83b4e9f4d047,A,3.0,False
A-6842,89a980e3-cd2d-4b08-8545-faa32d7236bc,post,e004483e-1f28-4c01-9bf8-83b4e9f4d047,A,3.0,False
A-6843,f6180355-7c46-491d-b8d7-b1d75ca00549,post,e004483e-1f28-4c01-9bf8-83b4e9f4d047,A,3.0,False
A-6844,20a45b66-4c32-44ba-9101-8019fad6f105,post,e0187504-a2d6-4e50-af91-88f4cef0e14a,A,1.0,False
A-6845,5f037cca-b3f9-4aa1-aa0e-f60a0da32b8d,post,e01b5a4d-9ee3-45ee-9265-c3f1a00dd745,A,3.0,False
A-6846,9f3e428e-9976-483e-b00e-9ccd307dd8ce,post,e01b5a4d-9ee3-45ee-9265-c3f1a00dd745,A,3.0,False
A-6847,a9af11c1-6546-4816-b98a-0e7d1b001e88,post,e01b5a4d-9ee3-45ee-9265-c3f1a00dd745,A,3.0,False
A-6848,7ec693b9-912a-493e-a716-f0ce88b67eba,comment,e0242ce5-6b4c-45ab-8274-27401d873ed6,A,2.0,False
A-6849,bfea215c-34d0-46c5-8c1f-a3d80342cd4c,post,e0242ce5-6b4c-45ab-8274-27401d873ed6,A,2.0,False
A-6850,55ae3668-3704-4625-af9a-99e71ed800ee,post,e04dac79-3f05-46a4-b7b5-877b806cfe3c,A,1.0,False
A-6851,7108560c-5e2f-4b7f-b33d-b9f1b55307a2,post,e054d08b-8beb-49a8-b523-65419fc6aee2,A,54.0,False
A-6852,9296cb50-5923-4792-9ab3-5fc9e52f0e3a,post,e054d08b-8beb-49a8-b523-65419fc6aee2,A,54.0,False
A-6853,6f4acc95-91ea-43a9-8af2-012f0b01fdef,post,e054d08b-8beb-49a8-b523-65419fc6aee2,A,54.0,False
A-6854,cdac9601-5c0f-4f7e-bfac-54fc2c4bedd8,post,e054d08b-8beb-49a8-b523-65419fc6aee2,A,54.0,False
A-6855,21314b39-c741-42c8-8e68-8f8759e90117,post,e054d08b-8beb-49a8-b523-65419fc6aee2,A,54.0,False
A-6856,5c51048c-1bdd-43f8-b2d0-fce1e3b153e1,post,e054d08b-8beb-49a8-b523-65419fc6aee2,A,54.0,False
A-6857,056fab5d-0b6b-48c4-837e-93dc57359c48,post,e054d08b-8beb-49a8-b523-65419fc6aee2,A,54.0,False
A-6858,1f48d92a-5fbc-4a68-908d-ebe99cc13a7b,comment,e054d08b-8beb-49a8-b523-65419fc6aee2,A,54.0,False
A-6859,e38ec9c1-a433-40b5-a605-75b763e29406,post,e054d08b-8beb-49a8-b523-65419fc6aee2,A,54.0,False
A-6860,f696d4eb-7487-4de2-b1c7-530b9ba3c39e,post,e054d08b-8beb-49a8-b523-65419fc6aee2,A,54.0,False
A-6861,2eb35f6b-c632-4dfc-9956-7155aeb83a94,comment,e054d08b-8beb-49a8-b523-65419fc6aee2,A,54.0,False
A-6862,6c80186e-8f20-455f-813e-abac33549f70,comment,e054d08b-8beb-49a8-b523-65419fc6aee2,A,54.0,False
A-6863,b9b214d2-59cf-4868-854b-dbd9d23f2c67,comment,e054d08b-8beb-49a8-b523-65419fc6aee2,A,54.0,False
A-6864,4922be37-3446-455a-b517-52f258709ae9,post,e054d08b-8beb-49a8-b523-65419fc6aee2,A,54.0,False
A-6865,edbb90b6-6fdf-4f93-8531-cbf33f9793ad,post,e054d08b-8beb-49a8-b523-65419fc6aee2,A,54.0,False
A-6866,09a23d91-f54b-4b3d-8c00-e292f67294b4,post,e05af989-9083-4aa6-8d36-6523448b28ee,A,1.0,False
A-6867,8470b712-baef-4017-9ddf-d3f42c04d6ad,post,e05d7655-819e-4ec2-be1c-1be47d7ae6a7,A,2.0,False
A-6868,9e4c07df-12cf-4e97-9888-140ba14f6817,post,e05d7655-819e-4ec2-be1c-1be47d7ae6a7,A,2.0,False
A-6869,55bdf579-5911-45ba-8c68-577babac2211,post,e08a2d16-aab5-493a-94b5-daafd77669d4,A,4.0,False
A-6870,a14862bb-d4b0-4bb9-92d2-9da003dd702c,post,e08a2d16-aab5-493a-94b5-daafd77669d4,A,4.0,False
A-6871,aec1deae-f8b2-48e9-8d3e-9843376e188f,post,e08a2d16-aab5-493a-94b5-daafd77669d4,A,4.0,False
A-6872,d121f0a2-d7dd-46ec-a4d8-08e93a571862,post,e08a2d16-aab5-493a-94b5-daafd77669d4,A,4.0,False
A-6873,7bc1ccc1-f738-4883-9bfa-aaf208f1e08e,post,e092d323-76f2-4581-aebb-3d838054e773,A,1.0,False
A-6874,d2f651ae-896c-4e00-bd04-97516ad87d8f,comment,e0b84135-40f2-4d98-b13b-fb298cbbaafd,A,1.0,False
A-6875,2c2b3c58-75eb-4e45-bcaf-c99f7932539b,comment,e0e30f79-3836-4d31-93cf-7c54982ecc61,A,1.0,False
A-6876,34432761-9430-40ce-b205-b88b52ed0b5e,post,e0f08f4d-3a97-47c7-af2d-89af04c287c6,A,2.0,False
A-6877,acf973c7-6374-4e13-9171-cd19aba2df67,post,e0f08f4d-3a97-47c7-af2d-89af04c287c6,A,2.0,False
A-6878,0fc85279-65a7-414c-8dec-e34eb572bdd0,comment,e106e5a3-4847-4c08-82d4-c45531350ed9,A,10.0,False
A-6879,32c98ac8-9946-48e9-8f0f-f48f94d9d857,comment,e106e5a3-4847-4c08-82d4-c45531350ed9,A,10.0,False
A-6880,545bd909-8c45-4887-a3da-62058120961c,comment,e106e5a3-4847-4c08-82d4-c45531350ed9,A,10.0,False
A-6881,580951d6-ef0a-4cbd-9966-a1d3d6a0aafc,comment,e106e5a3-4847-4c08-82d4-c45531350ed9,A,10.0,False
A-6882,644d2f5e-66e5-4034-84d8-37f24ed110df,comment,e106e5a3-4847-4c08-82d4-c45531350ed9,A,10.0,False
A-6883,7014a231-868e-4a0b-9b58-1f8cae211b2f,post,e106e5a3-4847-4c08-82d4-c45531350ed9,A,10.0,False
A-6884,95c2d669-bdc5-4c6b-9a1c-f4259f66a82e,post,e106e5a3-4847-4c08-82d4-c45531350ed9,A,10.0,False
A-6885,b538856b-b166-43dc-bf0b-244f3d322633,comment,e106e5a3-4847-4c08-82d4-c45531350ed9,A,10.0,False
A-6886,ed29a923-0bc3-489b-ad90-37a49a6e3672,comment,e106e5a3-4847-4c08-82d4-c45531350ed9,A,10.0,False
A-6887,ffde66d9-0e58-4d53-86f5-a2aa66a8633c,comment,e106e5a3-4847-4c08-82d4-c45531350ed9,A,10.0,False
A-6888,4801347b-9377-4c4a-ac45-6dce9a34ccec,comment,e10c59ea-60e7-4ae0-a288-bd31e2a5185c,A,4.0,False
A-6889,63ae4ec0-3556-4010-8711-0e149ae9e28b,comment,e10c59ea-60e7-4ae0-a288-bd31e2a5185c,A,4.0,False
A-6890,7655aed4-5e8c-444a-9592-63598771a9e7,comment,e10c59ea-60e7-4ae0-a288-bd31e2a5185c,A,4.0,False
A-6891,a6f35ed2-88b1-4871-bc53-05773820b0cc,comment,e10c59ea-60e7-4ae0-a288-bd31e2a5185c,A,4.0,False
A-6892,5259f043-6c1b-4e06-80ad-afa202e536fa,comment,e12f789d-bf76-4f3d-a01a-a533603ba241,A,2.0,False
A-6893,c9aa3ca4-4d25-412f-8d96-4761c3e0032b,post,e12f789d-bf76-4f3d-a01a-a533603ba241,A,2.0,False
A-6894,3775fb22-5435-4413-973e-00b5986039a0,post,e13040d2-6723-46ec-984f-b0b4287af261,A,1.0,False
A-6895,48158e5c-45be-4d03-8f3d-1f011ee58e8e,post,e1670759-eb1d-4aec-b69e-58dbc84f8b8b,A,1.0,False
A-6896,1b293d0d-629b-4de4-bd63-692a1e622fa6,comment,e1940318-a42b-4083-9899-f02f969970f4,A,1.0,False
A-6897,199d615c-5a77-4763-9ea4-4565e0518aa1,post,e1a2fd24-f1d7-4748-842f-ccdb140d4d3a,A,1.0,False
A-6898,402dd1eb-e205-430a-9639-729c3fd07673,comment,e2083c0f-b0a3-464f-83bf-9a5ade12a6a7,A,1.0,False
A-6899,436cdec5-cf2f-4972-82bc-8f930039d933,post,e2190583-32a7-41dc-be91-a0b1b52fb5bf,A,1.0,False
A-6900,0d9cda05-9ac6-466e-adb9-74cdd44ec742,comment,e22e3184-55da-4659-9ea0-937705c0e25f,A,2.0,False
A-6901,26e78365-ecc6-4398-b888-07edcbb096e6,comment,e22e3184-55da-4659-9ea0-937705c0e25f,A,2.0,False
A-6902,fa00283a-b8b0-4788-8da8-0938c089ac8d,post,e2462100-1331-4d62-9f18-bacb19cb383f,A,1.0,False
A-6903,91b361d6-fff6-49b5-8c25-a631d99bf280,post,e24dbb54-6a5f-4bdd-80c3-712781995d3a,A,1.0,False
A-6904,4c5a1675-9bf4-4ff5-a32e-7e3261ca4889,post,e25e70f9-1e4c-4547-9c2f-161f0c3bb42b,A,4.0,False
A-6905,bc264d4c-7cbb-498e-b6da-7d5642c7e46c,comment,e25e70f9-1e4c-4547-9c2f-161f0c3bb42b,A,4.0,False
A-6906,d380c651-1ebd-479f-9b94-055a4469f894,comment,e25e70f9-1e4c-4547-9c2f-161f0c3bb42b,A,4.0,False
A-6907,dc1748ed-8d2d-439e-82df-a3af7eb2255e,post,e25e70f9-1e4c-4547-9c2f-161f0c3bb42b,A,4.0,False
A-6908,3bc663ae-0636-4100-98b9-c7bca6f45ee2,post,e2a26375-662d-416c-a252-c6decd3bf9b4,A,4.0,False
A-6909,4962e08d-1ad9-412d-8e5a-79b4cab520af,post,e2a26375-662d-416c-a252-c6decd3bf9b4,A,4.0,False
A-6910,a7dd6792-23bd-479f-b92d-fe5dcf1d3b1f,post,e2a26375-662d-416c-a252-c6decd3bf9b4,A,4.0,False
A-6911,b467be48-2dc9-4643-a42e-612bc7c6987d,post,e2a26375-662d-416c-a252-c6decd3bf9b4,A,4.0,False
A-6912,911ab6b5-d71d-418c-8328-68d4ba182ef4,post,e2a8e214-0eff-4868-b7e8-1413f5a6a1bb,A,3.0,False
A-6913,959464df-cfaf-4a00-9b68-0c72f8a353da,post,e2a8e214-0eff-4868-b7e8-1413f5a6a1bb,A,3.0,False
A-6914,ccac4164-b02d-491b-a25a-5d5f49249a54,post,e2a8e214-0eff-4868-b7e8-1413f5a6a1bb,A,3.0,False
A-6915,223131f8-b0eb-4877-8b88-33cfa3c5be2e,post,e2b684dc-77ee-41a7-9e4f-2baba979a415,A,1.0,False
A-6916,084a67ab-e986-4bd7-ae16-6681a493670f,comment,e2bcb259-ed5f-46e4-b24d-7cee63b09db3,A,7.0,False
A-6917,0c7b3caf-d432-4d38-811f-ba24278a578d,comment,e2bcb259-ed5f-46e4-b24d-7cee63b09db3,A,7.0,False
A-6918,6a924437-d372-4b20-bd75-ad4d9a8cfffb,post,e2bcb259-ed5f-46e4-b24d-7cee63b09db3,A,7.0,False
A-6919,6c5caa57-7b6c-4ea6-8938-a8e049f71592,post,e2bcb259-ed5f-46e4-b24d-7cee63b09db3,A,7.0,False
A-6920,9c44bcbc-db45-4922-8a03-3b9a029fe5a9,comment,e2bcb259-ed5f-46e4-b24d-7cee63b09db3,A,7.0,False
A-6921,b49258b9-ac80-40d0-bb2b-38886e3ef908,post,e2bcb259-ed5f-46e4-b24d-7cee63b09db3,A,7.0,False
A-6922,d359d059-19ef-46e8-bbc5-e5602d0fd909,comment,e2bcb259-ed5f-46e4-b24d-7cee63b09db3,A,7.0,False
A-6923,6891d150-8be1-47b8-bb58-86b821517ba0,post,e2bcc171-d733-488a-bd59-c7e7e401db7e,A,1.0,False
A-6924,3c2ca717-6f16-4850-8773-5138daaa9a0f,comment,e2d2a37e-b61b-4ba3-92e6-b03237039b7a,A,4.0,False
A-6925,4d0bc7f8-5114-4c2a-b236-2a3e2e928a5d,comment,e2d2a37e-b61b-4ba3-92e6-b03237039b7a,A,4.0,False
A-6926,d8f08ce1-2e0d-42ac-b75a-590d69e781fd,comment,e2d2a37e-b61b-4ba3-92e6-b03237039b7a,A,4.0,False
A-6927,e028186a-7aaa-4fa1-8504-64d46a8cef40,comment,e2d2a37e-b61b-4ba3-92e6-b03237039b7a,A,4.0,False
A-6928,14477bb5-2df9-4bca-8a13-483d703611a0,comment,e2e24516-f134-46d9-aea8-585c0e0cc78e,A,2.0,False
A-6929,6b0db3f9-b7eb-49ba-baba-547fed947466,comment,e2e24516-f134-46d9-aea8-585c0e0cc78e,A,2.0,False
A-6930,9184b215-9c4f-4992-ba2f-daf8a87139e3,post,e2e2f80c-a3a1-4076-aff7-f708b0ea2eb5,A,2.0,False
A-6931,a5f66073-42f3-4dc6-aa97-a70ddab37d80,comment,e2e2f80c-a3a1-4076-aff7-f708b0ea2eb5,A,2.0,False
A-6932,0007b9f3-cce2-4f60-b599-725ab71d6f4b,post,e2f2db4f-ac15-49e5-9428-59412e5a8f39,A,8.0,False
A-6933,05021fcc-53bd-448d-9035-27bcb0c78de8,comment,e2f2db4f-ac15-49e5-9428-59412e5a8f39,A,8.0,False
A-6934,56f784ef-7591-4097-b4c2-1eb4c0374b77,post,e2f2db4f-ac15-49e5-9428-59412e5a8f39,A,8.0,False
A-6935,5cf00b7f-ef98-4a4a-8876-6d81b5769b69,comment,e2f2db4f-ac15-49e5-9428-59412e5a8f39,A,8.0,False
A-6936,9bc70aa3-9247-4b2f-b253-54c524b907fe,comment,e2f2db4f-ac15-49e5-9428-59412e5a8f39,A,8.0,False
A-6937,c5b51afb-f818-4723-8924-a853fa977896,comment,e2f2db4f-ac15-49e5-9428-59412e5a8f39,A,8.0,False
A-6938,c97fd9ff-f07e-4e0a-915b-4575de358453,comment,e2f2db4f-ac15-49e5-9428-59412e5a8f39,A,8.0,False
A-6939,e45d266d-6f7d-4896-afe7-edded381fd1d,post,e2f2db4f-ac15-49e5-9428-59412e5a8f39,A,8.0,False
A-6940,05730f17-9de4-4e42-9549-8f5e44e4b1ba,comment,e2f3fcf1-6759-4ade-8e6d-f09746499e81,A,9.0,False
A-6941,3750dab9-de41-4411-92d2-489488b5a4e0,comment,e2f3fcf1-6759-4ade-8e6d-f09746499e81,A,9.0,False
A-6942,46ee448d-b704-4bd3-b92c-956b1842a41c,comment,e2f3fcf1-6759-4ade-8e6d-f09746499e81,A,9.0,False
A-6943,627ea9fc-259a-4594-aafa-61eb9a813c89,comment,e2f3fcf1-6759-4ade-8e6d-f09746499e81,A,9.0,False
A-6944,6af8f119-10e1-464a-a646-14af083d6729,comment,e2f3fcf1-6759-4ade-8e6d-f09746499e81,A,9.0,False
A-6945,90bc6649-7f31-401b-8dc9-d4a7d9ad2e16,comment,e2f3fcf1-6759-4ade-8e6d-f09746499e81,A,9.0,False
A-6946,b274b1ee-8550-4622-8f27-224b0a5158cb,comment,e2f3fcf1-6759-4ade-8e6d-f09746499e81,A,9.0,False
A-6947,dc401457-e8b4-4301-a754-005ddf245850,post,e2f3fcf1-6759-4ade-8e6d-f09746499e81,A,9.0,False
A-6948,e8290f49-007a-4790-867f-e515deaf602e,comment,e2f3fcf1-6759-4ade-8e6d-f09746499e81,A,9.0,False
A-6949,009841cb-c948-49f0-a6eb-0e9ca081e5f8,comment,e2f62248-f447-4cf8-b085-8cc76401269c,A,14.0,False
A-6950,0fe2688b-ed92-42c0-8a8a-5ce4a486c1ae,comment,e2f62248-f447-4cf8-b085-8cc76401269c,A,14.0,False
A-6951,26acd04c-6435-462d-a4c0-9a08aa476db1,comment,e2f62248-f447-4cf8-b085-8cc76401269c,A,14.0,False
A-6952,293643b0-31d5-474d-915d-0bf45132cadd,comment,e2f62248-f447-4cf8-b085-8cc76401269c,A,14.0,False
A-6953,35e6b4af-92bf-4ed6-bb43-9448c4e39e95,comment,e2f62248-f447-4cf8-b085-8cc76401269c,A,14.0,False
A-6954,39038cd1-6534-446b-98d2-edfbe3b63e61,comment,e2f62248-f447-4cf8-b085-8cc76401269c,A,14.0,False
A-6955,5675c994-e89e-4ad8-8ccf-eed44049695b,comment,e2f62248-f447-4cf8-b085-8cc76401269c,A,14.0,False
A-6956,6e5be20c-06bc-4a6a-b1cc-c2155e0794b8,comment,e2f62248-f447-4cf8-b085-8cc76401269c,A,14.0,False
A-6957,799f9a0c-98b3-4f9e-b0f7-246f00b70346,comment,e2f62248-f447-4cf8-b085-8cc76401269c,A,14.0,False
A-6958,80d5ef4e-7e45-4e00-a45c-874cb7c03ac5,comment,e2f62248-f447-4cf8-b085-8cc76401269c,A,14.0,False
A-6959,9769741c-7004-46c2-9499-fa0e31807e59,comment,e2f62248-f447-4cf8-b085-8cc76401269c,A,14.0,False
A-6960,987a1967-384d-4fbe-b944-98d86580e798,post,e2f62248-f447-4cf8-b085-8cc76401269c,A,14.0,False
A-6961,a0787578-ee28-4777-b7a3-7ad3bdb94e50,comment,e2f62248-f447-4cf8-b085-8cc76401269c,A,14.0,False
A-6962,e796555f-4988-4b91-ba74-7cf310bdae43,comment,e2f62248-f447-4cf8-b085-8cc76401269c,A,14.0,False
A-6963,e301609e-a5d7-410a-948f-733e23421487,post,e2feefc6-360c-4f57-ad01-839dfcc80e04,A,2.0,False
A-6964,e3a26d2c-a69a-4ba5-9d4d-2300f737495f,post,e2feefc6-360c-4f57-ad01-839dfcc80e04,A,2.0,False
A-6965,f9208a7d-6d28-466a-8536-d4e3c88c5eb8,post,e3010df0-8b9b-43f9-b10e-42066a0c4b01,A,1.0,False
A-6966,155e03b0-e559-49d3-9cb8-d4d6fafeaa7f,post,e30163f5-dc5d-4d81-ad38-bc57c00b8c59,A,1.0,False
A-6967,503ddc35-1887-4418-950b-d100950f7127,post,e30b2c76-dc21-4507-bb03-320fe6cc4ccc,A,1.0,False
A-6968,2bdbb733-4de3-413c-9bd6-45e79db00e7d,comment,e3130c32-6716-42ea-b036-1fef5550ef17,A,1.0,False
A-6969,5e15288c-1111-4782-a32b-bbbf2dc5a2ca,post,e32b2a94-6953-4d74-a7dd-010a7ec09107,A,1.0,False
A-6970,fb393d18-56ec-4875-b3d7-f80c90f49eff,post,e34befc1-5730-4e4f-9f1b-4e50bca984d8,A,1.0,False
A-6971,185c5539-9375-4f7a-8b5f-94db2dd7a759,comment,e3818a15-374a-4dca-8113-9f1363b23cd7,A,3.0,False
A-6972,32bd929c-776b-4ad8-849d-3303f55ed9bb,post,e3818a15-374a-4dca-8113-9f1363b23cd7,A,3.0,False
A-6973,584384ab-02eb-4c58-93bb-08fb968ee96b,comment,e3818a15-374a-4dca-8113-9f1363b23cd7,A,3.0,False
A-6974,63453ec0-79b8-4882-845d-b5b62ac57063,post,e395dd4d-a206-49af-b355-c16cef0002b5,A,1.0,False
A-6975,68e0359a-bf6a-4574-b257-b4a6bcb1c172,post,e3bdb418-baa3-4c4b-843e-fa3d450dde8a,A,3.0,False
A-6976,e070f797-4745-4ec7-9e8a-bf2b026f9ab5,post,e3bdb418-baa3-4c4b-843e-fa3d450dde8a,A,3.0,False
A-6977,fd7990d0-f99d-46ca-a0f0-40a93c088339,post,e3bdb418-baa3-4c4b-843e-fa3d450dde8a,A,3.0,False
A-6978,1eae6fe3-84df-4268-97cd-f31dc733a550,post,e3fa08f6-e3ea-458e-a86f-12f56f566452,A,1.0,False
A-6979,220b584b-6a89-4da2-8723-386b7076c979,comment,e4418fb5-0788-4738-9e66-f62dee342668,A,12.0,False
A-6980,41b56f36-82ad-4233-8674-9c07cb43f357,comment,e4418fb5-0788-4738-9e66-f62dee342668,A,12.0,False
A-6981,454cfc0a-3ba9-4b7c-8ceb-e891ae1a0042,post,e4418fb5-0788-4738-9e66-f62dee342668,A,12.0,False
A-6982,489fb3e1-69b9-4404-8c7c-bb9156e794fe,comment,e4418fb5-0788-4738-9e66-f62dee342668,A,12.0,False
A-6983,76eb3f23-625b-4544-a778-9b999652a241,post,e4418fb5-0788-4738-9e66-f62dee342668,A,12.0,False
A-6984,aeae3e3f-dbc2-4d2b-ad3d-268dac7de0e0,post,e4418fb5-0788-4738-9e66-f62dee342668,A,12.0,False
A-6985,b88ac9dd-aa6d-480b-84a9-a81e70d6f8b4,comment,e4418fb5-0788-4738-9e66-f62dee342668,A,12.0,False
A-6986,d013bca3-cd15-4c76-8b01-5dabe3413346,post,e4418fb5-0788-4738-9e66-f62dee342668,A,12.0,False
A-6987,d366fb1e-78c2-4d72-a60e-ebd94858a5f9,post,e4418fb5-0788-4738-9e66-f62dee342668,A,12.0,False
A-6988,f32dd41e-a727-4c4c-8d2d-f6c4439ac5f6,comment,e4418fb5-0788-4738-9e66-f62dee342668,A,12.0,False
A-6989,f476d74a-8f9e-4117-9c43-bf1b62ac419d,comment,e4418fb5-0788-4738-9e66-f62dee342668,A,12.0,False
A-6990,f518bfd3-3aea-41bf-915e-ad7ade8a2cd8,post,e4418fb5-0788-4738-9e66-f62dee342668,A,12.0,False
A-6991,c6ada0a4-ef44-44aa-b475-d21ca0576c58,comment,e4459363-88d8-446b-9714-8ac465433d57,A,1.0,False
A-6992,37367112-3043-4e14-9373-2d25bc417198,post,e45a2a91-1d4e-45d4-99b4-185ca731f71c,A,1.0,False
A-6993,0a833a58-381f-48d2-a34a-199f656e67f4,comment,e4658f2b-b99c-41cc-9fe5-451da63d4bef,A,5.0,False
A-6994,24103082-69f6-4015-bd31-d384f8692ea2,comment,e4658f2b-b99c-41cc-9fe5-451da63d4bef,A,5.0,False
A-6995,9e1a2058-11fa-4d3a-8c34-7b1903c58b82,post,e4658f2b-b99c-41cc-9fe5-451da63d4bef,A,5.0,False
A-6996,b5d8fbe6-d66b-4015-af4b-a6ad834ca4d6,post,e4658f2b-b99c-41cc-9fe5-451da63d4bef,A,5.0,False
A-6997,c92650e3-5bb0-40e7-8679-7aeb51394ce6,post,e4658f2b-b99c-41cc-9fe5-451da63d4bef,A,5.0,False
A-6998,0dc0088f-85b4-4c31-b7a4-7d6b15c5530a,post,e4823152-571d-49bc-a23e-5377d486c06d,A,4.0,False
A-6999,41aec06d-94ee-44d0-b3eb-ca2d8fcb2981,post,e4823152-571d-49bc-a23e-5377d486c06d,A,4.0,False
A-7000,9ba562c2-8629-4161-b478-70a715ea07cb,post,e4823152-571d-49bc-a23e-5377d486c06d,A,4.0,False
A-7001,9e662df4-e114-4688-97af-0662aff4bfcc,comment,e4823152-571d-49bc-a23e-5377d486c06d,A,4.0,False
A-7002,31ec1ce9-607c-4953-9d3d-6f445916b389,comment,e49445e7-961a-42f5-be4a-b85358756548,A,1.0,False
A-7003,3d8f18ac-bb45-421e-932c-3e5a1a6ebc57,post,e4a082ef-62ea-4918-adf4-8e942d3aa592,A,1.0,False
A-7004,1276e9b5-989a-4ac6-bce9-bf3811d90461,comment,e4a4b117-1017-45fc-9ed0-6ee775b1aa8c,A,2.0,False
A-7005,2173c390-e7dc-4a0a-89a9-a698817cfde9,post,e4a4b117-1017-45fc-9ed0-6ee775b1aa8c,A,2.0,False
A-7006,4c956c55-51b9-4861-8ecd-885c6e7745fe,post,e4ad25cb-f1e2-4195-a31b-5a68a13ae144,A,1.0,False
A-7007,69d99d02-e0e7-41fd-a2fb-b8cd922e9fa7,post,e4c57a58-33e5-40b3-8753-dec4306f0dca,A,1.0,False
A-7008,1e91b256-e8e8-4dc6-a040-d1d78c52bcda,post,e4e80530-19c0-427b-a240-be597ecdeb72,A,3.0,False
A-7009,67b41037-5361-4462-87c6-e6c43b079ccb,post,e4e80530-19c0-427b-a240-be597ecdeb72,A,3.0,False
A-7010,863054d0-9063-4ecb-957e-fabfe51cd21a,post,e4e80530-19c0-427b-a240-be597ecdeb72,A,3.0,False
A-7011,46d4f0b4-d644-4b22-b539-1a12c9dd74cd,post,e4e978d7-d3df-4552-b78c-2d4bcfb8022a,A,8.0,False
A-7012,4e68caa4-d090-4c87-8d06-62d25a334c31,post,e4e978d7-d3df-4552-b78c-2d4bcfb8022a,A,8.0,False
A-7013,8f235420-777a-4ee0-a59f-eed69da6e50e,post,e4e978d7-d3df-4552-b78c-2d4bcfb8022a,A,8.0,False
A-7014,a0007f70-3dae-4753-938b-94d12686bc08,post,e4e978d7-d3df-4552-b78c-2d4bcfb8022a,A,8.0,False
A-7015,b2e5590c-dbca-4e14-8201-14ce6141a8b1,post,e4e978d7-d3df-4552-b78c-2d4bcfb8022a,A,8.0,False
A-7016,b54a4cf9-5335-40e0-9c8d-a2cb23221752,post,e4e978d7-d3df-4552-b78c-2d4bcfb8022a,A,8.0,False
A-7017,b8d4a680-530f-48bf-b9d7-4dd6559d87d3,post,e4e978d7-d3df-4552-b78c-2d4bcfb8022a,A,8.0,False
A-7018,dc8d43aa-7ceb-4a99-bfc8-1240f59ad1f0,post,e4e978d7-d3df-4552-b78c-2d4bcfb8022a,A,8.0,False
A-7019,11666f99-a7fd-4415-8240-0adfc4127fc7,post,e4ebf7c1-70f8-4dbb-a4bd-776e796dc1bb,A,7.0,False
A-7020,1778dee7-b570-4b90-89bf-21579309c986,post,e4ebf7c1-70f8-4dbb-a4bd-776e796dc1bb,A,7.0,False
A-7021,1a245fb3-5726-4415-96bd-0db7598c8c60,post,e4ebf7c1-70f8-4dbb-a4bd-776e796dc1bb,A,7.0,False
A-7022,1e04e09b-47a1-4b47-bda1-75c9f37e104e,comment,e4ebf7c1-70f8-4dbb-a4bd-776e796dc1bb,A,7.0,False
A-7023,2315946d-35a9-4bea-89a2-48e2436a5cca,post,e4ebf7c1-70f8-4dbb-a4bd-776e796dc1bb,A,7.0,False
A-7024,33a57a47-30ac-4e7a-9664-285c353ba327,post,e4ebf7c1-70f8-4dbb-a4bd-776e796dc1bb,A,7.0,False
A-7025,9b4c9532-0078-4306-aa20-a26b517edf4c,post,e4ebf7c1-70f8-4dbb-a4bd-776e796dc1bb,A,7.0,False
A-7026,71b838a0-15bf-4a8a-a1ba-8cbeabd34965,post,e4f3919a-e11c-4b5d-a53c-1bb01f0e582d,A,1.0,False
A-7027,f4d06cba-d7de-458f-9eda-b1794db72a29,post,e4fddbc8-7c9b-4411-a073-601dd78318bf,A,1.0,False
A-7028,0fc6f4d3-b55b-4c62-bd5e-72cc6a9f99df,comment,e50372f1-45cd-4454-9139-ad0d973938d5,A,25.0,False
A-7029,19824e69-fb8b-4075-8956-a6cd2cd10155,comment,e50372f1-45cd-4454-9139-ad0d973938d5,A,25.0,False
A-7030,9e170b5a-e130-40c0-99bb-8c772364d74a,comment,e50372f1-45cd-4454-9139-ad0d973938d5,A,25.0,False
A-7031,ff2a6181-e36d-4db7-8e18-53f5e17ef1cd,comment,e50372f1-45cd-4454-9139-ad0d973938d5,A,25.0,False
A-7032,8cd6e6ce-c143-478a-966c-811fabf6cd40,comment,e50372f1-45cd-4454-9139-ad0d973938d5,A,25.0,False
A-7033,de970447-2a67-4ee3-8785-3948109d0bdb,comment,e50372f1-45cd-4454-9139-ad0d973938d5,A,25.0,False
A-7034,b63fde60-167d-410e-b7ad-372ac39cfff6,comment,e50372f1-45cd-4454-9139-ad0d973938d5,A,25.0,False
A-7035,7522f0ad-bcc3-495b-bce1-62072c80eea0,comment,e50372f1-45cd-4454-9139-ad0d973938d5,A,25.0,False
A-7036,f5fe3ece-bc01-4feb-9cf4-19999137c463,comment,e50372f1-45cd-4454-9139-ad0d973938d5,A,25.0,False
A-7037,0b686bfa-b803-4026-9a79-f2d2178e01a2,comment,e50372f1-45cd-4454-9139-ad0d973938d5,A,25.0,False
A-7038,f7fcd181-f6ea-4d39-8360-ceefb169400f,comment,e50372f1-45cd-4454-9139-ad0d973938d5,A,25.0,False
A-7039,65d063a8-0210-4209-be9a-1b1a7544ab12,comment,e50372f1-45cd-4454-9139-ad0d973938d5,A,25.0,False
A-7040,16d71e06-15ea-44bb-b6e5-85369707455b,comment,e50372f1-45cd-4454-9139-ad0d973938d5,A,25.0,False
A-7041,fc123303-aaa2-4d27-9d24-ac9a12034641,comment,e50372f1-45cd-4454-9139-ad0d973938d5,A,25.0,False
A-7042,94b05297-e00a-47b5-b6f9-5014c3243679,comment,e50372f1-45cd-4454-9139-ad0d973938d5,A,25.0,False
A-7043,799c96e1-f297-43eb-ac3f-1d9ede3928f4,post,e5397f78-3731-4091-b93c-ec7674961d9d,A,1.0,False
A-7044,42336e3d-a5c4-4c40-abe1-f8afc318da66,comment,e5849dcd-57f8-473c-893b-86eac4cad4cc,A,3.0,False
A-7045,9917f6f3-6cde-47a7-9178-d65fbb94f466,post,e5849dcd-57f8-473c-893b-86eac4cad4cc,A,3.0,False
A-7046,bdf6c2ef-b206-4129-9b78-70b08298ac9d,comment,e5849dcd-57f8-473c-893b-86eac4cad4cc,A,3.0,False
A-7047,10e9a453-3b19-43d1-821c-5ec51ecb7937,post,e5b6e6c3-40f4-4e87-aba7-0e80b3d096c6,A,4.0,False
A-7048,22c95016-0e68-4f46-95bc-28534c824650,comment,e5b6e6c3-40f4-4e87-aba7-0e80b3d096c6,A,4.0,False
A-7049,a64bc09b-9c53-488c-aa96-d2976622f5f0,post,e5b6e6c3-40f4-4e87-aba7-0e80b3d096c6,A,4.0,False
A-7050,c41bb3ce-3ee6-4749-9b17-9ee5a9a900ec,comment,e5b6e6c3-40f4-4e87-aba7-0e80b3d096c6,A,4.0,False
A-7051,9142d172-a409-4897-87d8-e7028c7a69b7,post,e5e932e3-47f9-40e5-9122-e670ddddf4ef,A,1.0,False
A-7052,4470b9c4-2b5d-4e99-bf2a-250684b81160,post,e61054ef-64f7-429f-9dfe-62a8dbcb8c91,A,1.0,False
A-7053,2a325173-1199-4503-8189-0929f6760f39,comment,e614e0a7-df45-4bbc-8b94-c1d186c62b75,A,1.0,False
A-7054,d8bfce16-857d-4637-aff9-875d33a7910c,post,e61a107a-9cc9-40b7-b1d1-8482b88e11d2,A,1.0,False
A-7055,a9654b6e-c278-495a-a154-8a5b3dba135d,post,e6226211-530f-4ed6-a339-364071eb01dd,A,1.0,False
A-7056,87fef8f9-f734-4145-9dc7-c6f05275767b,post,e63cca35-6a94-42f7-be92-28b8e837f04f,A,1.0,False
A-7057,a087619c-c90c-44e9-af3d-8d654d52bcae,post,e68418bb-3bd2-4790-8848-53ccbb075e85,A,1.0,False
A-7058,4c1df38f-6602-4070-848b-0eb165288d86,post,e68bc5b7-208a-4793-8b64-879a58e7f079,A,4.0,False
A-7059,58fe47f3-9c08-4ea5-920e-ae5b72a26a3a,post,e68bc5b7-208a-4793-8b64-879a58e7f079,A,4.0,False
A-7060,610a02b0-c8b8-42bd-8d6a-d45052b1f31f,comment,e68bc5b7-208a-4793-8b64-879a58e7f079,A,4.0,False
A-7061,fbe67cc5-a984-47e2-8fd1-14f9306429d8,comment,e68bc5b7-208a-4793-8b64-879a58e7f079,A,4.0,False
A-7062,d707f228-10cb-44f0-904a-6c4e926b7963,comment,e692f30e-bc03-4e67-8c8d-175b8b10c937,A,1.0,False
A-7063,555121ad-1f09-4d0c-b242-c7400943bb65,post,e69a9027-e861-4ff1-9f57-b76247868665,A,1.0,False
A-7064,e359ac9d-4451-4b99-b38f-53df51a44437,post,e69f5ece-099e-40ae-86c5-771c43e0860b,A,2.0,False
A-7065,eda9d539-00b9-4716-a1d8-83dce6d22ed4,post,e69f5ece-099e-40ae-86c5-771c43e0860b,A,2.0,False
A-7066,07b26f7d-4673-4142-8911-0179b2c17b53,comment,e6bafe48-cf2b-46ef-8d3a-74a8a9ee840d,A,5.0,False
A-7067,2d9e833b-5b61-4a6d-bb81-b405a52b994e,comment,e6bafe48-cf2b-46ef-8d3a-74a8a9ee840d,A,5.0,False
A-7068,6225b746-1283-4234-9610-9b6ae312f05f,comment,e6bafe48-cf2b-46ef-8d3a-74a8a9ee840d,A,5.0,False
A-7069,89841d83-320d-4034-a39d-162a9d864662,comment,e6bafe48-cf2b-46ef-8d3a-74a8a9ee840d,A,5.0,False
A-7070,e3d77c80-5dde-454e-866b-540304bb9358,comment,e6bafe48-cf2b-46ef-8d3a-74a8a9ee840d,A,5.0,False
A-7071,abfe4630-3c6f-4606-830b-899f7a132d53,comment,e6c41bdd-b3f2-45dc-bbf7-f87c5f989863,A,2.0,False
A-7072,db3c9581-bf64-4ec2-aa70-b9a397e83c06,post,e6c41bdd-b3f2-45dc-bbf7-f87c5f989863,A,2.0,False
A-7073,15201236-697d-484c-8eb2-f8cebff4e994,post,e6e7c3c8-a2c7-44e3-8cb1-4b912ab9140d,A,2.0,False
A-7074,c6057518-7b25-4f60-ab2b-33a3bee116dc,post,e6e7c3c8-a2c7-44e3-8cb1-4b912ab9140d,A,2.0,False
A-7075,1123d165-d66d-4a8f-affc-746bc059abb1,post,e72328d2-397c-4f5b-a7ab-70e3d0a2be9e,A,3.0,False
A-7076,54e26c05-c8a6-4aca-86d4-ae851236a53e,post,e72328d2-397c-4f5b-a7ab-70e3d0a2be9e,A,3.0,True
A-7077,8f89648d-7012-44f2-ae71-97ce9dba9121,post,e72328d2-397c-4f5b-a7ab-70e3d0a2be9e,A,3.0,True
A-7078,416100ab-5876-4104-9116-cdfc5c61d9a7,post,e77335ef-0f75-4911-b7c5-a87823450c9f,A,1.0,False
A-7079,8c438391-d391-4b47-bcc3-736cd21bdd59,post,e775e3a3-d604-4bd2-8aec-bd2653c4923b,A,1.0,False
A-7080,c27051e8-7eaa-47d8-b543-4697fcfe35ad,comment,e778417e-a6e1-4219-95e2-c57907f55dee,A,1.0,False
A-7081,4a008aaa-4fdb-4042-964c-a00c75508482,post,e7bad75a-cb13-4b00-9e6a-91f07c6072ad,A,2.0,False
A-7082,9525763c-f637-4c8a-b74c-5a1130096503,post,e7bad75a-cb13-4b00-9e6a-91f07c6072ad,A,2.0,False
A-7083,188ea679-e3b6-473d-9ca0-af478c43c57f,comment,e7bfd569-c7e8-497a-8efc-4ddef3f94adf,A,1.0,False
A-7084,83ccb6dc-f5e4-48fd-b542-7e282940102e,comment,e7c72374-3d38-4208-b476-87f909ca1878,A,28.0,False
A-7085,44f6b2b8-cc05-43f6-8f1b-24bbee3feb63,comment,e7c72374-3d38-4208-b476-87f909ca1878,A,28.0,False
A-7086,ec88d115-0018-4d97-9f26-7018b057d481,post,e7c72374-3d38-4208-b476-87f909ca1878,A,28.0,False
A-7087,c96f4fdc-243e-4265-a3f6-c7a91a72d4c3,comment,e7c72374-3d38-4208-b476-87f909ca1878,A,28.0,False
A-7088,6f73270c-d74b-4ed0-8502-665de40bebca,comment,e7c72374-3d38-4208-b476-87f909ca1878,A,28.0,False
A-7089,9ae98d8d-334b-4d01-8253-3189ce23ae20,comment,e7c72374-3d38-4208-b476-87f909ca1878,A,28.0,False
A-7090,e040fd7a-f188-434d-b82f-9a1b43480ca1,comment,e7c72374-3d38-4208-b476-87f909ca1878,A,28.0,False
A-7091,7526c2c0-1369-4adc-84c3-d91ef3acade8,comment,e7c72374-3d38-4208-b476-87f909ca1878,A,28.0,False
A-7092,c3f86a62-d604-4781-9629-9c5d628fc37a,comment,e7c72374-3d38-4208-b476-87f909ca1878,A,28.0,False
A-7093,cae1ed0c-d440-439b-b1ff-4dc4258d01eb,comment,e7c72374-3d38-4208-b476-87f909ca1878,A,28.0,False
A-7094,8ec3de2a-6afc-468e-8d32-d6663f0c872f,comment,e7c72374-3d38-4208-b476-87f909ca1878,A,28.0,False
A-7095,cf64d9ac-5144-4aec-945a-bf18867b8e4f,comment,e7c72374-3d38-4208-b476-87f909ca1878,A,28.0,False
A-7096,aa969c3b-472c-4afd-bd4d-2372fd5ea0b0,comment,e7c72374-3d38-4208-b476-87f909ca1878,A,28.0,False
A-7097,2c6f64af-2f54-41f2-881a-31239c3bf3c7,comment,e7c72374-3d38-4208-b476-87f909ca1878,A,28.0,False
A-7098,34ed380d-f0d8-4978-acde-8f7f329a278a,comment,e7c72374-3d38-4208-b476-87f909ca1878,A,28.0,False
A-7099,19e9ba32-5272-4437-9c36-576b235d4957,post,e7e17ccd-c31e-4385-a15a-e6b31276e5c7,A,3.0,False
A-7100,7422bedb-bb91-48f4-a020-025622a5cbb6,comment,e7e17ccd-c31e-4385-a15a-e6b31276e5c7,A,3.0,False
A-7101,e8a65686-f478-49a6-815d-0c2627ad51da,comment,e7e17ccd-c31e-4385-a15a-e6b31276e5c7,A,3.0,False
A-7102,d9977bc1-8e19-4c90-bc55-de1ec3975aa7,comment,e7f37f29-7456-43d5-9456-83e925cc39ed,A,1.0,False
A-7103,ab50a40b-d531-4a95-8695-f1796b0a340e,comment,e812c95a-3dd4-4c43-8c37-32a640a7382f,A,2.0,False
A-7104,aeb23e03-73d5-4b67-a905-83e4eb9327b6,comment,e812c95a-3dd4-4c43-8c37-32a640a7382f,A,2.0,False
A-7105,c1a7b10b-da19-45ad-8054-2146592aba21,post,e84a9e72-c682-4469-8e38-d84d629dd06f,A,1.0,False
A-7106,1aaa326e-567f-412b-8993-84214f94a92f,comment,e864ca14-c3ac-4067-aaac-1d28600b8f54,A,4.0,False
A-7107,46d5c3f0-3b73-48b9-8d3f-edbc5ca8a892,post,e864ca14-c3ac-4067-aaac-1d28600b8f54,A,4.0,False
A-7108,495a2d05-10ff-460b-ae78-88447ad7b3d4,post,e864ca14-c3ac-4067-aaac-1d28600b8f54,A,4.0,False
A-7109,753448f3-7b60-4133-be35-df9c1a6fd815,comment,e864ca14-c3ac-4067-aaac-1d28600b8f54,A,4.0,False
A-7110,0a730ebc-2dee-42ab-8d79-02ec6f5f40a9,comment,e870e4c5-3f58-4e09-be03-3eb6578eda67,A,5.0,False
A-7111,52cdada3-f701-41ff-8b50-214223c3540b,comment,e870e4c5-3f58-4e09-be03-3eb6578eda67,A,5.0,False
A-7112,6610534d-b709-4350-b7cb-1b8445a561ca,comment,e870e4c5-3f58-4e09-be03-3eb6578eda67,A,5.0,False
A-7113,cd89a398-c1ff-45bb-93e7-04003aeb141c,comment,e870e4c5-3f58-4e09-be03-3eb6578eda67,A,5.0,False
A-7114,e6617bdc-b912-4f50-a099-e61a900dd627,comment,e870e4c5-3f58-4e09-be03-3eb6578eda67,A,5.0,False
A-7115,0e226239-2aa5-49bf-9d74-726f45c97f2a,comment,e8956217-b52e-4cc8-b78d-97856d00d96d,A,6.0,False
A-7116,4e577af2-6082-4bb0-8e04-90c987889c63,comment,e8956217-b52e-4cc8-b78d-97856d00d96d,A,6.0,False
A-7117,6ed45bf0-f620-4299-b22e-10e1853f856f,comment,e8956217-b52e-4cc8-b78d-97856d00d96d,A,6.0,False
A-7118,d339ec99-175b-47d8-afe9-69620e04234f,comment,e8956217-b52e-4cc8-b78d-97856d00d96d,A,6.0,False
A-7119,e9109ed3-4b1e-427d-9377-a9819f8fa27d,comment,e8956217-b52e-4cc8-b78d-97856d00d96d,A,6.0,False
A-7120,fb2cae73-acf7-4c22-a6af-b5396629db08,comment,e8956217-b52e-4cc8-b78d-97856d00d96d,A,6.0,False
A-7121,01e50c86-212e-48a5-98ea-0aba8dbf4d17,comment,e8a1babe-58f4-4c95-bd0d-b547b16cb535,A,2.0,False
A-7122,5764ceb4-cf59-4bf2-8491-bed5d6cffc6e,comment,e8a1babe-58f4-4c95-bd0d-b547b16cb535,A,2.0,False
A-7123,fc872b79-c7f9-427b-b199-3613dd41f2d5,post,e8a785cc-4b87-4c31-98fa-c082c2fd3ee5,A,16.0,False
A-7124,b383e96a-e5cf-4b7a-909b-3e9088def24c,comment,e8a785cc-4b87-4c31-98fa-c082c2fd3ee5,A,16.0,False
A-7125,1dbc8d7d-6b94-48b1-acd5-28ed539bb7bf,comment,e8a785cc-4b87-4c31-98fa-c082c2fd3ee5,A,16.0,False
A-7126,53ad2205-b434-469a-b56e-b9b9330d4044,comment,e8a785cc-4b87-4c31-98fa-c082c2fd3ee5,A,16.0,False
A-7127,137bb390-b17e-4b91-87f8-efe953e7aede,comment,e8a785cc-4b87-4c31-98fa-c082c2fd3ee5,A,16.0,False
A-7128,d68087a7-7e4c-43e4-99e5-171b855ee446,post,e8a785cc-4b87-4c31-98fa-c082c2fd3ee5,A,16.0,False
A-7129,3dfbdf40-1fc8-4efd-83e3-d1923b951b7d,comment,e8a785cc-4b87-4c31-98fa-c082c2fd3ee5,A,16.0,False
A-7130,a4f90aed-bedb-4bc6-826b-7c2c18f68d0c,comment,e8a785cc-4b87-4c31-98fa-c082c2fd3ee5,A,16.0,False
A-7131,cf1c0778-2916-4e2a-97de-7eabfc80fb12,comment,e8a785cc-4b87-4c31-98fa-c082c2fd3ee5,A,16.0,False
A-7132,7d5efaeb-f343-4486-b55d-3b60be2482f0,post,e8a785cc-4b87-4c31-98fa-c082c2fd3ee5,A,16.0,False
A-7133,64cd780d-fe9a-402d-8d08-a9fa20e5d639,comment,e8a785cc-4b87-4c31-98fa-c082c2fd3ee5,A,16.0,False
A-7134,7e9c7e2f-60b4-475f-b7a0-1b72fa3a7624,comment,e8a785cc-4b87-4c31-98fa-c082c2fd3ee5,A,16.0,False
A-7135,0e0a349e-496a-4794-8c5e-7fc51a9f1d07,post,e8a785cc-4b87-4c31-98fa-c082c2fd3ee5,A,16.0,False
A-7136,4a2371aa-26b6-4de7-b8e1-c05cdd11fff1,comment,e8a785cc-4b87-4c31-98fa-c082c2fd3ee5,A,16.0,False
A-7137,31b91fef-9919-4aa8-8c2b-ba35ac397610,comment,e8a785cc-4b87-4c31-98fa-c082c2fd3ee5,A,16.0,False
A-7138,b3399d3e-ae7c-40ef-9c9a-972ee46b1419,comment,e8af7843-088e-4c6a-8ea1-97ef7084ca14,A,1.0,False
A-7139,bdd5be1e-04fb-4385-8921-78cbc9cc1184,post,e8b1cc2b-e8e2-4018-b298-7eeac5f5e106,A,1.0,False
A-7140,5bf181fd-5ffc-464b-a930-d51166aea2c6,post,e8f3d2d2-fd21-4c8e-b151-a5d3230626bb,A,1.0,False
A-7141,1b298f62-e616-4721-a524-597f5747bc0b,post,e902576f-a054-4198-be3d-b67f3f4f81a0,A,1.0,False
A-7142,cc00e392-4583-4590-bfcc-4729816af8d0,post,e92322c9-92d1-424f-8ba4-a124ff499ade,A,1.0,False
A-7143,2f9ea921-8180-450d-9765-6ad0eb92a443,post,e933b0db-7957-4de9-a097-46259a2dd796,A,3.0,False
A-7144,9ca011f7-d0bf-4657-a4d6-167dc00a8853,comment,e933b0db-7957-4de9-a097-46259a2dd796,A,3.0,False
A-7145,f0177442-42bc-49fe-af87-d99fcefd9261,comment,e933b0db-7957-4de9-a097-46259a2dd796,A,3.0,False
A-7146,bdb1a701-dd3e-43db-b083-47b079ebed74,post,e9386e1f-cce9-4814-af8d-c5674a4a32a8,A,18.0,False
A-7147,2afe05c6-a4e2-4713-8ddc-9e43ff4826ed,post,e9386e1f-cce9-4814-af8d-c5674a4a32a8,A,18.0,False
A-7148,878822f4-32db-4ad0-92d1-fdb0c80a2f54,post,e9386e1f-cce9-4814-af8d-c5674a4a32a8,A,18.0,False
A-7149,9e6c784b-e589-43b1-b3e0-dc435a328a8b,comment,e9386e1f-cce9-4814-af8d-c5674a4a32a8,A,18.0,False
A-7150,1ca518e4-6595-492f-afca-2fc461a17c82,comment,e9386e1f-cce9-4814-af8d-c5674a4a32a8,A,18.0,False
A-7151,7fbedf39-7112-4351-af33-103912465284,post,e9386e1f-cce9-4814-af8d-c5674a4a32a8,A,18.0,False
A-7152,e12ee0e1-0655-4f21-a848-5f0aaca0e751,post,e9386e1f-cce9-4814-af8d-c5674a4a32a8,A,18.0,False
A-7153,8f54e88f-e654-4257-8f4a-fcd67e865da7,post,e9386e1f-cce9-4814-af8d-c5674a4a32a8,A,18.0,False
A-7154,bf12b586-fbcb-483a-a156-f4b8ca744bf9,post,e9386e1f-cce9-4814-af8d-c5674a4a32a8,A,18.0,False
A-7155,ab976693-e543-4715-afbf-2c38a589f298,comment,e9386e1f-cce9-4814-af8d-c5674a4a32a8,A,18.0,False
A-7156,85de211b-fda9-426d-be10-70ab255e08eb,comment,e9386e1f-cce9-4814-af8d-c5674a4a32a8,A,18.0,False
A-7157,31132e7d-6a90-4e43-a2c1-5cf30525b74d,comment,e9386e1f-cce9-4814-af8d-c5674a4a32a8,A,18.0,False
A-7158,636fb0bf-01be-4082-ab9a-1e90e7e16a71,comment,e9386e1f-cce9-4814-af8d-c5674a4a32a8,A,18.0,False
A-7159,cbb7689f-c16c-475d-b6bb-631f95cd092a,comment,e9386e1f-cce9-4814-af8d-c5674a4a32a8,A,18.0,False
A-7160,6717106a-6d47-4651-960f-e672269ea490,comment,e9386e1f-cce9-4814-af8d-c5674a4a32a8,A,18.0,False
A-7161,37daefa4-de8b-4806-be80-7c80ce67b1b1,post,e9413a83-3b78-4e1e-9a68-c01032cb15ba,A,1.0,False
A-7162,0e890a1f-6feb-4d98-a8b6-40ce7babca60,post,e944577d-e7c5-4114-bc32-825b1c5a298a,A,2.0,False
A-7163,d6133056-80e1-428f-b7ad-c98093702b48,post,e944577d-e7c5-4114-bc32-825b1c5a298a,A,2.0,False
A-7164,787877a0-9f62-4e98-a044-6a1c984bae71,post,e95a4893-47e8-481c-bcfa-de08acf44b9a,A,2.0,False
A-7165,79df6ffc-578a-4d35-a43e-35a57603c91f,post,e95a4893-47e8-481c-bcfa-de08acf44b9a,A,2.0,False
A-7166,f03b59ed-4cf2-4f6f-afda-99700bce2d04,post,e95e3514-099a-494e-bddb-282d23a7834e,A,1.0,False
A-7167,0ae5d4c5-ecd3-4ac5-9e0b-3900d0f05321,post,e97d260f-79ee-4ae4-9d97-3ed64baa7aba,A,2.0,False
A-7168,ef1c831e-c615-4a94-8ad8-b4c58958ecee,post,e97d260f-79ee-4ae4-9d97-3ed64baa7aba,A,2.0,False
A-7169,017bea78-5a71-44c3-9b0c-b7387c8583f1,post,e98dde57-1248-4960-814f-94fed158a782,A,7.0,False
A-7170,341d7478-cba1-47cc-a81a-2a7106a8ac76,comment,e98dde57-1248-4960-814f-94fed158a782,A,7.0,False
A-7171,5c757ebf-7483-45b4-9203-20bd81024861,post,e98dde57-1248-4960-814f-94fed158a782,A,7.0,False
A-7172,bf8b0a19-8fe1-4ded-993e-a27b6dcb600f,post,e98dde57-1248-4960-814f-94fed158a782,A,7.0,False
A-7173,c6194d20-ad67-4433-a7ea-59fa3de5b541,post,e98dde57-1248-4960-814f-94fed158a782,A,7.0,False
A-7174,d6096ad1-345e-40df-8cf3-326d1ff94655,post,e98dde57-1248-4960-814f-94fed158a782,A,7.0,False
A-7175,dd09d589-9206-4ea4-9769-065d96ae1ace,comment,e98dde57-1248-4960-814f-94fed158a782,A,7.0,False
A-7176,9da49cf7-3a04-4d00-b858-6ebd8bf79d1a,post,e990f3ae-3bac-4e75-85d0-1b651d48f5ed,A,1.0,False
A-7177,fc3d429a-0acb-454b-ba53-ed60430a96b7,comment,e9928c7b-f294-4468-b33e-3082a96abc0b,A,22.0,False
A-7178,0fd730b9-2e95-4aac-b7ef-f52150e4b638,comment,e9928c7b-f294-4468-b33e-3082a96abc0b,A,22.0,False
A-7179,b1a33cdf-2adf-4fa7-8215-8d3e1774486c,post,e9928c7b-f294-4468-b33e-3082a96abc0b,A,22.0,False
A-7180,336b4ba9-b6ee-4dde-81ad-ceb57e028cad,comment,e9928c7b-f294-4468-b33e-3082a96abc0b,A,22.0,False
A-7181,e98346a6-c26e-42e9-97d9-a4e24174fcea,comment,e9928c7b-f294-4468-b33e-3082a96abc0b,A,22.0,False
A-7182,fd7f841d-4319-4864-93ec-d340832a95c9,post,e9928c7b-f294-4468-b33e-3082a96abc0b,A,22.0,False
A-7183,57e23ff9-4384-48f8-9aaf-a00851ce217d,comment,e9928c7b-f294-4468-b33e-3082a96abc0b,A,22.0,False
A-7184,a91e931f-4116-43fd-bbf1-4e013fd32375,comment,e9928c7b-f294-4468-b33e-3082a96abc0b,A,22.0,False
A-7185,e6809ccb-b933-46e4-8e21-44dee9e79714,comment,e9928c7b-f294-4468-b33e-3082a96abc0b,A,22.0,False
A-7186,2300a2e9-f0ba-42ec-b167-e827987f8f1e,post,e9928c7b-f294-4468-b33e-3082a96abc0b,A,22.0,False
A-7187,2cb5f895-2995-4af0-ae04-f891c7085f91,post,e9928c7b-f294-4468-b33e-3082a96abc0b,A,22.0,False
A-7188,482fa658-1778-4a77-b9b8-e45a3ba045b4,post,e9928c7b-f294-4468-b33e-3082a96abc0b,A,22.0,False
A-7189,185a0d63-fde9-494d-882c-4933276e94d5,comment,e9928c7b-f294-4468-b33e-3082a96abc0b,A,22.0,False
A-7190,1e3c2e74-c197-4512-bfdd-e6bb09ee3f7d,post,e9928c7b-f294-4468-b33e-3082a96abc0b,A,22.0,False
A-7191,632b64f2-a939-4a43-ade4-ff7dcd9d6b29,post,e9928c7b-f294-4468-b33e-3082a96abc0b,A,22.0,False
A-7192,469d8472-a871-4d66-89f4-77628f23bd10,post,e9ab90be-9f00-47d7-845d-b3b64d09f346,A,1.0,False
A-7193,4cc5df95-bb59-4cb9-83c1-54441ce85603,post,e9b5e255-084a-4bf4-b43a-372e39cf0cc5,A,1.0,False
A-7194,689e2916-276e-46ad-8541-b30d4740369e,post,e9c65a99-31c4-4c23-8a38-335a7ea281b8,A,1.0,False
A-7195,5188136c-9450-4438-9a75-d29fd2c6e195,post,e9c8e169-bd5a-48ff-9561-1b6821d0ecf5,A,1.0,False
A-7196,01007461-18d2-48f0-86a6-37c6dd7681d7,post,e9dc3664-5eca-40d1-a05e-d88a4d85fbcf,A,2.0,False
A-7197,31a1d6fc-526f-44c0-8a87-5334d9920b24,post,e9dc3664-5eca-40d1-a05e-d88a4d85fbcf,A,2.0,False
A-7198,5ddc78f6-c185-4301-8b53-e73ec6fc4136,comment,e9e7c7c4-1b89-47e6-bbcc-8407d2c0472b,A,2.0,False
A-7199,af0e1a41-25b0-4326-a024-b5cdc8534c95,post,e9e7c7c4-1b89-47e6-bbcc-8407d2c0472b,A,2.0,False
A-7200,417ca8cb-02dd-4585-aece-121949cbd18b,post,e9f999ec-4f13-4423-b247-6d1f7b62f032,A,2.0,False
A-7201,4cae6b75-34d9-4263-aca7-c4d3704a47a8,comment,e9f999ec-4f13-4423-b247-6d1f7b62f032,A,2.0,False
A-7202,190c4bf5-5f62-46fe-bb9b-08beb7bba6a9,post,e9fb80ca-d14c-4923-b1cf-21ad4fb0b7f6,A,4.0,False
A-7203,1aab2999-2548-41ff-b984-3b932df22722,post,e9fb80ca-d14c-4923-b1cf-21ad4fb0b7f6,A,4.0,False
A-7204,551a3bb4-ff44-45f0-8084-7b6174139ffc,post,e9fb80ca-d14c-4923-b1cf-21ad4fb0b7f6,A,4.0,False
A-7205,ea380c1d-b87c-43f8-9e02-f439a539629d,post,e9fb80ca-d14c-4923-b1cf-21ad4fb0b7f6,A,4.0,False
A-7206,8b96a93c-2802-43ad-88c4-d8ecb355067e,post,e9fd38b2-efe4-4112-b9e2-c4f4069768e4,A,6.0,False
A-7207,967a8e14-d510-44b1-8c87-18271d2ea04b,comment,e9fd38b2-efe4-4112-b9e2-c4f4069768e4,A,6.0,False
A-7208,98c9b88c-4159-4b34-ad31-61fe056fffce,post,e9fd38b2-efe4-4112-b9e2-c4f4069768e4,A,6.0,False
A-7209,b274bc53-2421-4c7f-a441-6bef23df95cc,comment,e9fd38b2-efe4-4112-b9e2-c4f4069768e4,A,6.0,False
A-7210,dc619a54-77ee-46d1-b9fe-8263133d3bfe,post,e9fd38b2-efe4-4112-b9e2-c4f4069768e4,A,6.0,False
A-7211,f7e88798-c8ae-4823-a275-45266919a341,post,e9fd38b2-efe4-4112-b9e2-c4f4069768e4,A,6.0,False
A-7212,3318b0e1-6001-444c-a0da-6b0774556ac2,post,ea0b8d41-c098-4f4f-bb99-5f5128dd381c,A,1.0,False
A-7213,69beded9-9b78-4cfc-a35c-73bed0ef453f,post,ea322386-6740-4be4-9de1-74f26d112db2,A,5.0,False
A-7214,89412bd4-8cb3-48c9-872f-66c004f52a0f,comment,ea322386-6740-4be4-9de1-74f26d112db2,A,5.0,False
A-7215,9b2cfb3a-290c-40ec-a232-f945866db08a,comment,ea322386-6740-4be4-9de1-74f26d112db2,A,5.0,False
A-7216,bc3ec9a5-ca75-4f3e-a50c-815f9b9f5c89,comment,ea322386-6740-4be4-9de1-74f26d112db2,A,5.0,False
A-7217,ef1e26b0-cb39-492d-89ff-d60c01887157,comment,ea322386-6740-4be4-9de1-74f26d112db2,A,5.0,False
A-7218,3f193d4f-234c-4a7c-a006-a8c464fff24a,comment,ea364d14-f607-43f3-9172-17cd7483ce5a,A,9.0,False
A-7219,9084e2fc-88a3-4d22-b0ce-8f9ecbda7b07,post,ea364d14-f607-43f3-9172-17cd7483ce5a,A,9.0,False
A-7220,994dd287-72c9-4186-a2d3-fc89ca2c0ca6,comment,ea364d14-f607-43f3-9172-17cd7483ce5a,A,9.0,False
A-7221,a032a700-b176-4bc5-9415-804dd3dcd8cf,post,ea364d14-f607-43f3-9172-17cd7483ce5a,A,9.0,False
A-7222,b0f81cc5-ce64-4c4d-a04b-e85d0d07eb56,comment,ea364d14-f607-43f3-9172-17cd7483ce5a,A,9.0,False
A-7223,b88596d3-9d91-447c-92b3-c71eb72a8750,comment,ea364d14-f607-43f3-9172-17cd7483ce5a,A,9.0,False
A-7224,cb6b63b4-74bf-41d8-bbb7-09fbf8f487bf,comment,ea364d14-f607-43f3-9172-17cd7483ce5a,A,9.0,False
A-7225,dc3b15bd-c2da-4a35-93d9-c449737f32e5,comment,ea364d14-f607-43f3-9172-17cd7483ce5a,A,9.0,False
A-7226,f15433ed-babc-4459-8fea-4e995dc3c600,comment,ea364d14-f607-43f3-9172-17cd7483ce5a,A,9.0,False
A-7227,8afe6fde-d43c-47ba-bd3b-c458db491b56,post,ea447260-f9ea-4591-8957-fc29b897195f,A,1.0,False
A-7228,9b272740-289d-47c1-bf72-b72020f1922f,comment,ea6401cf-c239-47c3-a1f7-57d48e8720c4,A,2.0,False
A-7229,9d3f43e7-168f-48b6-b259-19c3b7910ecb,post,ea6401cf-c239-47c3-a1f7-57d48e8720c4,A,2.0,False
A-7230,212f97cd-97a3-41c0-be45-e6f3822104a8,post,ea80e1b2-1207-4928-917f-fd108f25a40f,A,4.0,False
A-7231,4704206e-f750-4232-a838-e45bfaa9f88d,comment,ea80e1b2-1207-4928-917f-fd108f25a40f,A,4.0,False
A-7232,c03d750f-193b-4777-90c4-2703f4e77605,comment,ea80e1b2-1207-4928-917f-fd108f25a40f,A,4.0,False
A-7233,e4d2fdab-22f7-423d-88b7-a3534681eaff,comment,ea80e1b2-1207-4928-917f-fd108f25a40f,A,4.0,False
A-7234,1e407ae5-fe23-47e4-80a8-645495c2c758,post,ea979f8e-0e34-481d-9894-84567359ec76,A,4.0,False
A-7235,3bc842b3-7f1e-4fa0-ae7f-a6505fb86b3e,post,ea979f8e-0e34-481d-9894-84567359ec76,A,4.0,False
A-7236,8a592d8c-fa6b-4b28-8bb4-9032497f214d,post,ea979f8e-0e34-481d-9894-84567359ec76,A,4.0,False
A-7237,9d5b4252-d90a-4e37-9813-eb64cbea49bd,comment,ea979f8e-0e34-481d-9894-84567359ec76,A,4.0,False
A-7238,fd1a0eb4-b124-48cb-9538-24b6c7ce4721,post,ea9e3ab8-084e-4fc4-8537-2f414b739dd8,A,1.0,False
A-7239,05ee6731-0a93-46e9-b014-cf03c0ef5e83,comment,eaa22ec1-84f5-4ca1-bcd9-6de7a25f01f9,A,15.0,False
A-7240,07bba275-0ea5-4117-9cc0-c264604bc0c8,comment,eaa22ec1-84f5-4ca1-bcd9-6de7a25f01f9,A,15.0,False
A-7241,32206f06-ad30-45f5-968e-21579587ce54,post,eaa22ec1-84f5-4ca1-bcd9-6de7a25f01f9,A,15.0,False
A-7242,385d376a-47fb-4cad-9b0c-32a01e21c110,post,eaa22ec1-84f5-4ca1-bcd9-6de7a25f01f9,A,15.0,False
A-7243,3896c776-202f-4184-8b98-d2fa690ca626,post,eaa22ec1-84f5-4ca1-bcd9-6de7a25f01f9,A,15.0,False
A-7244,3af1d9a6-f388-44e5-8460-ffffd6934981,comment,eaa22ec1-84f5-4ca1-bcd9-6de7a25f01f9,A,15.0,False
A-7245,4cdde214-71f7-4cdf-8641-322af10ff926,post,eaa22ec1-84f5-4ca1-bcd9-6de7a25f01f9,A,15.0,False
A-7246,58950b92-698f-4c0e-a682-94011164f2e7,comment,eaa22ec1-84f5-4ca1-bcd9-6de7a25f01f9,A,15.0,False
A-7247,8037bf5f-e344-4721-a407-58d878a4c4e4,comment,eaa22ec1-84f5-4ca1-bcd9-6de7a25f01f9,A,15.0,False
A-7248,ae8a4594-c8ce-425d-afd5-93ba18615dd3,comment,eaa22ec1-84f5-4ca1-bcd9-6de7a25f01f9,A,15.0,False
A-7249,bbeab6b6-e8ea-4c7e-9f5b-b6c12e64803a,comment,eaa22ec1-84f5-4ca1-bcd9-6de7a25f01f9,A,15.0,False
A-7250,dfc6f6ae-c325-401a-a590-cf99d6eb9539,comment,eaa22ec1-84f5-4ca1-bcd9-6de7a25f01f9,A,15.0,False
A-7251,e52dd9a9-4058-4589-a6e6-9e4196d7b80f,comment,eaa22ec1-84f5-4ca1-bcd9-6de7a25f01f9,A,15.0,False
A-7252,f906543b-8bda-4101-a53b-44d56bfc9b2e,comment,eaa22ec1-84f5-4ca1-bcd9-6de7a25f01f9,A,15.0,False
A-7253,fc977818-eab3-4721-8855-c3c4647d2a46,post,eaa22ec1-84f5-4ca1-bcd9-6de7a25f01f9,A,15.0,False
A-7254,6fb13005-cf90-4a34-a99f-42d15eb01814,post,ead2a7c7-b302-4f63-8cc1-0603784e19e7,A,2.0,False
A-7255,94910190-2c49-4265-8540-e0e7ce465867,comment,ead2a7c7-b302-4f63-8cc1-0603784e19e7,A,2.0,False
A-7256,394608fd-2824-4fca-84d0-d67c6dde7ff3,post,eb0908ff-48ee-40e9-997f-79b3d8e1757c,A,3.0,False
A-7257,9deac8ba-6f09-4199-9c0e-a28f7b0d83ac,comment,eb0908ff-48ee-40e9-997f-79b3d8e1757c,A,3.0,False
A-7258,facd10a7-48d3-47c2-9fa7-32f246584099,comment,eb0908ff-48ee-40e9-997f-79b3d8e1757c,A,3.0,False
A-7259,79c6b764-ee7c-4447-8e56-8a199998ec94,post,eb09aa81-39b1-4a9c-8988-6ea3f4ae3182,A,2.0,False
A-7260,8474aff1-2701-44c1-a736-8d1475f1c4cf,comment,eb09aa81-39b1-4a9c-8988-6ea3f4ae3182,A,2.0,False
A-7261,6ec21d07-77b6-41d7-8fc8-aebb5af6356a,comment,eb184683-ac6f-4e30-be0b-8fb1dd2c9528,A,1.0,False
A-7262,f2005ee2-7b9f-42c9-9f9d-49a6b48774ef,post,eb2b6eb7-7c17-43ee-86c7-81d66a890258,A,1.0,False
A-7263,a2ba1949-680a-4da6-8193-57c8b8f598e0,comment,eb3fee25-c5e7-4444-9f9e-254ea526aba5,A,21.0,False
A-7264,92de2193-2088-4abd-8518-986930a34459,comment,eb3fee25-c5e7-4444-9f9e-254ea526aba5,A,21.0,False
A-7265,765c5b47-08b2-433d-98d6-1565af8ceb5c,comment,eb3fee25-c5e7-4444-9f9e-254ea526aba5,A,21.0,False
A-7266,77d62730-95c4-4b41-814f-a05abf5edd96,comment,eb3fee25-c5e7-4444-9f9e-254ea526aba5,A,21.0,False
A-7267,6969d532-2950-43f9-8939-6f9272aaf929,comment,eb3fee25-c5e7-4444-9f9e-254ea526aba5,A,21.0,False
A-7268,5d9b1ef2-d170-4918-897a-a8b8260e3157,comment,eb3fee25-c5e7-4444-9f9e-254ea526aba5,A,21.0,False
A-7269,7fb9654a-5a30-4032-a4a3-6433c72faff5,comment,eb3fee25-c5e7-4444-9f9e-254ea526aba5,A,21.0,False
A-7270,b4fb0402-d5af-4097-a746-de58a3cbfb8d,comment,eb3fee25-c5e7-4444-9f9e-254ea526aba5,A,21.0,False
A-7271,3b8bcf06-ec8f-444d-9da0-828218af2090,post,eb3fee25-c5e7-4444-9f9e-254ea526aba5,A,21.0,False
A-7272,eb489f70-6202-4711-aed8-5ff4e9fdd62a,comment,eb3fee25-c5e7-4444-9f9e-254ea526aba5,A,21.0,False
A-7273,c2679e69-90af-4f64-9dc8-50a5150d7256,comment,eb3fee25-c5e7-4444-9f9e-254ea526aba5,A,21.0,False
A-7274,c543f713-c5a7-44a9-ad03-cb3ca2e9ccdb,comment,eb3fee25-c5e7-4444-9f9e-254ea526aba5,A,21.0,False
A-7275,3a42b13e-39e4-419e-ba51-a562dea8ed82,post,eb3fee25-c5e7-4444-9f9e-254ea526aba5,A,21.0,False
A-7276,d481025d-4f84-46cf-94a5-b34fcaf5a08f,comment,eb3fee25-c5e7-4444-9f9e-254ea526aba5,A,21.0,False
A-7277,2eae3cc5-3b01-46cd-a018-17aff8e18501,comment,eb3fee25-c5e7-4444-9f9e-254ea526aba5,A,21.0,False
A-7278,485f870d-8c47-433d-9cbe-659000f3819d,comment,eb43e47a-376d-4844-bd41-daf58144dba8,A,1.0,False
A-7279,386ca6ac-7f53-46a1-9356-3f16d885609c,comment,eb4f2ae4-1569-4a35-a85e-3dd2c29fbd11,A,2.0,False
A-7280,a9bf12ce-692f-42d5-a82d-8068a379b062,post,eb4f2ae4-1569-4a35-a85e-3dd2c29fbd11,A,2.0,False
A-7281,47b9e8af-6933-49f0-a5b0-7711872e14c7,post,eb5dbe21-ec9f-4b5b-a2d4-3b45ca91e181,A,2.0,False
A-7282,735af758-89d0-4362-a2d1-d951472a97c0,comment,eb5dbe21-ec9f-4b5b-a2d4-3b45ca91e181,A,2.0,False
A-7283,047e3b16-2591-4325-83ff-ba579c9f5e17,post,eb611d04-e234-408a-96c3-e11589721f14,A,4.0,False
A-7284,26be96a8-c583-46a2-bb17-05fd52c2b08d,comment,eb611d04-e234-408a-96c3-e11589721f14,A,4.0,False
A-7285,524ada09-de61-417d-8fb9-2ae42b857ae2,post,eb611d04-e234-408a-96c3-e11589721f14,A,4.0,False
A-7286,6d934415-88f5-431f-84b2-027361d4676e,post,eb611d04-e234-408a-96c3-e11589721f14,A,4.0,False
A-7287,e17504fb-6022-44af-9abe-449b954c6215,post,eb6ccf35-9172-4d01-b2ac-94feeee7bb36,A,1.0,False
A-7288,0320069e-8eba-4b76-b486-1d4fc3b396d9,comment,eb84f997-695a-47d6-90ce-19e62fcfff36,A,11.0,False
A-7289,0a519085-bec1-49df-8bee-02a91da4880a,comment,eb84f997-695a-47d6-90ce-19e62fcfff36,A,11.0,False
A-7290,0e959ecc-4086-4f85-bff7-559d294315f9,post,eb84f997-695a-47d6-90ce-19e62fcfff36,A,11.0,False
A-7291,4a994496-6dfe-4f85-a979-86eee415ca4c,comment,eb84f997-695a-47d6-90ce-19e62fcfff36,A,11.0,False
A-7292,6c127ef2-296f-4fd5-86ac-907a3e6bb4de,post,eb84f997-695a-47d6-90ce-19e62fcfff36,A,11.0,False
A-7293,6d0edefe-34e8-4949-878a-69ef190a3725,comment,eb84f997-695a-47d6-90ce-19e62fcfff36,A,11.0,False
A-7294,772da73f-4645-4657-acd3-f61195574af6,comment,eb84f997-695a-47d6-90ce-19e62fcfff36,A,11.0,False
A-7295,7a7a9a1f-41f8-4bb2-89a7-f945c72c0010,post,eb84f997-695a-47d6-90ce-19e62fcfff36,A,11.0,False
A-7296,a7d811c8-7616-4deb-943f-4d5050abc2b8,comment,eb84f997-695a-47d6-90ce-19e62fcfff36,A,11.0,False
A-7297,b2c655db-8a25-451a-a0d4-f9bec259505b,comment,eb84f997-695a-47d6-90ce-19e62fcfff36,A,11.0,False
A-7298,c458b2e9-ea08-442a-afbe-52b53685797f,post,eb84f997-695a-47d6-90ce-19e62fcfff36,A,11.0,False
A-7299,5a3efc57-29c5-4f97-907b-7f02a9417cb8,comment,eba8cb61-87c1-496a-b1b3-00393b556a9c,A,2.0,False
A-7300,70c7c481-bc08-4c5c-a5a1-21cb45e65647,post,eba8cb61-87c1-496a-b1b3-00393b556a9c,A,2.0,False
A-7301,7beede4a-e0d4-45f5-8cdc-219a6b04ad0f,post,ebaf9319-0a6e-4163-b133-6d61b0714a66,A,1.0,False
A-7302,fd48eff7-d750-40b9-8275-1a2665d574ae,comment,ebb44048-27c5-4c17-afb9-b77d12069d57,A,22.0,False
A-7303,78fcee66-3e07-4cef-b4bb-0e7b9eab52b4,comment,ebb44048-27c5-4c17-afb9-b77d12069d57,A,22.0,False
A-7304,539cdd15-9dce-4d0c-8fc5-ba3b28335064,comment,ebb44048-27c5-4c17-afb9-b77d12069d57,A,22.0,False
A-7305,d3a0db63-c646-46e4-8d9a-d7f09e13e93e,comment,ebb44048-27c5-4c17-afb9-b77d12069d57,A,22.0,False
A-7306,567ecee7-abff-4c6a-98cf-06aef555628a,comment,ebb44048-27c5-4c17-afb9-b77d12069d57,A,22.0,False
A-7307,49aa8c4f-4fca-4493-a208-b2ddfed51031,comment,ebb44048-27c5-4c17-afb9-b77d12069d57,A,22.0,False
A-7308,5e5e3551-b3e1-4802-acde-448945584957,post,ebb44048-27c5-4c17-afb9-b77d12069d57,A,22.0,False
A-7309,ca969086-fbca-45ad-a21d-aa41d2a89ea6,comment,ebb44048-27c5-4c17-afb9-b77d12069d57,A,22.0,False
A-7310,f3422c15-d4f8-487b-a7e1-d2b92a7204ea,post,ebb44048-27c5-4c17-afb9-b77d12069d57,A,22.0,False
A-7311,cd0ae7e3-3a9f-49ef-9b0b-19ecf3fa5c3d,post,ebb44048-27c5-4c17-afb9-b77d12069d57,A,22.0,False
A-7312,691f2191-303f-4eb0-988b-a0c0a30bcd4b,comment,ebb44048-27c5-4c17-afb9-b77d12069d57,A,22.0,False
A-7313,b9be6a1c-bd97-4a41-83a9-bf037abdbd18,comment,ebb44048-27c5-4c17-afb9-b77d12069d57,A,22.0,False
A-7314,c159abe1-6ae1-4357-95aa-d99ab86707a8,comment,ebb44048-27c5-4c17-afb9-b77d12069d57,A,22.0,False
A-7315,cd8b2220-8819-42d7-899e-7a8c874a03c4,comment,ebb44048-27c5-4c17-afb9-b77d12069d57,A,22.0,False
A-7316,139b645c-e595-4ee9-9b79-5a7aa3573597,comment,ebb44048-27c5-4c17-afb9-b77d12069d57,A,22.0,False
A-7317,43b95358-da24-4b4d-bf00-0dbf3c01b0b6,post,ebcb014f-a013-4142-9682-4e97aaef8dc9,A,1.0,False
A-7318,bec4a677-e33e-4942-8bac-53f1689014a3,comment,ebcc9099-5abe-4b71-bf33-49ae6b3466bd,A,1.0,False
A-7319,2a0fa1b7-941f-4676-bf56-5367019b9f40,post,ebd37c8c-c786-4ed2-935c-3d6add078067,A,3.0,False
A-7320,610bd055-955d-45aa-83d7-1caaa43663b5,comment,ebd37c8c-c786-4ed2-935c-3d6add078067,A,3.0,False
A-7321,9be4ed0f-b168-44fc-94eb-05d71cbaaea5,comment,ebd37c8c-c786-4ed2-935c-3d6add078067,A,3.0,False
A-7322,0c89eb1c-bef5-4e89-9eb8-b305779c9b20,comment,ebd52603-bb8f-475a-9561-2371da75d890,A,1.0,False
A-7323,90108cb4-6aaf-49aa-8484-4ce1e67adeb4,post,ebe0ccec-8665-4cae-bfb6-7d59b4c4d468,A,1.0,False
A-7324,5396040a-b1fe-4f9e-92dc-516c4140d5c9,comment,ec157ed2-ed9c-4952-a0b3-68c9e7b9bbf3,A,2.0,False
A-7325,f5816528-2610-4d94-afa8-4e96cc94b1a1,post,ec157ed2-ed9c-4952-a0b3-68c9e7b9bbf3,A,2.0,False
A-7326,bd43725e-9be1-4d87-b16f-cf884e63c9fe,post,ec28a32a-6cd3-45e3-bbf4-17c8593eae9a,A,3.0,False
A-7327,d12c1dfc-d665-4e34-9527-fee9c381c9b7,post,ec28a32a-6cd3-45e3-bbf4-17c8593eae9a,A,3.0,False
A-7328,f1356011-eb74-40f7-aeff-4be753cc3ea4,comment,ec28a32a-6cd3-45e3-bbf4-17c8593eae9a,A,3.0,False
A-7329,bdc7a718-5b0f-4a3c-9987-b4340a24a78c,post,ec34b686-db01-45e2-b461-203858a1cd91,A,1.0,False
A-7330,5db75e73-8b19-4fc7-9a8c-a73ae700d787,post,ec34bd66-491f-4212-9c4f-1fbe12929fcc,A,1.0,False
A-7331,9870381e-3b3e-4a14-8c09-53638180ee37,comment,ec4afebe-ae14-4db0-9b15-0e8657c396c9,A,1.0,False
A-7332,324cab37-6ee7-45f2-8606-b5ba580c7329,post,ec60ae27-aff1-4158-b98a-4d249df6b61f,A,1.0,False
A-7333,7d814771-9926-4b06-83f3-b882515c034b,post,ec7f7e95-7a7d-4c3c-9b5b-e21f994d6fd0,A,1.0,False
A-7334,6eedbd02-6331-4c5b-a4c3-2d8aa41e0b7c,post,ec7fbaea-9c47-40a3-bf66-6d04f7608eb5,A,1.0,False
A-7335,449c5c2d-8c16-4b9d-b6a1-fcb5a007d0db,post,ecf941ae-06ee-4269-9e7e-779f748b4144,A,1.0,False
A-7336,0197350c-00b0-48d1-8cb8-492bbd2220ab,comment,ecfa2196-ba70-4a48-a64f-8dde724dc9ed,A,6.0,False
A-7337,06c422a3-572f-4976-a42a-ac51ee139fae,post,ecfa2196-ba70-4a48-a64f-8dde724dc9ed,A,6.0,False
A-7338,1d92ed35-7a8a-449a-a786-68e8bf54adcc,post,ecfa2196-ba70-4a48-a64f-8dde724dc9ed,A,6.0,False
A-7339,397b3434-db4d-4ea1-910e-9f5ed2524b3f,post,ecfa2196-ba70-4a48-a64f-8dde724dc9ed,A,6.0,False
A-7340,8addb2c3-89da-46ad-9a23-23070691f449,post,ecfa2196-ba70-4a48-a64f-8dde724dc9ed,A,6.0,False
A-7341,e5713eee-7087-4042-bc9c-a3c40bee4c78,post,ecfa2196-ba70-4a48-a64f-8dde724dc9ed,A,6.0,False
A-7342,454ccb8b-3b92-4946-8d8d-06c8a5f1075b,post,ed15681e-d7bf-4cc2-aea5-cda2e58606a8,A,1.0,False
A-7343,448e7846-727c-463d-90c6-c56c3fb81265,comment,ed157f6a-128d-48f0-9a9c-69ec6f7a8bcb,A,2.0,False
A-7344,91104dcb-4ff0-4734-bd44-1b4b3b5e855c,post,ed157f6a-128d-48f0-9a9c-69ec6f7a8bcb,A,2.0,False
A-7345,38ea6225-2581-4968-88d8-8937010947ca,comment,ed36aea3-50a5-4674-bed1-cc55f34b4fcb,A,7.0,False
A-7346,4fd0927c-7c34-49de-ac7e-6bbcfa5d8225,comment,ed36aea3-50a5-4674-bed1-cc55f34b4fcb,A,7.0,False
A-7347,6109ed34-3681-4669-9e4e-831eeb724399,comment,ed36aea3-50a5-4674-bed1-cc55f34b4fcb,A,7.0,False
A-7348,a4ea9597-7e63-4de6-8e5e-ef9ce149d19e,comment,ed36aea3-50a5-4674-bed1-cc55f34b4fcb,A,7.0,False
A-7349,e71aff38-bce7-41a5-9530-4317a02d3ca7,comment,ed36aea3-50a5-4674-bed1-cc55f34b4fcb,A,7.0,False
A-7350,f4b3865c-ff27-4087-92a6-b85b45e24889,post,ed36aea3-50a5-4674-bed1-cc55f34b4fcb,A,7.0,False
A-7351,fa784c2c-58cd-4d75-865e-67e825dcf707,post,ed36aea3-50a5-4674-bed1-cc55f34b4fcb,A,7.0,False
A-7352,18ff1729-2f5c-41a3-bf55-782cc01d84b6,post,ed4ea23f-f16d-421b-8bfc-cfff061a6050,A,7.0,False
A-7353,7e9351a0-21a4-4856-be07-906e513bae58,post,ed4ea23f-f16d-421b-8bfc-cfff061a6050,A,7.0,False
A-7354,b5c2350c-ee69-4566-9929-2d79a98dd250,post,ed4ea23f-f16d-421b-8bfc-cfff061a6050,A,7.0,False
A-7355,b829185a-7216-42c1-935f-e1cb27d1e140,comment,ed4ea23f-f16d-421b-8bfc-cfff061a6050,A,7.0,False
A-7356,b8c61ea6-3643-4b26-82df-61fac1e3c407,post,ed4ea23f-f16d-421b-8bfc-cfff061a6050,A,7.0,False
A-7357,e00dbd09-f1b1-414d-bb58-987766aaa312,comment,ed4ea23f-f16d-421b-8bfc-cfff061a6050,A,7.0,False
A-7358,fa79de1c-973b-4f22-a1af-3370191d7cf4,post,ed4ea23f-f16d-421b-8bfc-cfff061a6050,A,7.0,False
A-7359,a0161589-5902-4034-9869-83326546cfd9,post,ed52377b-1f09-4b97-8f13-2079fe3f7249,A,1.0,False
A-7360,b39bf689-b457-4c43-b562-d684ea7cd8f4,post,ed66929c-c2a3-40f3-8428-4284639c15dd,A,1.0,False
A-7361,1b3c7a6f-49d6-4cf6-b951-6ed3745b42db,post,ed7ff586-e716-4849-bf24-17e80067f657,A,1.0,False
A-7362,358f4481-f5fb-465e-92ad-27d6041df1bc,post,ed8c47bc-2bee-4a27-b940-9a47deb1bfef,A,3.0,False
A-7363,9571c671-381d-4e8b-a685-5614ade991df,comment,ed8c47bc-2bee-4a27-b940-9a47deb1bfef,A,3.0,False
A-7364,ce5a63c6-cb3b-444b-b1f4-5f575639841b,post,ed8c47bc-2bee-4a27-b940-9a47deb1bfef,A,3.0,False
A-7365,8450c8dc-c309-4676-a4c1-2bb57525ffe7,post,ed912b1e-aa69-4547-bb42-2b25bfc0f4f7,A,1.0,False
A-7366,17873426-4d64-4f1e-b453-34cea8d2c28a,comment,ed9c8691-43fb-4d95-b350-395a717fb9c5,A,2.0,False
A-7367,42847c02-2f58-4ed2-a6f6-0c1b327761d3,comment,ed9c8691-43fb-4d95-b350-395a717fb9c5,A,2.0,False
A-7368,1978cd0c-262b-4d87-b744-bd4ece80727b,post,edbd7f07-7c4b-4ecd-a9f5-510e47cfef10,A,2.0,False
A-7369,9ed082d1-380a-4c16-a0d9-dab8b90ce523,post,edbd7f07-7c4b-4ecd-a9f5-510e47cfef10,A,2.0,False
A-7370,3faae87c-5c58-41eb-bebc-a3e15056832d,comment,edd671c7-ffc5-4fdb-bc3b-92238c3590eb,A,2.0,False
A-7371,9f4f5e1a-154a-4721-9d86-4c0cbf37dfc0,post,edd671c7-ffc5-4fdb-bc3b-92238c3590eb,A,2.0,False
A-7372,5762474d-367f-40ba-a1b2-6b08e182dbea,comment,ede2c1f7-1afa-437b-ba53-2ac98b079f88,A,2.0,False
A-7373,b1298669-460a-4439-b4b4-c980115faa45,comment,ede2c1f7-1afa-437b-ba53-2ac98b079f88,A,2.0,False
A-7374,0dd1616a-8145-4c89-bb96-41723755d86d,post,ee0a1c03-f033-46ad-ba21-f41761e892aa,A,3.0,False
A-7375,2cd07892-e9d5-427f-acaa-7ca78b7924b4,post,ee0a1c03-f033-46ad-ba21-f41761e892aa,A,3.0,False
A-7376,694ecc60-31f5-40d6-af62-938fb9b136b0,post,ee0a1c03-f033-46ad-ba21-f41761e892aa,A,3.0,False
A-7377,b6bb3a19-0b8c-4e6a-a44d-30b413588323,post,ee345e37-85a6-4828-a327-8c9ab717f28f,A,1.0,False
A-7378,4d5a4e04-6fac-4fa7-b39d-e79294595cb8,post,ee3b117e-d4a3-4324-825a-64dd03d3f67d,A,19.0,False
A-7379,a683ff08-9659-4e95-a043-4fd38905c95b,post,ee3b117e-d4a3-4324-825a-64dd03d3f67d,A,19.0,False
A-7380,616f04b7-1c2f-426f-8f26-9a5d8c509cc4,post,ee3b117e-d4a3-4324-825a-64dd03d3f67d,A,19.0,False
A-7381,e9682450-eb41-4b52-9ba7-fa12acfcd7d6,post,ee3b117e-d4a3-4324-825a-64dd03d3f67d,A,19.0,False
A-7382,f4fe4812-9d16-4a2c-b046-67ce6d47ee2c,post,ee3b117e-d4a3-4324-825a-64dd03d3f67d,A,19.0,False
A-7383,08267dad-e5fc-46f0-b011-bc190da9eb56,post,ee3b117e-d4a3-4324-825a-64dd03d3f67d,A,19.0,False
A-7384,268f629c-e361-4657-9a5f-fe8f7ee83eef,post,ee3b117e-d4a3-4324-825a-64dd03d3f67d,A,19.0,False
A-7385,4defe4ed-4e80-4747-b9a0-f102219fb239,post,ee3b117e-d4a3-4324-825a-64dd03d3f67d,A,19.0,False
A-7386,8fc98415-be9d-439f-8479-c264cdb291fc,post,ee3b117e-d4a3-4324-825a-64dd03d3f67d,A,19.0,False
A-7387,08d6dcde-7ac7-4f26-88a3-5b82e306b30e,post,ee3b117e-d4a3-4324-825a-64dd03d3f67d,A,19.0,False
A-7388,343160fd-620a-4ac4-b333-ae804e973360,post,ee3b117e-d4a3-4324-825a-64dd03d3f67d,A,19.0,False
A-7389,6fa1d5eb-2167-4827-9104-d6e6b4f44eeb,post,ee3b117e-d4a3-4324-825a-64dd03d3f67d,A,19.0,False
A-7390,f95a3d3b-4770-4adc-a87c-246a15f3f4a5,post,ee3b117e-d4a3-4324-825a-64dd03d3f67d,A,19.0,False
A-7391,a682defa-123c-41fe-89a9-cfed7d9a4b27,post,ee3b117e-d4a3-4324-825a-64dd03d3f67d,A,19.0,False
A-7392,787f1a7d-fee9-4c16-972c-fd0fab648aee,post,ee3b117e-d4a3-4324-825a-64dd03d3f67d,A,19.0,False
A-7393,09eb0002-10bc-436e-85ea-167c6b6a9e69,post,ee5c6f9c-ef52-414d-818b-0b002f30380b,A,3.0,False
A-7394,0e1ea218-330d-49ef-876d-b8b706a35852,post,ee5c6f9c-ef52-414d-818b-0b002f30380b,A,3.0,False
A-7395,f1d27f7a-c312-48e9-8580-8d7896c72154,post,ee5c6f9c-ef52-414d-818b-0b002f30380b,A,3.0,False
A-7396,ec667f50-5bd5-491a-bb16-5838cda63ccf,comment,ee6434a8-c05f-42dd-a7f7-d07e0bc3316d,A,1.0,False
A-7397,67f82374-5bac-4c29-ad3d-9aeabb63285f,post,ee76c196-bd11-4bba-9e0c-f5d470fc4569,A,5.0,False
A-7398,72226c72-f170-4e45-b41c-3b981f1b7dbc,post,ee76c196-bd11-4bba-9e0c-f5d470fc4569,A,5.0,False
A-7399,b752885d-bc7c-4616-a0a8-231a9070ae97,post,ee76c196-bd11-4bba-9e0c-f5d470fc4569,A,5.0,False
A-7400,cf7fb5f9-8de5-4ab9-9c62-2b27472f91bd,post,ee76c196-bd11-4bba-9e0c-f5d470fc4569,A,5.0,False
A-7401,e043e0e2-fa26-4607-bb6f-6660fe14eedd,post,ee76c196-bd11-4bba-9e0c-f5d470fc4569,A,5.0,False
A-7402,cc93e4de-b255-425c-8655-06b2889b4eb5,post,ee7baec8-5c84-4ce8-81da-d45cc6c449b8,A,1.0,False
A-7403,0015611e-d5b0-43f0-b310-e097fc2eb5f7,post,ee83415a-653a-4ce9-9a98-f55b8c971a3e,A,1.0,False
A-7404,fa35a858-4907-449d-b41c-7bdd405d7c8e,post,ee83ded3-dacc-486e-be31-7356f3dea3a4,A,1.0,False
A-7405,7d321bb1-1fcc-4393-8a94-6ec2ed731783,post,ee89a710-e103-4827-9a37-699cd4356100,A,1.0,False
A-7406,faa40a76-055d-4d68-ae44-b34b8b2eb3dd,post,ee922d0a-8da5-4f74-a876-19683375b775,A,1.0,False
A-7407,4878c325-bcce-44cf-b24e-1da0de02acc2,comment,ee93988e-b54a-4490-8477-48586c20f410,A,30.0,False
A-7408,10f53775-6a09-48f4-9b83-323dc9d47084,comment,ee93988e-b54a-4490-8477-48586c20f410,A,30.0,False
A-7409,46dd5af8-10ac-47f9-97c8-095b5d82d5fc,comment,ee93988e-b54a-4490-8477-48586c20f410,A,30.0,False
A-7410,804e7f5d-12ab-4922-87de-a649fd7003d5,comment,ee93988e-b54a-4490-8477-48586c20f410,A,30.0,False
A-7411,1ffb00e9-95b2-41db-910d-6d4bf3517c3a,comment,ee93988e-b54a-4490-8477-48586c20f410,A,30.0,False
A-7412,25f3ce1d-7fc3-495d-8c01-3bffa065d0d4,comment,ee93988e-b54a-4490-8477-48586c20f410,A,30.0,False
A-7413,fa0a47c5-1437-47d8-ab6f-507b43624320,post,ee93988e-b54a-4490-8477-48586c20f410,A,30.0,False
A-7414,3ac9ccec-ba51-4756-aa2b-0810cf332a99,post,ee93988e-b54a-4490-8477-48586c20f410,A,30.0,False
A-7415,28adc924-5f18-4bca-87b2-ba81f3e4e737,comment,ee93988e-b54a-4490-8477-48586c20f410,A,30.0,False
A-7416,f581afd7-47ee-4855-968e-43bf6f3fe8d7,comment,ee93988e-b54a-4490-8477-48586c20f410,A,30.0,False
A-7417,37943a34-8ece-4812-b62c-9e6f241b6014,post,ee93988e-b54a-4490-8477-48586c20f410,A,30.0,False
A-7418,8afd4708-9b22-4d78-95d5-b4770010626a,post,ee93988e-b54a-4490-8477-48586c20f410,A,30.0,False
A-7419,4b229bff-8ff6-4880-8fa7-0be8ccb7a7aa,post,ee93988e-b54a-4490-8477-48586c20f410,A,30.0,False
A-7420,72554e52-366e-4d9a-bff9-26ea66675e2d,post,ee93988e-b54a-4490-8477-48586c20f410,A,30.0,False
A-7421,7aa2c09e-015d-463b-8439-2eedfea4b344,comment,ee93988e-b54a-4490-8477-48586c20f410,A,30.0,False
A-7422,57014820-1eb9-46f9-8640-5b8236523ec7,comment,eec0016b-acfc-4482-acbe-b75244dcd959,A,3.0,False
A-7423,a0ec424b-a037-4050-97b5-3647efdb4442,post,eec0016b-acfc-4482-acbe-b75244dcd959,A,3.0,False
A-7424,e2482459-52a6-4085-8c88-ed0c136798bf,post,eec0016b-acfc-4482-acbe-b75244dcd959,A,3.0,False
A-7425,93463b31-b860-4ca6-82fe-f6d849955a6b,post,eee32c01-4106-4f8d-839b-0ea4f9dd8873,A,1.0,False
A-7426,495f3b4c-3075-44ed-b917-2042131f693c,post,eeeefa79-36be-447a-bf36-fc1506338154,A,1.0,False
A-7427,3d5215b5-bb0d-4e36-aca5-31f46fb8cb82,post,ef630449-b919-4418-8328-884dc0b38fb5,A,1.0,False
A-7428,85063621-030e-4590-8e92-8ed27d4e980d,post,ef69abc0-d762-4187-9fcb-05c6584443da,A,1.0,False
A-7429,b570257e-047c-421e-83af-b84b6cf62494,comment,ef87d39d-5d0c-4c78-8650-462518f497e9,A,28.0,False
A-7430,de810fbb-9b7f-46bc-a6b1-001bfdf580c5,comment,ef87d39d-5d0c-4c78-8650-462518f497e9,A,28.0,False
A-7431,87c2c0fd-05e7-4ed5-bb11-9137aa0a7de6,comment,ef87d39d-5d0c-4c78-8650-462518f497e9,A,28.0,False
A-7432,fa6e098c-74ab-44f1-92e0-1a8a7ea1196a,comment,ef87d39d-5d0c-4c78-8650-462518f497e9,A,28.0,False
A-7433,4cb24b3d-1b78-4aaf-90b5-76fb7f151097,comment,ef87d39d-5d0c-4c78-8650-462518f497e9,A,28.0,False
A-7434,a8f8bde6-1071-466c-9c19-250923734109,comment,ef87d39d-5d0c-4c78-8650-462518f497e9,A,28.0,False
A-7435,8d039471-aeab-427f-9a12-00b47557398c,comment,ef87d39d-5d0c-4c78-8650-462518f497e9,A,28.0,False
A-7436,3e76f9bd-1b5e-4bd6-9b88-6ceafcae52e5,comment,ef87d39d-5d0c-4c78-8650-462518f497e9,A,28.0,False
A-7437,c2eeae71-08b4-4207-b285-4f1ff058a1d1,comment,ef87d39d-5d0c-4c78-8650-462518f497e9,A,28.0,False
A-7438,d7670275-c895-433b-815a-902a44d1a52e,comment,ef87d39d-5d0c-4c78-8650-462518f497e9,A,28.0,False
A-7439,932eb045-9591-432a-9066-7587c52d0dbd,comment,ef87d39d-5d0c-4c78-8650-462518f497e9,A,28.0,False
A-7440,fd21427b-bc5a-4cb6-b9ba-0708700d132b,comment,ef87d39d-5d0c-4c78-8650-462518f497e9,A,28.0,False
A-7441,574d6e19-4217-4b05-88c7-d5b765f3fd03,comment,ef87d39d-5d0c-4c78-8650-462518f497e9,A,28.0,False
A-7442,845e78be-d9c7-4c2e-a927-9589ce2dd988,comment,ef87d39d-5d0c-4c78-8650-462518f497e9,A,28.0,False
A-7443,59834543-6492-46c5-a099-e9f59e879dd0,comment,ef87d39d-5d0c-4c78-8650-462518f497e9,A,28.0,False
A-7444,379da30a-0bec-4cfe-ab7c-78985eaed983,post,ef8a4c7c-1b75-4852-a72a-754b3ca3ffd7,A,4.0,False
A-7445,cc1c21c8-040c-43fb-a392-301881c5ee55,post,ef8a4c7c-1b75-4852-a72a-754b3ca3ffd7,A,4.0,False
A-7446,e70eb434-871b-4451-a820-d493f1d13c25,post,ef8a4c7c-1b75-4852-a72a-754b3ca3ffd7,A,4.0,False
A-7447,fb86a8cd-c1df-4420-8f46-1ce22dcffb1b,post,ef8a4c7c-1b75-4852-a72a-754b3ca3ffd7,A,4.0,False
A-7448,0da4c8de-a452-4c1b-886d-dc1a9e0dae20,post,ef99353c-5b2a-42b0-bbf8-580b079193f3,A,10.0,False
A-7449,10fd5cc1-a355-47b7-beac-9c5511095bc6,post,ef99353c-5b2a-42b0-bbf8-580b079193f3,A,10.0,False
A-7450,12c4d94f-0b55-41ad-9d53-03f102663e85,post,ef99353c-5b2a-42b0-bbf8-580b079193f3,A,10.0,False
A-7451,2c59c479-ba75-4bc2-8cdb-a2217ec84090,post,ef99353c-5b2a-42b0-bbf8-580b079193f3,A,10.0,False
A-7452,2db27955-96c8-490b-bb7b-7c3f624f4ebd,comment,ef99353c-5b2a-42b0-bbf8-580b079193f3,A,10.0,False
A-7453,77e0faf3-2fbc-4ed6-881b-a18caa243d5b,post,ef99353c-5b2a-42b0-bbf8-580b079193f3,A,10.0,False
A-7454,80d73d86-ef33-4efd-8f9d-5a2d9a9b54b7,post,ef99353c-5b2a-42b0-bbf8-580b079193f3,A,10.0,False
A-7455,8f0c4f13-ab96-44bc-99e5-a129bb7b13e3,post,ef99353c-5b2a-42b0-bbf8-580b079193f3,A,10.0,False
A-7456,aa93ec27-532e-4a51-84e2-ed507091b2b5,post,ef99353c-5b2a-42b0-bbf8-580b079193f3,A,10.0,False
A-7457,ef890f8d-c573-44bb-8068-f22f175ee75b,post,ef99353c-5b2a-42b0-bbf8-580b079193f3,A,10.0,False
A-7458,00717d85-9dc3-43e4-8efd-cbedcaf3e5b5,comment,f0018f51-3ea6-41f7-b703-66811886182c,A,12.0,False
A-7459,1eaaf37c-9272-4ba7-b200-e74d6db99215,comment,f0018f51-3ea6-41f7-b703-66811886182c,A,12.0,False
A-7460,3efbdf29-2fef-4434-a70d-071c8b3bc636,comment,f0018f51-3ea6-41f7-b703-66811886182c,A,12.0,False
A-7461,469bcdc4-8eed-47f6-9d67-35207bbf52e3,post,f0018f51-3ea6-41f7-b703-66811886182c,A,12.0,False
A-7462,4eb2bea9-0c69-45c8-a084-5576ee8891ac,comment,f0018f51-3ea6-41f7-b703-66811886182c,A,12.0,False
A-7463,530b765e-fed3-4d85-a409-76f5e29a4040,comment,f0018f51-3ea6-41f7-b703-66811886182c,A,12.0,False
A-7464,56bc0605-2fbe-4978-bfb5-f7ad6a85ceb1,post,f0018f51-3ea6-41f7-b703-66811886182c,A,12.0,False
A-7465,88d17af8-6e88-4ffb-b3f0-2c1aa1e64ff4,comment,f0018f51-3ea6-41f7-b703-66811886182c,A,12.0,False
A-7466,b678757c-56a8-4c6f-afdf-9dcb949aab43,comment,f0018f51-3ea6-41f7-b703-66811886182c,A,12.0,False
A-7467,b7b36c81-590a-4662-bf4d-06d83e73e970,post,f0018f51-3ea6-41f7-b703-66811886182c,A,12.0,False
A-7468,bc2fed0d-783e-4bdb-b805-5893550d8dd3,post,f0018f51-3ea6-41f7-b703-66811886182c,A,12.0,False
A-7469,ea43197b-a0bf-4769-b10e-4c8a2fc6183f,comment,f0018f51-3ea6-41f7-b703-66811886182c,A,12.0,False
A-7470,cc41a7e6-94ab-4508-a50a-0ba47986240b,post,f0379771-7521-4c3f-8a3e-5c3800ce0491,A,1.0,False
A-7471,3250da79-5509-411b-99c5-c38395e7cb4c,post,f03b3a0b-2dff-45f6-a228-06e5a82ed6f1,A,2.0,False
A-7472,a276072f-5873-44bd-a455-5baa500b87a4,post,f03b3a0b-2dff-45f6-a228-06e5a82ed6f1,A,2.0,False
A-7473,85f481d7-974e-4084-bbc0-c9cc6a806607,post,f049d761-5edc-436b-86e6-0cd2d134a11c,A,2.0,False
A-7474,b97a02a6-78da-4f7c-a47e-5bb9a13d2f1f,post,f049d761-5edc-436b-86e6-0cd2d134a11c,A,2.0,False
A-7475,191bee2f-7ab0-4caa-8442-ca678d0f9bf2,post,f0765a51-2ceb-4101-9856-60ba3fe58638,A,1.0,False
A-7476,7b626dfd-1789-43ce-b40c-47a4ef756d41,post,f09e6234-ea27-4c00-b79a-b9412cfa3595,A,1.0,False
A-7477,0bd3d3c0-2b14-46a3-9285-3811580429d9,post,f0b831e7-e4b0-4872-99e5-9ec0bd842181,A,1.0,False
A-7478,08053d87-c275-44c8-a3d1-d7a7bc10b4d6,comment,f0ccf056-6d0d-4392-bff1-2b4a8c7c3eb5,A,1.0,False
A-7479,8a9f3b46-d407-46cc-b9b6-a49f39006ccf,comment,f0ef0266-0f9e-47c7-ae96-399cb1ef98a2,A,4.0,False
A-7480,8c966f1a-683b-41d3-a704-03e52257bee9,comment,f0ef0266-0f9e-47c7-ae96-399cb1ef98a2,A,4.0,False
A-7481,99da7e93-2eb9-4c46-abf6-be56790d1fbc,comment,f0ef0266-0f9e-47c7-ae96-399cb1ef98a2,A,4.0,False
A-7482,e83ad110-b499-40f1-ade8-045655576811,post,f0ef0266-0f9e-47c7-ae96-399cb1ef98a2,A,4.0,True
A-7483,c285af2e-2034-4762-9b22-f45d99e92b0c,post,f10629c7-5ca1-4f3f-8553-f99bf8233580,A,1.0,False
A-7484,16ad9d06-3503-474f-a828-887e659711d8,post,f10d0073-ccf8-48f6-af94-4e8217a1c0f8,A,4.0,False
A-7485,294acf8d-337d-4152-98a2-3028e4f3c027,comment,f10d0073-ccf8-48f6-af94-4e8217a1c0f8,A,4.0,False
A-7486,88286192-ec8a-48a6-932a-cc4d8efabc0d,comment,f10d0073-ccf8-48f6-af94-4e8217a1c0f8,A,4.0,False
A-7487,ff5db421-8406-4cc3-9729-61a14da6e5d1,comment,f10d0073-ccf8-48f6-af94-4e8217a1c0f8,A,4.0,False
A-7488,6b16a373-7706-4000-9bad-b3cec8a374c5,post,f111b6c4-b302-49b1-a341-bfa7f2347673,A,1.0,False
A-7489,4db2f199-0ae8-4664-aa9c-164133292f65,post,f11ecc24-7e83-4e2f-bde4-a5469a00ee04,A,2.0,False
A-7490,e321c419-4aab-4482-958d-664799a04ca1,comment,f11ecc24-7e83-4e2f-bde4-a5469a00ee04,A,2.0,False
A-7491,8e1c2433-4808-4ed4-be65-3feaa41b98dd,post,f1249c08-3783-4358-8201-7a6f1f0d3790,A,1.0,False
A-7492,085a40a7-a09e-47d6-a100-5e2d0d5e9c6e,comment,f132c960-51a4-41e4-8c03-982161cfae96,A,4.0,False
A-7493,1bf54f8c-e3a7-41da-b829-2d4ee4ece881,comment,f132c960-51a4-41e4-8c03-982161cfae96,A,4.0,False
A-7494,490107f6-a56f-4bb3-835e-b5b621de9145,post,f132c960-51a4-41e4-8c03-982161cfae96,A,4.0,False
A-7495,e97a270d-0225-4bb8-a7b1-c16106a8ebf6,post,f132c960-51a4-41e4-8c03-982161cfae96,A,4.0,False
A-7496,083d338f-0b09-439b-b3dd-c1fa8988df10,post,f13d0440-b752-4097-bbd0-79d961dd116c,A,4.0,False
A-7497,6476f585-9e74-4e8a-b70b-742acb271eff,post,f13d0440-b752-4097-bbd0-79d961dd116c,A,4.0,False
A-7498,fdddca55-2bb0-4347-904d-6dbfd4735ca6,comment,f13d0440-b752-4097-bbd0-79d961dd116c,A,4.0,False
A-7499,ffa90b8d-1e3e-4191-942f-a706321ac960,post,f13d0440-b752-4097-bbd0-79d961dd116c,A,4.0,False
A-7500,0509c9e9-0471-43b8-886b-f1f2fd747809,post,f14cd51d-0612-451a-8a6e-24dce22bbc9e,A,1.0,False
A-7501,33c8b9b0-9099-4cfe-b1dc-e8127405fdea,post,f154f3a8-3f98-44e8-9f51-ee56bf3e9826,A,2.0,False
A-7502,bb8c7d16-9781-4c95-9129-42ecb516c19b,post,f154f3a8-3f98-44e8-9f51-ee56bf3e9826,A,2.0,False
A-7503,eff76fa7-b9f8-48db-a4ff-b6bc079851c6,post,f15ec601-8fc3-4086-8969-0f52399dce4b,A,1.0,False
A-7504,b0d7de10-3a50-4e3d-89f2-5cb6101babc4,post,f1609f73-816b-4ec6-8230-6ef566c1f1d7,A,1.0,False
A-7505,5ca951e3-f179-4a39-bcb2-cd6afc1e64fe,comment,f16110d5-7c47-43a2-9d5d-5f98737bf537,A,2.0,False
A-7506,5cdefb54-f785-43f9-aa33-d05ad7906072,post,f16110d5-7c47-43a2-9d5d-5f98737bf537,A,2.0,False
A-7507,2e926b03-804d-4464-a10c-20c116d9298f,post,f184196f-fa48-4f74-9804-a2801dfc8e73,A,3.0,False
A-7508,78ce660b-dd74-4ed7-8406-6fbdb8e74176,post,f184196f-fa48-4f74-9804-a2801dfc8e73,A,3.0,False
A-7509,aadaa427-e044-4c93-b987-68a8fbf9f22c,comment,f184196f-fa48-4f74-9804-a2801dfc8e73,A,3.0,False
A-7510,7429a7ca-9119-4745-a0d0-dbc980624f4c,post,f1944835-a6c2-4dd0-914f-a2ad540f75fc,A,1.0,False
A-7511,0e831595-d125-49bf-bc57-3e54e6c87caf,comment,f1b98380-d321-4f05-a3be-397d25a2c556,A,1.0,False
A-7512,40a85d4d-a599-4df7-a027-e2d3036c283a,post,f1d3ea86-5118-4522-9885-14151c179032,A,3.0,False
A-7513,601adf4a-38e2-414b-8e75-7ea6c516f57a,comment,f1d3ea86-5118-4522-9885-14151c179032,A,3.0,False
A-7514,9a1ab8e3-3af0-4a42-a7b0-788140ec56d0,comment,f1d3ea86-5118-4522-9885-14151c179032,A,3.0,False
A-7515,391d6f81-e566-468a-a87a-89d25a563955,post,f24a8e1d-6be5-44b3-a7b6-35a8b3e6efff,A,2.0,False
A-7516,629c6f60-c54d-4f2b-981c-533923e27c0e,post,f24a8e1d-6be5-44b3-a7b6-35a8b3e6efff,A,2.0,False
A-7517,4dcc4288-f24b-48cb-8c44-5ce6a2f78d4d,comment,f24e531b-3af6-46c2-8afe-a51fa90fd44f,A,4.0,False
A-7518,67b2967a-0197-4ae7-9ee9-769b5282d864,post,f24e531b-3af6-46c2-8afe-a51fa90fd44f,A,4.0,False
A-7519,83701cca-0dfc-45e8-95f6-7e070224b4ce,post,f24e531b-3af6-46c2-8afe-a51fa90fd44f,A,4.0,False
A-7520,a970362c-f798-4cc7-8875-0dc04074fcfd,comment,f24e531b-3af6-46c2-8afe-a51fa90fd44f,A,4.0,False
A-7521,926e5cfe-308d-49a1-9b58-efca4a83881d,post,f256a433-95f1-4550-9d5d-60a1add1eb90,A,1.0,False
A-7522,0959ece6-231e-4527-b02e-dde3234179d7,comment,f26cfb34-0bf1-42f6-a5e2-6c08917b5a09,A,11.0,False
A-7523,13b8b77f-80af-46b2-a6fd-3ecb52c8c9a6,comment,f26cfb34-0bf1-42f6-a5e2-6c08917b5a09,A,11.0,False
A-7524,300921b0-24fb-4ccf-8729-af4298335219,post,f26cfb34-0bf1-42f6-a5e2-6c08917b5a09,A,11.0,False
A-7525,3f11ace7-4659-4628-a47e-62647c83eaed,comment,f26cfb34-0bf1-42f6-a5e2-6c08917b5a09,A,11.0,False
A-7526,5c8bfe74-112f-4d51-b30b-fb02fd6451c3,comment,f26cfb34-0bf1-42f6-a5e2-6c08917b5a09,A,11.0,False
A-7527,7bed5f89-b70c-4a74-b02f-9df01c0cf42a,comment,f26cfb34-0bf1-42f6-a5e2-6c08917b5a09,A,11.0,False
A-7528,88f806be-086d-4e77-9515-f3ba6d9b03dd,comment,f26cfb34-0bf1-42f6-a5e2-6c08917b5a09,A,11.0,False
A-7529,95e298ed-3e0e-496d-9980-2cb34908140f,comment,f26cfb34-0bf1-42f6-a5e2-6c08917b5a09,A,11.0,False
A-7530,a7432d06-ebf3-42ad-9280-f17a44fc809e,post,f26cfb34-0bf1-42f6-a5e2-6c08917b5a09,A,11.0,False
A-7531,a88019c1-f710-410a-bbea-fa39037097a4,post,f26cfb34-0bf1-42f6-a5e2-6c08917b5a09,A,11.0,False
A-7532,cc537000-b32b-4f81-82a2-31999dcd5f7d,post,f26cfb34-0bf1-42f6-a5e2-6c08917b5a09,A,11.0,False
A-7533,6a563047-4b56-4057-84b5-a5abfd8f7ca7,post,f2779516-c249-4311-9152-f039a82e5a38,A,1.0,False
A-7534,5557a61d-8f6a-402f-8cda-8e916e9f8d13,post,f28c1550-ab99-4264-b214-0f8b86596895,A,1.0,False
A-7535,9effa557-7c37-4a21-8cf7-4ff0868deeab,post,f291e070-47d7-4b40-87fd-d8e34c04a950,A,2.0,False
A-7536,fb9f3f7f-df40-439e-ade7-efe0682c0e8d,comment,f291e070-47d7-4b40-87fd-d8e34c04a950,A,2.0,False
A-7537,57738919-b165-47b5-8d77-c51ea81be19b,comment,f2932eb9-21fe-437c-8778-e25c80212fb7,A,2.0,False
A-7538,71d7b9e0-6944-4911-b182-863f4f47b4c2,post,f2932eb9-21fe-437c-8778-e25c80212fb7,A,2.0,False
A-7539,385cdd18-99fd-4058-86a3-dd1792bc08b4,post,f2aff838-9c28-4e69-b5bf-99627d073c7b,A,10.0,False
A-7540,3b14268e-9447-485a-af28-ec8c3e11de81,post,f2aff838-9c28-4e69-b5bf-99627d073c7b,A,10.0,False
A-7541,48f81b46-0c3e-4599-81c3-0b9458cf73b2,post,f2aff838-9c28-4e69-b5bf-99627d073c7b,A,10.0,False
A-7542,4d07e200-5523-4d20-babc-94f4db3244e9,post,f2aff838-9c28-4e69-b5bf-99627d073c7b,A,10.0,False
A-7543,5d2588bf-4eb8-48c5-8218-cddffe94b889,post,f2aff838-9c28-4e69-b5bf-99627d073c7b,A,10.0,False
A-7544,760a3a69-8a7c-4c6b-9b1b-a7b76ed97898,post,f2aff838-9c28-4e69-b5bf-99627d073c7b,A,10.0,False
A-7545,be3d0b26-fb56-4387-a302-4feb9d00cca2,post,f2aff838-9c28-4e69-b5bf-99627d073c7b,A,10.0,False
A-7546,d7613f96-5c3f-4601-b4d3-d946ef87efa9,post,f2aff838-9c28-4e69-b5bf-99627d073c7b,A,10.0,False
A-7547,e34cee04-5c21-41ff-a5f1-afc1bc8a4b90,post,f2aff838-9c28-4e69-b5bf-99627d073c7b,A,10.0,False
A-7548,fdec3b20-356b-4519-9cdf-2c7988535011,post,f2aff838-9c28-4e69-b5bf-99627d073c7b,A,10.0,False
A-7549,07020b1f-dc94-485e-be46-940380513855,post,f2b44fd1-0674-4e19-bab9-4751a99b2cc6,A,2.0,False
A-7550,0bd50370-2319-4daf-8708-d19a1f7cc005,post,f2b44fd1-0674-4e19-bab9-4751a99b2cc6,A,2.0,False
A-7551,04a16b6f-3f8c-4048-a6bb-9fae94bde3f8,comment,f2b60dea-6151-44f2-9ed3-7c4a6e46c5b7,A,4.0,False
A-7552,369a5208-3a55-4cd6-aed8-01140fc321c2,post,f2b60dea-6151-44f2-9ed3-7c4a6e46c5b7,A,4.0,False
A-7553,9896e2ef-5a2b-4a17-a0c0-475fe5268e51,comment,f2b60dea-6151-44f2-9ed3-7c4a6e46c5b7,A,4.0,False
A-7554,bd2d8eba-1e95-4bc0-936d-40c1b319a8db,comment,f2b60dea-6151-44f2-9ed3-7c4a6e46c5b7,A,4.0,False
A-7555,53a28edb-2457-424d-a4be-259e8bd820a1,post,f2c6035a-7c4e-47c6-b5b1-0697bae09371,A,3.0,False
A-7556,688d7126-10f8-4f55-85c4-5a4c506559d8,post,f2c6035a-7c4e-47c6-b5b1-0697bae09371,A,3.0,False
A-7557,ca533de7-0339-45fc-ace7-07b4fe2b4b20,post,f2c6035a-7c4e-47c6-b5b1-0697bae09371,A,3.0,False
A-7558,ecbce6a1-4053-439c-8cc4-478117b3b4eb,post,f2cc37fb-61fd-4d87-a2a6-fa7e6fea6430,A,1.0,False
A-7559,0ed5f6e0-a6b6-44d6-b04a-d45e6bc0bb7a,post,f2d82f9b-a58d-43b1-b913-1ebe413b5590,A,2.0,False
A-7560,ed146d69-ba7c-4f03-8afc-79f2bba8daa1,comment,f2d82f9b-a58d-43b1-b913-1ebe413b5590,A,2.0,False
A-7561,cc9c00d2-3b2d-4ffb-ad42-a0ac2471ce2a,comment,f2df95b5-c674-49d0-86d5-6b732777f0d6,A,57.0,False
A-7562,37dfdf23-5bbf-4821-9334-928ed0e66033,comment,f2df95b5-c674-49d0-86d5-6b732777f0d6,A,57.0,False
A-7563,b34abd2a-769a-4959-a498-a2742a8d8dce,comment,f2df95b5-c674-49d0-86d5-6b732777f0d6,A,57.0,False
A-7564,6b305143-ef1c-488c-b054-c868a82d4686,comment,f2df95b5-c674-49d0-86d5-6b732777f0d6,A,57.0,False
A-7565,cda0c148-763d-401d-b009-8abbc5e7a5d2,comment,f2df95b5-c674-49d0-86d5-6b732777f0d6,A,57.0,False
A-7566,abf48e0a-4617-4a32-8389-e61ddb6e69e9,comment,f2df95b5-c674-49d0-86d5-6b732777f0d6,A,57.0,False
A-7567,e35ab896-af6b-439f-9dfe-e41d85cccd00,comment,f2df95b5-c674-49d0-86d5-6b732777f0d6,A,57.0,False
A-7568,cd273e6d-bba5-490f-8789-c138a3c68894,comment,f2df95b5-c674-49d0-86d5-6b732777f0d6,A,57.0,False
A-7569,b60dbfdd-7e20-45ab-bdd6-568ddec2666a,comment,f2df95b5-c674-49d0-86d5-6b732777f0d6,A,57.0,False
A-7570,261b64b1-c9d6-4fa8-b8bc-45a9a9e24c2b,comment,f2df95b5-c674-49d0-86d5-6b732777f0d6,A,57.0,False
A-7571,e2204c6b-7398-47e5-946b-176764bd9766,comment,f2df95b5-c674-49d0-86d5-6b732777f0d6,A,57.0,False
A-7572,ee168586-9fef-4e4f-a5b8-31409ac0d0dc,comment,f2df95b5-c674-49d0-86d5-6b732777f0d6,A,57.0,False
A-7573,eb22dd84-f87e-4f57-8d12-c61f7c986b9f,comment,f2df95b5-c674-49d0-86d5-6b732777f0d6,A,57.0,False
A-7574,3dc60ca9-b41f-41f1-bfd6-31136d466d9c,comment,f2df95b5-c674-49d0-86d5-6b732777f0d6,A,57.0,False
A-7575,075627be-a594-4d4e-9dbd-83f6d628ad1e,comment,f2df95b5-c674-49d0-86d5-6b732777f0d6,A,57.0,False
A-7576,1a2593fd-2c76-4a38-9a53-0460f31e804c,post,f2fa5045-590f-41d8-be1f-cc88d4c19945,A,8.0,False
A-7577,3cd20cd3-3209-4eff-a3b8-443c9954dcfb,post,f2fa5045-590f-41d8-be1f-cc88d4c19945,A,8.0,False
A-7578,52e75bf9-e2e2-4edc-833d-90b2937911c0,post,f2fa5045-590f-41d8-be1f-cc88d4c19945,A,8.0,False
A-7579,e06492b9-1966-4c65-af39-e4e5cea7828f,post,f2fa5045-590f-41d8-be1f-cc88d4c19945,A,8.0,False
A-7580,f20e2044-17c5-45b7-a4b4-9ffd5ab00433,post,f2fa5045-590f-41d8-be1f-cc88d4c19945,A,8.0,False
A-7581,f281cbd3-13e3-4d4a-8893-61140410b7b4,post,f2fa5045-590f-41d8-be1f-cc88d4c19945,A,8.0,False
A-7582,fbf95df5-9be0-4041-99cb-71d1012f0f36,post,f2fa5045-590f-41d8-be1f-cc88d4c19945,A,8.0,False
A-7583,fd0ce9fd-7f42-40a9-a99a-39b019bcfd97,post,f2fa5045-590f-41d8-be1f-cc88d4c19945,A,8.0,False
A-7584,4c575a71-48a4-4d7e-a47f-78ff5f01f99d,post,f309649a-5361-439e-89cb-de6be4cb8a3c,A,1.0,False
A-7585,0ed4b5fc-b64e-437c-9211-d5dcd2d9a82d,comment,f312ece4-2f8c-4a73-9132-b635cf4bc938,A,2.0,False
A-7586,3b1ebb8a-7f99-4be2-85ec-5786b32ef2ae,post,f312ece4-2f8c-4a73-9132-b635cf4bc938,A,2.0,False
A-7587,4cb2b115-ebf5-4c1c-a7e9-24717f2fb335,comment,f323f2b5-b253-435c-b0eb-131c0de3f5df,A,1.0,False
A-7588,4c9d17e5-cd0e-452e-9245-49f4cc7bbea4,comment,f34f6ee8-3fab-4c70-a4a6-95c9477fe196,A,2.0,False
A-7589,bd77400c-6dde-4aa1-8d10-a19d56617406,post,f34f6ee8-3fab-4c70-a4a6-95c9477fe196,A,2.0,False
A-7590,d4e592f0-9d1b-4122-95a5-8b140ea94d4e,comment,f36b61e9-3134-464b-86d2-bce2c0c1dc94,A,39.0,False
A-7591,f0686b71-de16-485e-9bd4-c95f2dd14b75,post,f36b61e9-3134-464b-86d2-bce2c0c1dc94,A,39.0,False
A-7592,257d4edc-0c5c-4dbb-bfdf-2213a3fd6ced,comment,f36b61e9-3134-464b-86d2-bce2c0c1dc94,A,39.0,False
A-7593,39fe86ef-85ca-4ee2-8fe2-188e51e6c990,comment,f36b61e9-3134-464b-86d2-bce2c0c1dc94,A,39.0,False
A-7594,f64a2f27-27fa-4126-8cd3-ac712e12431d,comment,f36b61e9-3134-464b-86d2-bce2c0c1dc94,A,39.0,False
A-7595,2f671e00-4085-4a5f-bd71-9947de41c98d,comment,f36b61e9-3134-464b-86d2-bce2c0c1dc94,A,39.0,False
A-7596,7362eef2-a1ef-4e81-9512-f4a9d9e4a860,comment,f36b61e9-3134-464b-86d2-bce2c0c1dc94,A,39.0,False
A-7597,b721a890-154a-4d64-9d9f-04f6fc33df78,comment,f36b61e9-3134-464b-86d2-bce2c0c1dc94,A,39.0,False
A-7598,d7185294-b5a5-4b1e-955f-09c2afa76208,comment,f36b61e9-3134-464b-86d2-bce2c0c1dc94,A,39.0,False
A-7599,e564adea-b98d-4aae-ab5f-c48368b600fc,post,f36b61e9-3134-464b-86d2-bce2c0c1dc94,A,39.0,False
A-7600,6e0d1f0f-3736-43b7-8042-5288b30947a4,post,f36b61e9-3134-464b-86d2-bce2c0c1dc94,A,39.0,False
A-7601,6df76361-8c91-4ae9-a50e-1da3530ed1fa,comment,f36b61e9-3134-464b-86d2-bce2c0c1dc94,A,39.0,False
A-7602,b2cea757-ab46-43e9-9381-a77808b8d696,comment,f36b61e9-3134-464b-86d2-bce2c0c1dc94,A,39.0,False
A-7603,30101468-d143-48ee-bc7c-b5c0340cc12b,comment,f36b61e9-3134-464b-86d2-bce2c0c1dc94,A,39.0,False
A-7604,c7f38a25-9fef-4d66-85a4-b305a83c0d0e,comment,f36b61e9-3134-464b-86d2-bce2c0c1dc94,A,39.0,False
A-7605,99f9aab1-a058-46c8-9563-7cb439b2adf3,post,f3a4b7c6-c4ea-422e-8a8c-b46bb5d270f2,A,1.0,False
A-7606,074a7b59-695d-41ca-990d-9ccd65bd95f0,post,f3a6d49a-ce17-479c-83d2-e0514526629f,A,1.0,False
A-7607,d1039be9-08f7-47bc-9e1e-d33a4b02c9a9,post,f3bbb9c9-5095-43c2-9cba-604816606471,A,1.0,False
A-7608,31491650-cf01-4d84-bc3a-c72a0714db98,post,f3c49dfd-a91e-473f-81ab-e55327be9f09,A,9.0,False
A-7609,4e1f9f3c-0712-4a03-95c9-587ca8dfdb9d,post,f3c49dfd-a91e-473f-81ab-e55327be9f09,A,9.0,False
A-7610,4fd78fc1-9830-4ba6-9fbf-5336164cc461,post,f3c49dfd-a91e-473f-81ab-e55327be9f09,A,9.0,False
A-7611,8ce6d518-cfd0-4320-be0b-eed58b4c00ab,comment,f3c49dfd-a91e-473f-81ab-e55327be9f09,A,9.0,False
A-7612,970d4b71-7318-45c4-b908-d55090ab954b,post,f3c49dfd-a91e-473f-81ab-e55327be9f09,A,9.0,False
A-7613,9f23b476-6611-4677-a2a1-b3d7511a3254,comment,f3c49dfd-a91e-473f-81ab-e55327be9f09,A,9.0,False
A-7614,c7ab6ea0-0064-4a76-a7fe-a6631eaa1e1a,post,f3c49dfd-a91e-473f-81ab-e55327be9f09,A,9.0,False
A-7615,d3d713c8-3478-4e4d-96e3-612e3a6535f8,post,f3c49dfd-a91e-473f-81ab-e55327be9f09,A,9.0,False
A-7616,d827f749-bd84-4a15-bd67-34bf7583c5a5,comment,f3c49dfd-a91e-473f-81ab-e55327be9f09,A,9.0,False
A-7617,cd560194-92d9-4052-84a7-c0ee25b19bdb,post,f4278eab-a34b-4748-a3d3-d424d2112d46,A,1.0,False
A-7618,0b5bc297-131b-4461-b237-1746dfcdf042,comment,f4621512-6a44-476f-b1d3-f8c6270d2535,A,5.0,False
A-7619,11a0c226-42f9-4e0a-bc01-3edb341ff40b,comment,f4621512-6a44-476f-b1d3-f8c6270d2535,A,5.0,False
A-7620,1c0d1a2d-2fe7-4d26-8ac1-e788e02ceab2,comment,f4621512-6a44-476f-b1d3-f8c6270d2535,A,5.0,False
A-7621,36cd4aa4-5676-4869-9282-7c9d80278578,comment,f4621512-6a44-476f-b1d3-f8c6270d2535,A,5.0,False
A-7622,ec2f1385-5c07-4455-bd83-f7fdb53f81e2,comment,f4621512-6a44-476f-b1d3-f8c6270d2535,A,5.0,False
A-7623,17ecd10b-95c6-4e06-9be3-0834d1f5d28b,post,f4ad775f-007f-4a85-a401-73e5a33e3a73,A,10.0,False
A-7624,276630cb-4bcc-449f-980c-5634795cf25d,comment,f4ad775f-007f-4a85-a401-73e5a33e3a73,A,10.0,False
A-7625,42c6bedf-8899-4c48-a2ed-b779073d7ee3,comment,f4ad775f-007f-4a85-a401-73e5a33e3a73,A,10.0,False
A-7626,79d49f01-db94-4aa8-9e6a-c56c032ced9a,post,f4ad775f-007f-4a85-a401-73e5a33e3a73,A,10.0,False
A-7627,820072c8-df9b-4c5a-b8a0-a148ca1c6f01,post,f4ad775f-007f-4a85-a401-73e5a33e3a73,A,10.0,False
A-7628,b3729291-ccdc-4ad0-a01e-6ce5eda590b6,post,f4ad775f-007f-4a85-a401-73e5a33e3a73,A,10.0,False
A-7629,b3f4f8ed-c1cc-431a-bd9c-ba539050b03a,comment,f4ad775f-007f-4a85-a401-73e5a33e3a73,A,10.0,False
A-7630,e6a6b0bc-434a-4c20-9ebc-35083625ee2e,post,f4ad775f-007f-4a85-a401-73e5a33e3a73,A,10.0,False
A-7631,ecb46e26-2bb9-48d5-b4d5-710c60f20abc,post,f4ad775f-007f-4a85-a401-73e5a33e3a73,A,10.0,False
A-7632,f3bc71cb-92b3-4764-a793-a3ed7d22b609,comment,f4ad775f-007f-4a85-a401-73e5a33e3a73,A,10.0,False
A-7633,555c9662-23d4-4f96-8917-bdc75a30791d,post,f4d620d3-2dee-4463-b44a-dc3ebaf695d2,A,2.0,False
A-7634,de675118-fd1d-4c5d-a22b-1b8ff4ea32ae,comment,f4d620d3-2dee-4463-b44a-dc3ebaf695d2,A,2.0,False
A-7635,4dea1bd2-57fc-4ca5-8766-bdb4bc82098d,post,f50638b1-1864-46db-8855-b75c273ef25c,A,2.0,False
A-7636,63f69e9c-b442-446a-af28-6a2c8653024e,comment,f50638b1-1864-46db-8855-b75c273ef25c,A,2.0,False
A-7637,1bb2135d-d201-462a-b8a3-f12d46af7596,post,f51ef6a1-585d-497a-9ef5-c16e8b4f4227,A,1.0,False
A-7638,1319cdea-b0ff-4348-9071-0214108e0620,post,f5315d98-9d7c-41c0-bdf4-34a5187225f3,A,3.0,False
A-7639,20cac91b-efde-460e-9c2d-53f49870fb47,post,f5315d98-9d7c-41c0-bdf4-34a5187225f3,A,3.0,False
A-7640,5aa81b71-4b21-4e9c-b945-ed196ab4c683,post,f5315d98-9d7c-41c0-bdf4-34a5187225f3,A,3.0,False
A-7641,21f60412-a8e8-4bff-814f-4aabaf924044,comment,f53e3fe7-0008-4e34-afb4-fb01de632e2b,A,1.0,False
A-7642,5ca7cc94-5b58-4fd4-a7dd-4880379122dd,post,f5416c9a-82ed-4e60-bd74-a25c614d876c,A,1.0,False
A-7643,8b2d9256-d61e-412f-85ae-872f517cef0a,comment,f552a1f6-d357-4d23-bb5f-f12c12c4de66,A,1.0,False
A-7644,22ab6da1-3ff9-481c-91da-3b9b832f66c7,post,f56d4316-acfa-4763-a54c-e6559f9fd319,A,6.0,False
A-7645,2c873d87-efa5-43c1-9313-5230299f097e,comment,f56d4316-acfa-4763-a54c-e6559f9fd319,A,6.0,False
A-7646,758fd4ef-9f04-431b-9490-e7b57e85b841,comment,f56d4316-acfa-4763-a54c-e6559f9fd319,A,6.0,False
A-7647,9363637a-d3d7-455e-8542-5892413a4583,comment,f56d4316-acfa-4763-a54c-e6559f9fd319,A,6.0,False
A-7648,c536eed5-385d-4351-b51b-b61cb5468e1e,comment,f56d4316-acfa-4763-a54c-e6559f9fd319,A,6.0,False
A-7649,e7b2447f-190a-432e-93e3-dcc187288029,comment,f56d4316-acfa-4763-a54c-e6559f9fd319,A,6.0,False
A-7650,0c662ce2-7c08-4739-9a46-96dcb626a079,post,f5d1e7bb-0fd4-411d-bf37-97833bcdb24d,A,2.0,False
A-7651,ad17cb99-6a46-4f6a-b13e-15d77c71ae7c,post,f5d1e7bb-0fd4-411d-bf37-97833bcdb24d,A,2.0,False
A-7652,531d5a62-4ace-4098-a628-a3bdfdbef67b,post,f5f46b67-bacc-45b5-8ccf-b68f4de0b0ac,A,2.0,False
A-7653,99a4d20f-a461-407c-8a41-b34a46d69256,comment,f5f46b67-bacc-45b5-8ccf-b68f4de0b0ac,A,2.0,False
A-7654,27aa00b7-4a91-4ca6-bdce-e4cd86bd4575,post,f608aedc-ea08-4a33-a775-4127cf5a351c,A,6.0,False
A-7655,6d4dfb6d-4c61-4a2c-bd1b-be151017b57a,comment,f608aedc-ea08-4a33-a775-4127cf5a351c,A,6.0,False
A-7656,bcf1cc82-0381-4dcc-8e49-4b0f49af2d83,post,f608aedc-ea08-4a33-a775-4127cf5a351c,A,6.0,False
A-7657,d0a938c1-72fa-42c9-bc47-c50e4b51849b,post,f608aedc-ea08-4a33-a775-4127cf5a351c,A,6.0,False
A-7658,dbde2345-0815-4630-ac9d-13e4f1968f92,post,f608aedc-ea08-4a33-a775-4127cf5a351c,A,6.0,False
A-7659,f616b182-2561-4dd8-872e-be7d710c0c81,post,f608aedc-ea08-4a33-a775-4127cf5a351c,A,6.0,False
A-7660,4e74882f-12e3-4c87-881f-e05c0edf1160,comment,f63a248b-e767-4e82-94b6-8d2f9a0bf534,A,1.0,False
A-7661,2beb34df-29ca-49d1-ada7-3c075e5d0d99,post,f63f9662-9a38-47db-afa4-c1096ef57ed1,A,1.0,False
A-7662,6604cbde-4a43-41b3-9373-cbd0c698c43d,post,f6508b90-1780-45bd-a081-4c642f0d1fb6,A,1.0,False
A-7663,e4c68ddd-411c-4332-b04e-0f30741b88c0,post,f6a0d98d-ad48-4809-8fb7-7f5932dff25d,A,1.0,False
A-7664,66cd8a8d-757c-4856-90a7-536edd672cc6,comment,f6c30afb-26c6-49bc-b6d3-b14d6aa9115b,A,1.0,False
A-7665,be2f8eab-6eba-4356-9b95-0769095248dd,post,f7249742-5787-48df-bbe0-b4cc801c0b73,A,1.0,False
A-7666,e458c004-c002-481c-8e78-47322e3fca8f,post,f729dc89-957c-4f95-98d3-116aefadbbe1,A,1.0,False
A-7667,4e3162ab-9e4a-4e56-a363-03b365e0c6e5,post,f76a0386-74f4-410f-ae21-9cb22e2c95c3,A,1.0,False
A-7668,cfed1a05-a243-47b4-aa6f-342361fe6d28,post,f76cf4c6-5660-4c3f-a5b8-2b34f6ff88f2,A,1.0,False
A-7669,11f37956-9179-4f7f-9c9e-ff50c51edf45,comment,f77e38de-15ef-49dd-8d71-c1fe124eed55,A,15.0,False
A-7670,18dda9a3-1003-4e9e-8094-0cfa26e370fe,comment,f77e38de-15ef-49dd-8d71-c1fe124eed55,A,15.0,False
A-7671,31352172-879b-46c8-ba48-c4dc39e52576,comment,f77e38de-15ef-49dd-8d71-c1fe124eed55,A,15.0,False
A-7672,3139963e-6ca1-42d8-bd94-8f9abc375189,post,f77e38de-15ef-49dd-8d71-c1fe124eed55,A,15.0,False
A-7673,31822c6e-2665-4a6a-9d95-1899cf970595,post,f77e38de-15ef-49dd-8d71-c1fe124eed55,A,15.0,False
A-7674,4c05bf93-eb67-47b1-b4d4-75ba554a24ce,comment,f77e38de-15ef-49dd-8d71-c1fe124eed55,A,15.0,False
A-7675,7b367899-4a2a-4d1b-a3ff-3693261aae44,comment,f77e38de-15ef-49dd-8d71-c1fe124eed55,A,15.0,False
A-7676,87b9fdd9-3ef8-49d5-beab-e8b16b31ba8b,comment,f77e38de-15ef-49dd-8d71-c1fe124eed55,A,15.0,False
A-7677,9fc4a61e-fd4c-4f4b-8fbf-bdf9b1cb1195,post,f77e38de-15ef-49dd-8d71-c1fe124eed55,A,15.0,False
A-7678,a9af3ce6-cc54-412e-b4fc-7c4eb6e74fc9,comment,f77e38de-15ef-49dd-8d71-c1fe124eed55,A,15.0,False
A-7679,b2beafcd-5c19-4c88-a0c2-11679aa21cda,comment,f77e38de-15ef-49dd-8d71-c1fe124eed55,A,15.0,False
A-7680,bc6fb76e-b17e-481e-8cdb-c6c21f7c4ba0,comment,f77e38de-15ef-49dd-8d71-c1fe124eed55,A,15.0,False
A-7681,c05e1ad8-6712-42da-abaa-1a7598ea7114,post,f77e38de-15ef-49dd-8d71-c1fe124eed55,A,15.0,False
A-7682,d5cd6966-c8c6-4591-8335-723a81413095,comment,f77e38de-15ef-49dd-8d71-c1fe124eed55,A,15.0,False
A-7683,ec123508-689d-44da-81d1-8e545e53b655,comment,f77e38de-15ef-49dd-8d71-c1fe124eed55,A,15.0,False
A-7684,27f74fc7-d49f-4361-b87f-24b5bedb88d2,post,f7adbd33-d5c3-42ae-a047-b746e9d35a49,A,2.0,False
A-7685,958aab38-714f-4aed-8850-b79f3957553e,comment,f7adbd33-d5c3-42ae-a047-b746e9d35a49,A,2.0,False
A-7686,c140706b-bd0a-4479-8bf6-c93d43c71003,post,f7c19f07-2d73-4ea6-8673-ede6e0e41ce1,A,1.0,False
A-7687,3c7d0917-81e9-43c9-9ebc-dbe041ae5af7,post,f7c329bb-b086-40ff-a2ed-7dafd4f9b90c,A,1.0,False
A-7688,33bff637-e967-4cad-ae3c-d0d66b91eb98,post,f7de1159-a880-4be6-8af4-1a1079c08085,A,4.0,False
A-7689,3c6f9317-8d2b-40ab-93ce-a3dea0e38655,post,f7de1159-a880-4be6-8af4-1a1079c08085,A,4.0,False
A-7690,61ec834a-628e-4bf8-aad4-93b52e06d30a,comment,f7de1159-a880-4be6-8af4-1a1079c08085,A,4.0,False
A-7691,d4a8e959-6d78-4606-a75a-d2471a6580d7,post,f7de1159-a880-4be6-8af4-1a1079c08085,A,4.0,False
A-7692,680d58e0-c71f-47e2-8241-941efd72155d,post,f7f9e2aa-85ba-4d53-a7fa-053cb6d92e40,A,1.0,False
A-7693,45d94967-1ba6-4c83-abd6-8e586894f7b9,post,f7ff943d-58f1-4d7c-b518-7f5306b706a4,A,3.0,False
A-7694,764d263c-aa5e-4183-95e6-385a3163e361,post,f7ff943d-58f1-4d7c-b518-7f5306b706a4,A,3.0,False
A-7695,d8944b4f-7f5c-4759-9df3-cce04a5f89e7,post,f7ff943d-58f1-4d7c-b518-7f5306b706a4,A,3.0,False
A-7696,6f606332-44b9-40ba-a703-90da629a21a3,post,f80737b7-fc80-4067-85f9-0fed80fa2833,A,1.0,False
A-7697,ca7933fe-0ff7-4392-bff9-e4b9fe0f5f6e,post,f809b41e-ed10-4a17-a57c-c9730b1a6df4,A,1.0,False
A-7698,b25a3f8f-6d3b-40f9-a2b0-b0d872bb0cf7,post,f80ce894-798a-49f1-9fad-d43173bb1208,A,1.0,False
A-7699,06454add-adb9-4b88-8368-187789b651c9,comment,f8242716-c41d-48f3-a90b-9218ac0678c6,A,11.0,False
A-7700,0ac428cb-c47b-4e2c-9d96-fda65da76ace,comment,f8242716-c41d-48f3-a90b-9218ac0678c6,A,11.0,False
A-7701,35e55f91-08f4-4aa6-ad64-320b79019d21,comment,f8242716-c41d-48f3-a90b-9218ac0678c6,A,11.0,False
A-7702,3ef9e0a8-9f7c-41d8-afcd-e002bfdf98f6,post,f8242716-c41d-48f3-a90b-9218ac0678c6,A,11.0,False
A-7703,794cb761-060f-4d05-84ae-3047f097300a,comment,f8242716-c41d-48f3-a90b-9218ac0678c6,A,11.0,False
A-7704,7eca1653-79b6-4409-963c-3f8780cae0ed,comment,f8242716-c41d-48f3-a90b-9218ac0678c6,A,11.0,False
A-7705,8693d762-5eb9-410c-a427-4b80769f5b2d,comment,f8242716-c41d-48f3-a90b-9218ac0678c6,A,11.0,False
A-7706,9e59305d-7874-4028-b206-705c008fdf33,comment,f8242716-c41d-48f3-a90b-9218ac0678c6,A,11.0,False
A-7707,b5c409a6-b82e-47d2-972b-102342383ece,comment,f8242716-c41d-48f3-a90b-9218ac0678c6,A,11.0,False
A-7708,cdc5612d-d0ae-4776-803c-cee5999a6515,comment,f8242716-c41d-48f3-a90b-9218ac0678c6,A,11.0,False
A-7709,e8a9bd7c-ae98-48e6-b8f0-26f027b8a583,post,f8242716-c41d-48f3-a90b-9218ac0678c6,A,11.0,False
A-7710,3da5ad5a-c434-42c5-9a0a-295e1cfb4afc,post,f82fc98b-d84a-4b7e-a686-b9777d19cc12,A,1.0,False
A-7711,6603b6a5-f6eb-41c7-8d8c-9cd6eb54488f,post,f8388dcf-70d8-4d6a-81af-9d3f1f8cd581,A,4.0,False
A-7712,6fe5dc08-a8cd-40e8-921f-a05e49d9dca8,post,f8388dcf-70d8-4d6a-81af-9d3f1f8cd581,A,4.0,False
A-7713,730c5db0-a064-49ce-b181-f1c25ee19b0b,post,f8388dcf-70d8-4d6a-81af-9d3f1f8cd581,A,4.0,False
A-7714,d04186df-932c-44b9-a14a-78bf58e7dd76,post,f8388dcf-70d8-4d6a-81af-9d3f1f8cd581,A,4.0,False
A-7715,bb0c7b9c-f322-4e34-8afd-cb017ce4f04f,post,f84b1ba2-171b-4d97-a250-64e84644e2ed,A,1.0,False
A-7716,4bea8183-dd28-4516-8e1d-859022c48ffa,post,f851788c-66fc-43e6-b933-d32bcef69590,A,1.0,False
A-7717,7f11a796-dd5e-4b2e-9ca6-6380000b4128,post,f87e4d51-2674-4fb4-af46-d9416899f05e,A,1.0,False
A-7718,0fdb6797-1b12-45f1-b385-dfb7b43758ed,post,f87ec66e-ee21-4cc2-970d-140a60708419,A,1.0,False
A-7719,a664632a-9efc-41da-9b5f-98ad9c94aa1c,post,f8a01590-2983-49e0-8bb4-9b5f372c1f4d,A,2.0,False
A-7720,e199a996-2890-48a5-9e8d-4cc40dd7124c,post,f8a01590-2983-49e0-8bb4-9b5f372c1f4d,A,2.0,False
A-7721,9a884d7d-69ba-4f1d-a5d3-b0e6df81ed45,post,f8f1b1f3-4a32-4e3e-8dfd-9287e77c2aef,A,1.0,False
A-7722,b66776b3-4b58-4817-a7ef-13a6195ae802,post,f90ca407-828a-4b19-87fe-9c6bddb66424,A,1.0,False
A-7723,a29b3cec-7eb1-46bf-a721-3c66bdfd8352,post,f919157a-8005-474a-bc0d-d895cf070d27,A,1.0,False
A-7724,29521748-7d90-442b-9723-549f80dc2747,post,f95194b8-0ca9-4127-9d50-61460b0ea3b4,A,2.0,False
A-7725,72c3e535-a29e-4fdb-b918-a8ac290f8911,post,f95194b8-0ca9-4127-9d50-61460b0ea3b4,A,2.0,False
A-7726,8d9d7ce0-0680-4779-a29a-8dae6eeb540b,post,f970f80d-32b2-4a82-8f5f-f046362ba7cc,A,1.0,False
A-7727,0af7f5fa-aed4-4631-ab14-25c2d3664339,post,f9881d85-cfc9-4558-9f99-33a7fb86d608,A,3.0,False
A-7728,70934893-c783-4ff0-b246-a4049233ee99,post,f9881d85-cfc9-4558-9f99-33a7fb86d608,A,3.0,False
A-7729,91ccc098-8487-4392-92b7-7f45c333fb68,comment,f9881d85-cfc9-4558-9f99-33a7fb86d608,A,3.0,False
A-7730,1095aa8d-c5cc-422c-8387-a4ba038c3efd,post,f990038c-7977-458b-bb85-9968f9ce4e64,A,2.0,False
A-7731,eca371f8-67bc-4e81-a14e-8cdf32db4b9c,post,f990038c-7977-458b-bb85-9968f9ce4e64,A,2.0,False
A-7732,12415e1a-5ae1-47b2-bf0c-85997ba7fbd1,comment,f9a45f98-b527-419f-9627-c42946558ae4,A,4.0,False
A-7733,1d2656f7-e538-4fb6-aa33-56846810b64f,comment,f9a45f98-b527-419f-9627-c42946558ae4,A,4.0,False
A-7734,a68dabcd-0762-4e5a-82dc-b9c1492626ce,comment,f9a45f98-b527-419f-9627-c42946558ae4,A,4.0,False
A-7735,eeef47c4-0729-4c58-bac0-91bbb00ab7b8,comment,f9a45f98-b527-419f-9627-c42946558ae4,A,4.0,False
A-7736,e30fa1ae-bbbe-40f7-85c8-fe1f2c7ed07f,comment,f9b1cf13-1a89-4951-a63e-87ab39018af1,A,17.0,False
A-7737,96269338-32dd-48a5-989a-7084be03e149,comment,f9b1cf13-1a89-4951-a63e-87ab39018af1,A,17.0,False
A-7738,dcf89ea2-fb0a-4c06-aa7f-1987d7ceea24,comment,f9b1cf13-1a89-4951-a63e-87ab39018af1,A,17.0,False
A-7739,457a05df-08c1-45c7-80ec-a1dd1be0639d,comment,f9b1cf13-1a89-4951-a63e-87ab39018af1,A,17.0,False
A-7740,ce063618-02d5-4490-94d0-1a45f967c7a4,comment,f9b1cf13-1a89-4951-a63e-87ab39018af1,A,17.0,False
A-7741,d22a663e-2e78-4973-9e84-5327e18e09e7,comment,f9b1cf13-1a89-4951-a63e-87ab39018af1,A,17.0,False
A-7742,53c3fa64-076b-42f5-8795-6b63bd21419a,comment,f9b1cf13-1a89-4951-a63e-87ab39018af1,A,17.0,False
A-7743,72cb1d78-b0a1-48f0-9bb4-21ed880c8444,comment,f9b1cf13-1a89-4951-a63e-87ab39018af1,A,17.0,False
A-7744,cda25a96-97de-4f99-8881-d451c2870f31,comment,f9b1cf13-1a89-4951-a63e-87ab39018af1,A,17.0,False
A-7745,8b318504-1a66-487e-a6f9-5b52f8b30e70,comment,f9b1cf13-1a89-4951-a63e-87ab39018af1,A,17.0,False
A-7746,fb8ecec4-6d85-4ccb-a79b-a47c9904e298,comment,f9b1cf13-1a89-4951-a63e-87ab39018af1,A,17.0,False
A-7747,6b88a8fa-449b-4cde-bf9b-48b4021a6fe9,comment,f9b1cf13-1a89-4951-a63e-87ab39018af1,A,17.0,False
A-7748,bd74811a-f669-40f7-97aa-4361f834f38c,comment,f9b1cf13-1a89-4951-a63e-87ab39018af1,A,17.0,False
A-7749,34edf4d5-b690-47d2-b205-6991d401794e,comment,f9b1cf13-1a89-4951-a63e-87ab39018af1,A,17.0,False
A-7750,0cfa121e-5477-4c1c-9a8e-c70fc58afda8,post,f9b1cf13-1a89-4951-a63e-87ab39018af1,A,17.0,False
A-7751,bd4ef6fd-8d22-428d-abe0-14d7df7fe323,comment,f9c9ca7d-7b76-46d0-a436-9eeb8e6d93e6,A,1.0,False
A-7752,bbcff2c1-df7a-4323-9324-4063eac0fe34,post,f9d63b10-11b9-47fc-95a6-885db09a0976,A,2.0,False
A-7753,d5a3da5a-5766-47da-8f56-a01c6327b640,comment,f9d63b10-11b9-47fc-95a6-885db09a0976,A,2.0,False
A-7754,b5bc90b0-3417-40eb-b5cd-7fd3bf58f205,comment,fa16bf1e-c212-426f-97db-e45f032333a9,A,2.0,False
A-7755,d4409f79-6b56-4a0f-8237-319983724cfc,post,fa16bf1e-c212-426f-97db-e45f032333a9,A,2.0,False
A-7756,865be29c-18e6-4e7e-898d-d203c4097c93,comment,fa303b8c-d4b0-4d85-aa95-9951559c9543,A,2.0,False
A-7757,d98b41ba-8d88-41bd-afc5-a6b7606dd15e,comment,fa303b8c-d4b0-4d85-aa95-9951559c9543,A,2.0,False
A-7758,7ab7ca3c-a79f-4bb3-bc1a-936aed97d8d4,post,fa3923ad-d669-4226-b9d1-f5da2ae6c81c,A,1.0,False
A-7759,71eca167-3c55-49d4-aa5c-17bcfce4f4a6,comment,fa40c4dc-eaa2-407e-95e2-269703f47d06,A,1.0,False
A-7760,08ee1865-3545-41dc-a4d7-5518167a188d,comment,fa42fc3c-1d83-4969-82cf-350a8276dee7,A,4.0,False
A-7761,2c7c0816-206b-4051-b04d-aab86b4816bf,post,fa42fc3c-1d83-4969-82cf-350a8276dee7,A,4.0,False
A-7762,3d3ff286-37eb-4eaf-a8ab-88d6e1205be5,comment,fa42fc3c-1d83-4969-82cf-350a8276dee7,A,4.0,False
A-7763,81626e81-5544-45f6-a8ab-ffc04b3aa43b,comment,fa42fc3c-1d83-4969-82cf-350a8276dee7,A,4.0,False
A-7764,e380c557-4cd6-4b36-aebd-d59d101c6855,post,fa4888f2-6dc0-40bf-99f8-9edba25a2609,A,1.0,False
A-7765,48d634fa-dd28-4e79-ac2e-c0519172f00f,post,fa49e67d-54a7-4924-9158-f14818fa59dc,A,2.0,False
A-7766,c24cd0ec-3236-425d-824c-0bf2cd8c76e5,comment,fa49e67d-54a7-4924-9158-f14818fa59dc,A,2.0,False
A-7767,f100c0a3-651a-4307-b6fd-e21fa0a82cca,comment,fa5dcc0a-2958-402b-8491-4db186f8516b,A,1.0,False
A-7768,14a36a54-66ac-424b-8780-5509e8c6e228,post,fa756a21-f2c4-4220-94ba-adfb456efbb1,A,1.0,False
A-7769,a879a0fd-7226-412c-a45b-8fff3d5d9572,post,fa8dfbbf-a584-484d-9a70-ccb1fcfa7aaf,A,1.0,False
A-7770,41c9008c-6c9e-46d7-b578-d0167df516e2,post,fa966ede-ae42-4dac-bc62-488571599ba1,A,2.0,False
A-7771,ba9f6971-4ae8-411f-9945-63cb9ba86bac,post,fa966ede-ae42-4dac-bc62-488571599ba1,A,2.0,False
A-7772,12c72e9f-0aef-409b-9565-6b58e2f9793a,post,fab39bbf-3a81-4152-bbb1-0ff98a116f0f,A,1.0,False
A-7773,7f33bf52-c2c4-456f-9c8d-56df117dbd46,post,fab9ef84-8ae9-424f-9174-fbe86732a722,A,1.0,False
A-7774,f8e8bfa3-e27a-4870-af79-4c4baef0d12f,post,fac727a0-4fc4-4316-a082-3f7679f61a51,A,1.0,False
A-7775,4fb6099c-c2cf-4c2e-b399-255857b1fd13,post,fad3f010-4577-4fd3-96d7-45e8c8b75932,A,2.0,False
A-7776,e7be6838-d15e-409f-b2d4-67384677da65,comment,fad3f010-4577-4fd3-96d7-45e8c8b75932,A,2.0,False
A-7777,00c23fb0-43fa-430a-bcdc-af88ae43f3d0,post,fad4d830-0df8-4ef0-b160-57b00eb2e4cd,A,2.0,False
A-7778,40b2e720-7709-4183-8563-9a7101a6a995,post,fad4d830-0df8-4ef0-b160-57b00eb2e4cd,A,2.0,False
A-7779,18479f57-af7d-4f47-bbc7-d50e9c02acce,post,fae8e119-64b5-4743-9808-055acb4b2e2c,A,3.0,False
A-7780,d1ba4fd8-693b-4185-95db-a1e0a208ed20,post,fae8e119-64b5-4743-9808-055acb4b2e2c,A,3.0,False
A-7781,f0052641-0634-4e2a-b854-543c2f07e180,post,fae8e119-64b5-4743-9808-055acb4b2e2c,A,3.0,False
A-7782,473a33b2-b69c-48f6-b1dd-39c40479bf1b,comment,faf62969-ad51-4e08-9eb2-78aaa3116f0d,A,6.0,False
A-7783,5273695c-6e8b-49b5-8937-e01e402bac9a,comment,faf62969-ad51-4e08-9eb2-78aaa3116f0d,A,6.0,False
A-7784,6e651a9d-aa1a-47e6-ad79-5348a4faf60d,post,faf62969-ad51-4e08-9eb2-78aaa3116f0d,A,6.0,False
A-7785,8c722750-dc80-4291-8b6c-434c6275acef,post,faf62969-ad51-4e08-9eb2-78aaa3116f0d,A,6.0,False
A-7786,973a214e-0e24-4814-b8d2-3b6c1afc9921,comment,faf62969-ad51-4e08-9eb2-78aaa3116f0d,A,6.0,False
A-7787,c7224ea1-4ebf-433c-a1b8-f0c97564286b,comment,faf62969-ad51-4e08-9eb2-78aaa3116f0d,A,6.0,False
A-7788,374330db-c217-48c8-93d3-2c34d95bdf8d,post,faff38e0-6d6f-465c-b812-c2b455bd7d8d,A,1.0,False
A-7789,0d06e190-8c46-42ee-a266-6a14b16657f0,post,fb07203e-b091-4df5-84e5-c4d4935e921d,A,8.0,False
A-7790,14f88123-8e3b-4e16-b323-837e6408dc90,comment,fb07203e-b091-4df5-84e5-c4d4935e921d,A,8.0,False
A-7791,2af8a802-4b7f-42f5-b29c-7d47ad55dd54,post,fb07203e-b091-4df5-84e5-c4d4935e921d,A,8.0,False
A-7792,39d9b456-3521-4cc1-b0f2-60b7342b743e,post,fb07203e-b091-4df5-84e5-c4d4935e921d,A,8.0,False
A-7793,45f2122e-bc63-49a1-a28e-880a4ac89354,post,fb07203e-b091-4df5-84e5-c4d4935e921d,A,8.0,False
A-7794,484656e7-1e58-4656-9f04-cf4e6909a51b,post,fb07203e-b091-4df5-84e5-c4d4935e921d,A,8.0,False
A-7795,68f6e953-babf-440c-88a9-b75fbaada5ca,post,fb07203e-b091-4df5-84e5-c4d4935e921d,A,8.0,False
A-7796,fec5e36c-de02-43d4-9bd3-9679db3fa0de,comment,fb07203e-b091-4df5-84e5-c4d4935e921d,A,8.0,False
A-7797,1d94302d-f0ff-4e1b-b523-0a1c636d5667,comment,fb0ca3d6-d902-4faf-a662-6a4b0cbd4a5c,A,12.0,False
A-7798,3dc2ca1a-d20f-4c48-8359-24c84dbd8b4b,comment,fb0ca3d6-d902-4faf-a662-6a4b0cbd4a5c,A,12.0,False
A-7799,41e6ec74-d303-4b97-9c5b-7d99c0e45860,comment,fb0ca3d6-d902-4faf-a662-6a4b0cbd4a5c,A,12.0,False
A-7800,4f515b37-1573-4e47-a183-f2417486ae4d,comment,fb0ca3d6-d902-4faf-a662-6a4b0cbd4a5c,A,12.0,False
A-7801,72ff8981-741d-43b2-a6d9-0d662ffb4b46,post,fb0ca3d6-d902-4faf-a662-6a4b0cbd4a5c,A,12.0,False
A-7802,af98b678-eb8e-4bfd-a84f-bd1e58f24665,comment,fb0ca3d6-d902-4faf-a662-6a4b0cbd4a5c,A,12.0,False
A-7803,bb7c06fe-83d4-4aa7-bf1b-f402fb820fb0,comment,fb0ca3d6-d902-4faf-a662-6a4b0cbd4a5c,A,12.0,False
A-7804,cc010b7c-3130-46b5-9bd4-f58ac4418559,comment,fb0ca3d6-d902-4faf-a662-6a4b0cbd4a5c,A,12.0,False
A-7805,d01865a5-0ae3-4dfd-839a-bd5294d94870,comment,fb0ca3d6-d902-4faf-a662-6a4b0cbd4a5c,A,12.0,False
A-7806,daa0904c-e742-4618-a085-237756a7f30d,post,fb0ca3d6-d902-4faf-a662-6a4b0cbd4a5c,A,12.0,False
A-7807,e062c8c2-ab93-4832-b19f-e24ec41c8f8b,comment,fb0ca3d6-d902-4faf-a662-6a4b0cbd4a5c,A,12.0,False
A-7808,feb5c5a1-ec01-49a0-8be8-e1ab83b29f4d,post,fb0ca3d6-d902-4faf-a662-6a4b0cbd4a5c,A,12.0,False
A-7809,276fa756-5153-40cd-b63f-df82b8600966,post,fb0cfccd-b137-4824-a604-338b54415156,A,2.0,False
A-7810,de8563fd-65fb-4273-ae1d-617fa02c294e,post,fb0cfccd-b137-4824-a604-338b54415156,A,2.0,False
A-7811,3189b650-a555-4d3a-86d3-2409bbe4bfd4,comment,fb1f52b8-01dd-4117-a4c7-33c3866a62fa,A,2.0,False
A-7812,39739448-6f51-498b-b493-be99e123cc7f,post,fb1f52b8-01dd-4117-a4c7-33c3866a62fa,A,2.0,False
A-7813,104914af-9b2d-4995-a2f2-1bc691ccd694,comment,fb3c66a9-eb17-4fe0-9492-05f4a4ddc94d,A,3.0,False
A-7814,20ffbbb8-d1f4-4f65-a9ca-a973657e4772,post,fb3c66a9-eb17-4fe0-9492-05f4a4ddc94d,A,3.0,False
A-7815,96826f67-cc05-4aa9-8ceb-84e95263a6eb,post,fb3c66a9-eb17-4fe0-9492-05f4a4ddc94d,A,3.0,False
A-7816,1d357abf-b8d9-42cd-906b-109dd8271eb1,post,fb428a92-0f7d-410e-b590-1e354f1866ef,A,1.0,False
A-7817,b5bb6410-0252-4d08-bf84-9e9b5dff3833,post,fb4ad451-57d8-49ff-bf6b-217ea77fdfbe,A,2.0,False
A-7818,cd1aac6c-d4d4-4491-953c-8197425c3bd5,post,fb4ad451-57d8-49ff-bf6b-217ea77fdfbe,A,2.0,False
A-7819,033dbcf9-4a36-4e06-a3fd-8347decfa37c,post,fb6a597d-9aed-49cb-b51a-ad7ef43e80f6,A,2.0,False
A-7820,d9663c98-08b8-4b40-8e02-e7caaf9d70bf,post,fb6a597d-9aed-49cb-b51a-ad7ef43e80f6,A,2.0,False
A-7821,6f8af620-af45-4e9c-bf24-aaa6f4525a80,comment,fb6decdd-51a7-453f-ad8e-208b86ddc4e5,A,1.0,False
A-7822,03f5fc58-c221-4d78-b439-120c7f4fa7ee,comment,fb7ca914-33ba-4b6e-bbcb-1646ba480c4c,A,11.0,False
A-7823,318c2553-2be2-46ec-be02-fa42fc0cca61,comment,fb7ca914-33ba-4b6e-bbcb-1646ba480c4c,A,11.0,False
A-7824,4b9e3c8e-ed9e-4cae-a6bc-9f92914defea,post,fb7ca914-33ba-4b6e-bbcb-1646ba480c4c,A,11.0,False
A-7825,5c81ac05-af38-425a-aefd-ad1e7bfdafa9,post,fb7ca914-33ba-4b6e-bbcb-1646ba480c4c,A,11.0,False
A-7826,88215598-bdb0-430c-8c49-020d505b32c7,post,fb7ca914-33ba-4b6e-bbcb-1646ba480c4c,A,11.0,False
A-7827,95bb34ce-0d72-4d0c-b2fc-9820f91edfbe,post,fb7ca914-33ba-4b6e-bbcb-1646ba480c4c,A,11.0,False
A-7828,b2f2c205-ab89-441c-bd27-130f37626707,post,fb7ca914-33ba-4b6e-bbcb-1646ba480c4c,A,11.0,False
A-7829,bcfaf6a4-921c-4b49-814c-4226f83cb0a0,post,fb7ca914-33ba-4b6e-bbcb-1646ba480c4c,A,11.0,False
A-7830,ce5d3276-7092-46c8-8cbd-37a19c103371,comment,fb7ca914-33ba-4b6e-bbcb-1646ba480c4c,A,11.0,False
A-7831,d9f95f17-8800-467f-8606-2e920a7a9bb6,post,fb7ca914-33ba-4b6e-bbcb-1646ba480c4c,A,11.0,False
A-7832,f37bc5ba-8943-4b6c-a39a-718c7ca30130,post,fb7ca914-33ba-4b6e-bbcb-1646ba480c4c,A,11.0,False
A-7833,3762d9c2-b352-4375-a966-68bbd0a2241d,post,fb97fe42-26e5-4152-806d-90c053c41189,A,1.0,False
A-7834,f766c5ff-c4ac-4f95-ba56-ec95c5832400,post,fbadb757-9af8-4039-86fb-a86372513b16,A,1.0,False
A-7835,00b94ac1-2908-4bea-8c25-eeb098332ba9,post,fbb65d91-9544-4157-9413-7e897e57b8ac,A,1.0,False
A-7836,17af2749-21f5-47d6-b828-82b72541514e,post,fbb748bb-80ac-48d9-a0a7-5301dd946b6e,A,1.0,False
A-7837,16bde440-7eea-4601-b1a1-380294ac0ae0,post,fbce6149-21d5-466f-b063-0310b022b26b,A,2.0,False
A-7838,c7ea7977-c2d3-4d76-bf99-7b52f7947f9d,post,fbce6149-21d5-466f-b063-0310b022b26b,A,2.0,False
A-7839,6e0769a3-7bef-4304-b510-739cff948ff0,post,fbe0ea64-7fd7-497f-8286-0a5a5428c819,A,4.0,False
A-7840,aec6a253-c754-4f04-a328-548a043cb2ef,post,fbe0ea64-7fd7-497f-8286-0a5a5428c819,A,4.0,False
A-7841,c3a0ffc8-16ef-4f60-9732-1eabc5b21b9c,post,fbe0ea64-7fd7-497f-8286-0a5a5428c819,A,4.0,False
A-7842,e68203c5-9c1c-44a8-a8a3-4c754d0095bb,post,fbe0ea64-7fd7-497f-8286-0a5a5428c819,A,4.0,False
A-7843,1278a064-1b19-41b2-937f-41de7b5003d2,comment,fbefb766-4e4e-4ba5-a31d-bb2456eda4ff,A,8.0,False
A-7844,2a45e9a9-0fa5-49c9-a951-c1e41395197a,comment,fbefb766-4e4e-4ba5-a31d-bb2456eda4ff,A,8.0,False
A-7845,69d7169f-db9c-4da6-8375-918eb9f580a3,post,fbefb766-4e4e-4ba5-a31d-bb2456eda4ff,A,8.0,False
A-7846,7af42ea5-ac6a-4a95-8cca-1433c0ab58c0,post,fbefb766-4e4e-4ba5-a31d-bb2456eda4ff,A,8.0,False
A-7847,7b2470c5-bb6e-443b-be06-68e8fc5ab814,post,fbefb766-4e4e-4ba5-a31d-bb2456eda4ff,A,8.0,False
A-7848,bbe6209b-3783-45a0-8f35-11e9e18170db,comment,fbefb766-4e4e-4ba5-a31d-bb2456eda4ff,A,8.0,False
A-7849,befcd2be-bf23-4b2d-bb60-12b528e06bb0,post,fbefb766-4e4e-4ba5-a31d-bb2456eda4ff,A,8.0,False
A-7850,c5f0c7c0-2d3b-4cf5-a78b-94a9df807b04,comment,fbefb766-4e4e-4ba5-a31d-bb2456eda4ff,A,8.0,False
A-7851,056f306d-ef57-4638-b624-aa022ad2d0ff,comment,fbf07eab-4d9b-4ae2-941e-c83d5ec3a4e3,A,1.0,False
A-7852,50deea5e-1adf-4fc3-a049-2c1d8146f8b4,post,fbf1096d-7290-40ef-9fc5-6672d6ae52ee,A,2.0,False
A-7853,eb302031-4ae4-4e15-912a-20bf3fe3f543,post,fbf1096d-7290-40ef-9fc5-6672d6ae52ee,A,2.0,False
A-7854,01aded23-e7d2-42ac-9023-4a9f4e037ef0,comment,fc27bed7-f15a-4905-a27f-8d5e2b836787,A,2.0,False
A-7855,1b7c1926-dd06-48f5-882f-93f00c270323,post,fc27bed7-f15a-4905-a27f-8d5e2b836787,A,2.0,False
A-7856,4a55e406-0cfc-4b65-93e4-97d577851792,post,fc41759e-b869-4268-87e5-f566b6e0d9d4,A,2.0,False
A-7857,9b65c742-9cbe-47ff-ac2e-234a6265587e,post,fc41759e-b869-4268-87e5-f566b6e0d9d4,A,2.0,False
A-7858,4e68eeed-5265-4fc5-9329-47fb5f44207a,post,fc51527b-a8c6-4a9f-bcc1-87f76d7dde96,A,1.0,False
A-7859,6cf0a2d1-10ab-4b69-b2ad-f0ff93f157f0,post,fc94ec92-933a-40e3-b0b4-ce69494414fb,A,1.0,False
A-7860,11887112-77a6-4a92-89f6-c98b786e4467,post,fcba738b-c165-49b3-b689-1af429876eb3,A,1.0,False
A-7861,dd7ed386-c2ba-425a-b101-7a6f014f83c6,comment,fcbb199d-bf21-481e-b463-d0ef3688d56e,A,1.0,False
A-7862,9eb3a20f-6d06-4942-a2b9-198848cd3752,post,fccb8987-cc05-4313-9ba1-aefd6810691e,A,2.0,False
A-7863,c4cb2262-4fb7-42b3-bd7d-d6e5f79163c4,post,fccb8987-cc05-4313-9ba1-aefd6810691e,A,2.0,False
A-7864,d2602630-530b-4ddf-ad84-05c815988dba,post,fcf1f9fa-cdbb-4616-a783-d78dd3f8ca75,A,1.0,False
A-7865,30f172c1-65fc-4125-8a73-0f870ee767a8,post,fd02879b-a407-4bdf-93ff-538351b36117,A,1.0,False
A-7866,3702efd8-a40d-4a45-b88c-70361aecefee,comment,fd28a2b5-7054-4b50-a2fa-ecfaff34fedf,A,3.0,False
A-7867,3c8f71af-4c2f-496e-905b-d0a294edcd62,comment,fd28a2b5-7054-4b50-a2fa-ecfaff34fedf,A,3.0,False
A-7868,c05c17ee-565d-4b8e-bf38-1f480c418115,comment,fd28a2b5-7054-4b50-a2fa-ecfaff34fedf,A,3.0,False
A-7869,34622771-213e-4a05-8961-5111d461f67c,post,fd2c7579-e941-4f7d-b717-56c388bc2bbe,A,2.0,False
A-7870,3a1e0b55-3f0d-4632-ae7c-68be8dc48626,post,fd2c7579-e941-4f7d-b717-56c388bc2bbe,A,2.0,False
A-7871,60b5d457-bf09-456f-913e-cfe84cb13278,post,fd2e3dbc-8db5-4484-85cb-7a4067fa82cf,A,1.0,False
A-7872,998e13b5-d0b3-4e67-8183-784cb6588736,post,fd3a5f2f-3e4d-4e13-bdeb-d85ea37f2dba,A,2.0,False
A-7873,e711c953-1842-4114-8488-8030b600bee0,post,fd3a5f2f-3e4d-4e13-bdeb-d85ea37f2dba,A,2.0,False
A-7874,2481d2a6-409e-43e8-8227-e556583aecb1,comment,fd56de7a-7099-45f6-8ec3-8b131fba9c60,A,3.0,False
A-7875,28ef4f38-bfb7-4258-89cb-634f6e5a542c,post,fd56de7a-7099-45f6-8ec3-8b131fba9c60,A,3.0,False
A-7876,8f380c1d-cfe4-4ed4-97b5-64fc0b382e8f,post,fd56de7a-7099-45f6-8ec3-8b131fba9c60,A,3.0,False
A-7877,b35f4100-78ff-4884-ada1-bae863026665,post,fd80ebbb-0b7b-4824-bb83-56e7c7078356,A,1.0,False
A-7878,64e4a4c3-e504-407b-ad4c-f179240fc5a2,post,fd83caf9-516d-47fc-8429-9ca16480b0c7,A,1.0,False
A-7879,a4c9c7f2-5a3c-4307-9092-47b5eb047c8b,post,fd8e935f-a9bd-45b3-9950-f27fa244fea0,A,1.0,False
A-7880,2540bb88-70ca-4480-b571-1ccc5474a125,post,fdad5e21-6f1b-4502-8ce2-464728d2928b,A,2.0,False
A-7881,d9456097-1b15-4cee-90a1-050c6ba22ce0,post,fdad5e21-6f1b-4502-8ce2-464728d2928b,A,2.0,False
A-7882,47bbe305-2d32-4d1f-a3fc-64847bb2f0c4,post,fdb39376-bdef-4c63-8fc6-e05567ec5de9,A,2.0,False
A-7883,5b71f9ea-c8bc-406b-bad9-117d5a687f53,post,fdb39376-bdef-4c63-8fc6-e05567ec5de9,A,2.0,False
A-7884,967f544d-73b4-40b4-a1d9-425541144e6e,post,fdba50bd-5c09-486b-a896-9bb35c8b37e8,A,2.0,False
A-7885,e49fff8b-956f-46df-90b5-036bbaf1a7c0,comment,fdba50bd-5c09-486b-a896-9bb35c8b37e8,A,2.0,False
A-7886,0a8639e5-9dec-46ed-8f0f-ccf903fef274,comment,fdcd8334-011d-4517-9c7b-23c6625acc91,A,10.0,False
A-7887,16ab956e-3442-48e3-88c2-dece050c0449,post,fdcd8334-011d-4517-9c7b-23c6625acc91,A,10.0,False
A-7888,729b3b40-6779-4a99-b94e-f28d32a3b95b,post,fdcd8334-011d-4517-9c7b-23c6625acc91,A,10.0,False
A-7889,93c4f557-179b-4628-8313-09faf808c88f,post,fdcd8334-011d-4517-9c7b-23c6625acc91,A,10.0,False
A-7890,98771e3f-9d5d-4fa6-b429-e7380c4231eb,comment,fdcd8334-011d-4517-9c7b-23c6625acc91,A,10.0,False
A-7891,9cb848c3-2424-4892-b3df-98055e313761,post,fdcd8334-011d-4517-9c7b-23c6625acc91,A,10.0,False
A-7892,a98c43a1-9846-475b-9443-dad77c1e2190,post,fdcd8334-011d-4517-9c7b-23c6625acc91,A,10.0,False
A-7893,cec4800d-887d-43b2-98ea-324b7cafc518,post,fdcd8334-011d-4517-9c7b-23c6625acc91,A,10.0,False
A-7894,d844f84e-011c-4c41-87a0-e8a2b4b238e4,post,fdcd8334-011d-4517-9c7b-23c6625acc91,A,10.0,False
A-7895,e0437bda-c7ad-4caa-ac97-22610dd0e67d,post,fdcd8334-011d-4517-9c7b-23c6625acc91,A,10.0,False
A-7896,47f2fe97-d5b6-41fd-a277-6da0bd1dae3f,post,fdd3d8f9-5a63-4cf7-844f-647f7de6e644,A,1.0,False
A-7897,3605d557-218d-4acb-974c-eea511d7fa2c,comment,fdeb29ff-c665-4cd9-bf21-a550a4f75f35,A,2.0,False
A-7898,5d616224-a58f-4f27-a89d-a898b7974aad,comment,fdeb29ff-c665-4cd9-bf21-a550a4f75f35,A,2.0,False
A-7899,a2483c9b-5125-49c8-b537-312c69fbff49,post,fe08ac76-1017-40ff-bbda-0bc00f251071,A,16.0,False
A-7900,23e17c34-6659-418c-9908-fa81ce1e48c5,post,fe08ac76-1017-40ff-bbda-0bc00f251071,A,16.0,False
A-7901,38025257-32d9-41c7-a6b8-6efb4266480d,post,fe08ac76-1017-40ff-bbda-0bc00f251071,A,16.0,False
A-7902,cb06b654-9989-4c18-a92f-bace44d9b714,post,fe08ac76-1017-40ff-bbda-0bc00f251071,A,16.0,False
A-7903,2c6b1c64-0857-4770-a517-eb9f7fa40bac,post,fe08ac76-1017-40ff-bbda-0bc00f251071,A,16.0,False
A-7904,958604ba-4a07-435f-9a92-b3cfaf9e096f,post,fe08ac76-1017-40ff-bbda-0bc00f251071,A,16.0,False
A-7905,92542e68-bff5-42a2-b49d-70f026d9d22d,post,fe08ac76-1017-40ff-bbda-0bc00f251071,A,16.0,False
A-7906,44740714-b2ec-4781-a0fc-c7821bfd365f,post,fe08ac76-1017-40ff-bbda-0bc00f251071,A,16.0,False
A-7907,467a241f-b183-48c8-b0ee-9e968cb66cfa,post,fe08ac76-1017-40ff-bbda-0bc00f251071,A,16.0,False
A-7908,a265bcac-2658-49fc-9748-97685adb5bea,post,fe08ac76-1017-40ff-bbda-0bc00f251071,A,16.0,False
A-7909,ef36cfbd-f4ee-473e-a4c6-7755849aaff8,post,fe08ac76-1017-40ff-bbda-0bc00f251071,A,16.0,False
A-7910,db4f42d3-0a4b-4071-b092-15bb46eab19b,post,fe08ac76-1017-40ff-bbda-0bc00f251071,A,16.0,False
A-7911,e6eeb50f-dbc5-4f5d-8b34-3a45fb3515a8,post,fe08ac76-1017-40ff-bbda-0bc00f251071,A,16.0,False
A-7912,63a12423-65ac-49f8-8d2f-6406c4c3fee5,post,fe08ac76-1017-40ff-bbda-0bc00f251071,A,16.0,False
A-7913,13e18f82-396c-411f-b945-20592661f43d,post,fe08ac76-1017-40ff-bbda-0bc00f251071,A,16.0,False
A-7914,236ff6d1-744e-4743-89e5-6c4b86f979e6,post,fe0d8b13-46c8-489b-8e19-cd9cdf5b3ab3,A,2.0,False
A-7915,61f4d1d5-43f2-4993-b516-fd991b0c03a4,comment,fe0d8b13-46c8-489b-8e19-cd9cdf5b3ab3,A,2.0,False
A-7916,7888ef9b-7fc1-400b-85af-154e84abfff9,post,fe21c6e3-2603-447c-95f4-2229a86834b3,A,1.0,False
A-7917,98c82367-d2ea-4264-ab2a-3c219c6e0d74,post,fe2b6fef-37bf-46c9-8c25-852465b97267,A,1.0,False
A-7918,25f81227-435b-4bdb-b284-6797dabbb57a,post,fe2db3b7-92ed-497d-852b-0644cf252414,A,2.0,False
A-7919,7ff4c588-2dfb-450b-b976-ffc1063855f5,post,fe2db3b7-92ed-497d-852b-0644cf252414,A,2.0,False
A-7920,4e43c2eb-0384-415d-bd66-f5a2bdbdae56,post,fe333b00-4c6c-479c-be2a-9e1dc832fcc1,A,1.0,False
A-7921,659c28d2-9e6e-4c2f-a5d7-20f18293e1b2,post,fe508869-7657-4049-a6a2-d52dd84cfb7f,A,2.0,False
A-7922,86abefb8-166b-4b01-9c7a-68669cdb6427,comment,fe508869-7657-4049-a6a2-d52dd84cfb7f,A,2.0,False
A-7923,530837dc-31ab-406d-af7f-f302ae3934f8,post,fe569ba4-0f2a-4a42-8e47-b537a1ec9912,A,1.0,False
A-7924,62b665cf-6519-40ab-9469-6d8df473a5e1,post,fe9e502c-a2e7-4616-a5d8-ffca5002fa92,A,4.0,False
A-7925,9f2dd90c-dc2a-44d2-a9d5-3e0af5352e33,post,fe9e502c-a2e7-4616-a5d8-ffca5002fa92,A,4.0,False
A-7926,b313b13e-bcf5-4ca4-953f-f9895cb3a76e,post,fe9e502c-a2e7-4616-a5d8-ffca5002fa92,A,4.0,False
A-7927,ca392d3e-ff7a-438a-9532-8d3ad5691849,post,fe9e502c-a2e7-4616-a5d8-ffca5002fa92,A,4.0,False
A-7928,0e880145-7594-481a-a3f9-906d52651471,post,fea60504-2c0e-4407-885c-a12d0fc9e797,A,1.0,False
A-7929,0abefb33-94ac-4276-8881-7c2e39f9f6f8,post,feadd69e-cde2-45d0-972c-caf681b57f3e,A,1.0,False
A-7930,58ee338a-b99f-42c3-b6c0-28f919291f58,post,feb1c1da-b788-4ad5-a6c6-62ee0d0661f0,A,1.0,False
A-7931,4f89ec39-e864-43e4-9118-77cfb0aa2d05,post,feb562bc-0c36-48bb-b03d-8bc1882740da,A,1.0,False
A-7932,37a6cd86-052a-45d9-bd25-82cc7833ef70,comment,feb89121-bc8d-4983-bba6-aa58cde358d3,A,3.0,False
A-7933,9cea55c0-6ce5-453a-8933-8089e25fbab8,comment,feb89121-bc8d-4983-bba6-aa58cde358d3,A,3.0,False
A-7934,c084a8e0-1e50-45d3-b8c1-7be7a563d236,comment,feb89121-bc8d-4983-bba6-aa58cde358d3,A,3.0,False
A-7935,fbc0c67d-42d8-4ed5-b510-3c22770396f1,post,ff15045d-69f1-4b87-ba70-100faa8166ff,A,1.0,False
A-7936,7b4c0718-c93a-4794-accd-1c316b03caca,post,ff173ded-367a-4821-9199-aed457c405b4,A,1.0,False
A-7937,6d46d186-bf1c-4743-8844-23e96240da57,post,ff3ad697-59e8-4a05-aed0-14e54669f958,A,2.0,False
A-7938,74782418-79c5-450c-9acf-23dcff73d7b4,post,ff3ad697-59e8-4a05-aed0-14e54669f958,A,2.0,False
A-7939,f0d47c01-c5c5-49b7-bb07-add501280a22,post,ff3b9bee-5132-4904-aa3a-d96f0c93c496,A,1.0,False
A-7940,f047581d-7dfb-4e11-a26d-a60b41912fca,post,ff59f5e6-3a00-45b9-adc6-ce6980689145,A,1.0,False
A-7941,ac2a870b-b8f4-41eb-9462-3c1e4e6c038f,post,ff60d060-df5f-48d8-9e40-ee4ac408daea,A,1.0,False
A-7942,0cbd5db5-f487-48a0-9ea6-bfd843f63483,post,ff6f69c1-d88e-4d39-a83c-f8c7e362ea4d,A,4.0,False
A-7943,22bd8d27-c2ff-4a8c-a86e-8ff1010f4173,post,ff6f69c1-d88e-4d39-a83c-f8c7e362ea4d,A,4.0,False
A-7944,44a6fbc6-62b6-49b9-bd8c-ccbac122aba8,post,ff6f69c1-d88e-4d39-a83c-f8c7e362ea4d,A,4.0,False
A-7945,cb0121d3-fc25-4df0-8eef-9bbf0ae8c9ca,post,ff6f69c1-d88e-4d39-a83c-f8c7e362ea4d,A,4.0,False
A-7946,9df010ef-8a5b-483c-b240-c6580804c9d5,post,ff90c015-f510-47a9-ad4e-1853ca4f026d,A,1.0,False
A-7947,8c69def0-e8d6-436c-ae67-dcb3086b89ed,comment,ffa91da2-9550-4dd3-8a2d-d00ff24565ee,A,1.0,False
A-7948,00b4a130-2b1e-4a1d-9f03-0280b41ffed0,comment,ffbc2a84-a3f7-42ed-a33f-45845e711ba9,A,2.0,False
A-7949,1588a6d4-40f0-47df-9848-3b8c803af0ef,comment,ffbc2a84-a3f7-42ed-a33f-45845e711ba9,A,2.0,False
A-7950,af960598-60fc-4809-9076-d461a1015075,post,ffbe3609-f3a6-4d7c-b74b-ca6f61bc33c5,A,1.0,False
B-7951,1903fdee-1c90-483b-8c46-70caa3eb9ae4,post,4324498e-6fe1-4e4d-a0b1-626740b9cb2c,B,,False
B-7952,a5c619fe-0e37-4e84-b1cf-41c527a27a78,comment,60288ea4-2efc-4743-8426-b85e31ceb588,B,,False
B-7953,0da34d83-6598-4811-9f06-38c5059c189b,comment,be450ca0-50ca-466c-b067-39a0a4abb900,B,,False
B-7954,808a59ec-cd55-49b0-814c-4f1a9c70f568,comment,95734ddd-4ccd-47da-82c5-e141a9354d78,B,,False
B-7955,e1cd5efe-fc42-4f57-a24a-03206c560160,comment,6cc5ff7a-aa53-41c7-82a8-350531314a74,B,,False
B-7956,257b6989-2ad6-4528-ba6d-11662abaa9cb,comment,9a9d31c5-ca81-4ce0-90c5-8858f3ce9ea3,B,,False
B-7957,71b78251-973d-4953-878c-30f56d86001b,post,5ee1fce2-a0ec-40c3-8486-d5c5336eeaa7,B,,False
B-7958,225baf67-9a77-45eb-96f2-a8de6514d751,comment,7a8476f6-ce3f-4aad-8604-769ab205e506,B,,False
B-7959,46ecced7-9a42-4be6-a7cb-d388fb910d0a,post,8466249f-00cb-422a-868d-aaaa8d4db8bc,B,,False
B-7960,38327012-865a-49da-8d73-79b03e3d5c08,comment,4860dc9f-c385-421d-b26b-67ac91457024,B,,False
B-7961,36ee242a-9510-4bc1-a135-05a4a626767b,comment,277eee58-7b26-4e9c-9458-4a5d4ae9780c,B,,False
B-7962,833383c6-a057-4bc8-8c85-3042a4d9fdcc,comment,26815493-c055-4cd0-a55a-ecdc568f789f,B,,False
B-7963,4c93932f-cb67-4491-83c1-c718aa986f53,comment,5bb13b9a-1842-44f1-a17e-762ca0bb4ddd,B,,False
B-7964,ff8aa9cf-5a50-407f-a2ab-964f9dd72ef2,comment,d970038f-5350-4877-adaf-7debe6dc8899,B,,False
B-7965,3fa7e251-8218-4b42-8e6f-71427b554528,comment,461740e5-27fe-446f-84e2-01bc207d2d32,B,,False
B-7966,58c8dcf9-f75d-4e0c-a544-07d36c67afa8,comment,1c569ce1-2781-422f-9814-37e36ba9cd40,B,,False
B-7967,487da403-2d7a-4560-88dc-74eb32706a42,comment,6aca7b57-d732-4322-9ed3-fe20a2f531ab,B,,False
B-7968,02e861bb-e24f-413f-a912-23ce24dd2bf0,post,5dc571d5-d3c9-4567-81ac-43568076949d,B,,False
B-7969,b94ce032-2bcd-44cb-8352-edda7a51f863,comment,acf35c3f-0c32-44b1-87f7-d570704ba119,B,,False
B-7970,861fc7b7-8776-4fb3-8908-c6edda06302e,post,361e76e3-b4fc-4806-97d9-1ec2d3b0620f,B,,False
B-7971,4afc1c5e-8671-428f-bd27-96ef96ac19ee,comment,a2b567e1-5d39-4200-a5ef-3bbc2d2032a0,B,,False
B-7972,2e11218c-7bf9-42aa-8010-feff53848489,comment,18124162-73ee-4c72-9b28-6bf0dc1984e8,B,,False
B-7973,6a1b0ee8-734b-494c-a5d4-014b983f63ab,comment,690deadf-791a-41bc-ad5a-391de6ecb6bb,B,,False
B-7974,dc2a2cec-aa2c-4613-b984-3c23ca5390df,comment,c42b3f13-f1e8-40a4-85f4-563fe4c3b682,B,,False
B-7975,0f3d7bd1-3278-4e99-afa0-7aebd6e91332,comment,c8e74d18-124e-4106-9614-066cd469c49a,B,,False
B-7976,4f3c8ea8-6d3a-4495-8bbb-8feaf58bddfe,comment,6aca7b57-d732-4322-9ed3-fe20a2f531ab,B,,False
B-7977,f9a39e58-d2ac-4585-b77b-899ca63c42ea,comment,5a7278f3-33ec-4f70-8548-b2ba284483e3,B,,False
B-7978,3a426f9b-36fd-4ba0-9c7b-2ef2eafb4717,comment,281151ef-9fd8-4529-8d04-811399e12763,B,,False
B-7979,8d0535ad-72dd-4604-94ce-bc85e7c932a5,comment,c34f3653-659d-4f63-8753-cbf8dc961972,B,,False
B-7980,81dd894b-0783-49ba-aa1b-7cac89f0ce27,comment,acf35c3f-0c32-44b1-87f7-d570704ba119,B,,False
B-7981,1adc37bb-74d3-42c1-9d83-155e01686810,comment,5e186579-ca8a-480a-97b3-2e8cffa6fdfe,B,,False
B-7982,9cc960b3-4637-4653-bc22-505b68eefeb9,comment,e7ea8ee1-ecaa-4af6-b648-b27cbdb1e2f3,B,,False
B-7983,7ace39a9-7574-4696-b54a-1dec11edb880,post,fa511b2a-1612-4592-8292-d0684b29b76b,B,,False
B-7984,53882d1d-9ee6-40bf-9773-8a5c5324a13a,comment,57558f8f-d34e-45d1-8b89-eca8e885046f,B,,False
B-7985,64c76592-8b83-4904-b571-246d053a2eeb,post,b00655a6-11b2-4f39-a0ad-eff220297227,B,,False
B-7986,a67cf918-4f09-4d88-841e-0fc75ca5b7d2,comment,787429c5-3029-45ae-b93f-6ca1fb52249b,B,,False
B-7987,b986b620-0357-488f-8c7a-98faf6fb2722,post,fdb93310-59e0-47d2-806e-48253725c13f,B,,False
B-7988,328357fe-bd11-4ac0-8c0f-a584e9a521d3,comment,5c174350-3858-4bed-b229-751e5d20b525,B,,False
B-7989,854b1b0c-af42-4f48-8f58-f69374f291b6,comment,14fdcc40-5d0f-44b1-99d9-85bdcf812210,B,,False
B-7990,cd7c8742-a8ce-4324-aa53-3b45426fe1cd,post,1a511c07-a532-4d5b-be5b-87266c2540a5,B,,False
B-7991,9c75ad20-84e7-4b9b-8721-840dacb06ee2,comment,e5bb0d2d-2e56-4964-8c10-88ffc2977201,B,,False
B-7992,1379cd8c-5366-4e73-b56e-795b2fe02030,post,de0b839c-5328-4c6a-ad6b-d56e7f5f817e,B,,False
B-7993,ca29bf65-6626-412b-8954-2b5fdaa80b9a,comment,49897e4b-3353-420d-af10-e241318a5d76,B,,False
B-7994,1dc7a681-48ce-4d24-b618-969a84381bfd,comment,d137ff63-2e28-446e-afb7-2f267c65afae,B,,False
B-7995,3c4ad635-aec8-4da5-b99e-04f1c23791e1,comment,abf17430-1078-493f-819b-7778a51f7b73,B,,False
B-7996,5e778666-1b06-4061-a93c-0822e7c2bb45,comment,dc811a02-63b7-4265-be01-822d96b7df17,B,,False
B-7997,9ed5379d-7fc9-4a6a-89c3-dc703f5ed768,comment,f969864c-268e-4856-83d6-f35cafec5456,B,,False
B-7998,1f4179d2-20cb-43b2-a1ba-4353b27668b2,comment,c415519b-f008-4eb4-92e8-3a6b779846bd,B,,False
B-7999,649375ad-af76-43ba-95c2-275fe51e2d7a,comment,df940f9e-ef01-4a62-8c67-ac662c0a59ec,B,,False
B-8000,16a946ef-0eca-4cff-a83c-df34040ad410,comment,2f9d6e16-22e1-437e-96dc-ac61379a47a7,B,,False
B-8001,37003838-8896-4ee7-9b96-1065a54aa023,comment,9a9d31c5-ca81-4ce0-90c5-8858f3ce9ea3,B,,False
B-8002,0aec3aeb-1577-4db2-99c5-3b3d894978ba,comment,acf35c3f-0c32-44b1-87f7-d570704ba119,B,,False
B-8003,9e614da0-b797-4b00-a0d2-adff2f33aa53,comment,cfdd8464-6eca-47c5-9cda-a073ce8e4ae5,B,,False
B-8004,44a9443e-d12a-4c01-ab1a-c54950cc8278,comment,d53b7c3f-4013-4f87-83da-793d256764b3,B,,False
B-8005,30049e78-8cc4-4736-abc4-bdcf3d6596f2,comment,f6f8f3da-f61f-4fc4-a978-39339f4d2efb,B,,False
B-8006,7089af3f-3e0f-44b8-90fa-5342c537703d,comment,eb3fee25-c5e7-4444-9f9e-254ea526aba5,B,,False
B-8007,43342dec-5d3a-41b2-8f96-34cc501c9229,comment,2ae31e3b-7852-472d-b108-023c901e41a0,B,,False
B-8008,c3cec616-6871-406d-923d-4139a90bc00c,comment,613516ca-2680-42f5-96a2-132ba1104a77,B,,False
B-8009,6704708a-1a6f-4221-8481-437767d3f291,comment,277eee58-7b26-4e9c-9458-4a5d4ae9780c,B,,False
B-8010,d07f4a06-746b-4b3f-82ca-233c46b0fd77,comment,611864a2-774e-446f-ae37-b47a03397da1,B,,False
B-8011,085f0f12-d902-469c-88d5-31ad74a3b4a8,comment,594e8421-5e84-4723-a675-8ceee5eeac99,B,,False
B-8012,1a80ddc2-9532-4e5f-8c41-a8238543e8de,comment,4cec65fb-a22a-4abf-ad48-ab58bea92d4d,B,,False
B-8013,18ad52a2-131a-4ce7-84f0-94ab69b1f715,comment,7206efcf-cb80-465d-9d4d-ee208fd77b15,B,,False
B-8014,05d599ac-99b5-41e0-b422-c13480a97111,comment,c34f3653-659d-4f63-8753-cbf8dc961972,B,,False
B-8015,cedf9bed-6800-4bb7-bcc7-747a380ff58e,comment,a93a336d-7883-4131-bee4-67b6c368ab21,B,,False
B-8016,ec9e1085-54d0-485e-949d-3261ad45a653,comment,787429c5-3029-45ae-b93f-6ca1fb52249b,B,,False
B-8017,17bd277e-d6fc-4c82-aaf2-9c4049584416,comment,6aca7b57-d732-4322-9ed3-fe20a2f531ab,B,,False
B-8018,7f78d991-a424-4f55-9267-e7edeb7e3535,comment,6aca7b57-d732-4322-9ed3-fe20a2f531ab,B,,False
B-8019,380e4537-09d3-4e1d-a2ec-ab7f6aa264fd,comment,db3d35c5-215d-4e25-b73c-77cb5a38350b,B,,False
B-8020,ccdcf529-13a8-40d1-94e1-a5aff8a6b0f2,comment,4860dc9f-c385-421d-b26b-67ac91457024,B,,False
B-8021,5f618154-cd2a-4d05-8c06-b524e49871d2,comment,350f8ed9-32a0-4c39-8e21-3cb9b065df5f,B,,False
B-8022,86e6e44f-9544-459c-96f0-94b4190a7513,comment,7293c105-cc43-45c8-9624-eb2b247c0481,B,,False
B-8023,b8ba6423-74b7-43da-b6a8-0b0b910cdb4b,comment,f69b87e5-281b-4765-80cd-d4cf76ebe948,B,,False
B-8024,eed2d2d8-ae45-45a3-b14c-a8cfbe4b670b,comment,232c0e7a-3da7-448a-ad55-7fd12528d0b2,B,,False
B-8025,8aef9998-7ba8-4f55-8c4b-5853fe101a41,comment,94d7890e-916f-41e1-bca7-20f5b1891fe1,B,,False
B-8026,192071c9-85ce-4b8b-b692-c17ec0d0c48e,post,1eaed549-2f0e-47c2-a7dc-8c557dcac419,B,,False
B-8027,7f01f1f9-744c-4f16-bef2-196b83515723,comment,9c1b0271-68d4-4a4c-90f0-9ce5a97b6f1e,B,,False
B-8028,9fba3cf1-3130-4b9a-87f8-d8ce98b70ae4,comment,d3ba9096-b85b-4013-8a5c-1bb086b0470d,B,,False
B-8029,18226b56-331d-4f3a-97f5-6f1b53938045,post,287a7ef8-7a2f-4ed4-8734-edb352876106,B,,False
B-8030,c3abe93d-4a35-4869-825e-aae98d2528e5,comment,bcba0d6c-49c1-4677-8473-0e5d01a664d0,B,,False
B-8031,1345f0cd-bd8b-4bbf-948b-f2e115b980b8,comment,0ebe789b-ef58-44df-adf3-1844108219ba,B,,False
B-8032,48bd211a-2904-43f5-af30-bf4db48d96eb,comment,cfdd8464-6eca-47c5-9cda-a073ce8e4ae5,B,,False
B-8033,988aa26b-17f1-4f61-967f-c5712b6ebde6,comment,cd3def9e-b703-4a9b-bacc-7c03fe39c443,B,,False
B-8034,73d11082-d66d-47e2-adab-5ae4b15d857d,comment,52508006-4f17-4f36-b708-9f20bf77fa1a,B,,False
B-8035,3b94328c-3bff-4317-8a66-8f553624c178,post,2a542eb4-9eff-412f-8ca9-1e7883064227,B,,False
B-8036,eaab64ba-b200-466b-85fb-130564989093,comment,461740e5-27fe-446f-84e2-01bc207d2d32,B,,False
B-8037,37e8a039-da89-457c-bc8f-2fbcc33ec353,post,962429ce-c6a3-446c-918c-f14b846c8178,B,,False
B-8038,5f71f7f6-e361-4117-a011-cb572f9556f3,comment,761010e1-cbdd-48b2-9c95-bc4f87c546a5,B,,False
B-8039,60b7c368-dc49-4920-bb43-ef564850efd4,post,e50372f1-45cd-4454-9139-ad0d973938d5,B,,False
B-8040,8f98d46a-7e23-40bf-b371-fe7c1343cbab,comment,6aca7b57-d732-4322-9ed3-fe20a2f531ab,B,,False
B-8041,12ab96f3-5151-4ffe-8e6b-5fc6af01330a,comment,ae78644f-02b1-4132-b0be-39e105c74ca9,B,,False
B-8042,98c81b92-2ec8-474a-92a0-292823d4164a,comment,3ae47d31-22ae-4682-9194-173111d12209,B,,False
B-8043,8f263e7c-8bd6-41b8-9f32-4a5fdba2c3c5,comment,91b7a5b5-170d-4ed7-9b0b-82f7e147f5b4,B,,False
B-8044,ab42f570-d3ef-4f28-b2a7-d218934783dc,comment,3e143270-63d5-4801-ac74-0298d83aeb36,B,,False
B-8045,1cdcc1a7-73b0-4cc2-a22b-b23d81529520,comment,2a35cb16-a4a2-4d44-b22d-984f5a0ca112,B,,False
B-8046,fae35130-fb82-48d1-a91e-bd8588b22d98,comment,5beddd9b-de40-4ced-99a5-8ff983352b77,B,,False
B-8047,8e136c01-4d3e-4741-be85-427a9a3a4b07,comment,afb2aaeb-7cc6-4e4d-afb5-75619fe9c13b,B,,False
B-8048,4a24a2cb-28ee-410b-9f2e-100f97b522d6,post,2939831e-a247-44a2-9a2b-fe91bf257676,B,,False
B-8049,c18df99f-8677-4de5-af43-5a368aa29be7,comment,8762ac98-fdbd-4e17-88bf-67caf624d25e,B,,False
B-8050,0ecbd2f9-6d7e-4ed8-b1a7-d95cf32f3a1b,comment,bcba0d6c-49c1-4677-8473-0e5d01a664d0,B,,False
B-8051,d904e7d4-b0dc-4c56-b659-0616c46a0d06,comment,5ab6c0e4-98ea-4dd3-b8e2-f45766c483b3,B,,False
B-8052,91398088-753a-4587-88a4-d05f46bb003d,post,3b1fc0a8-4f67-47e7-8a2d-139af630c0f3,B,,False
B-8053,f33313a2-1457-4ebe-980e-a9a10c3049c1,comment,f8644b9f-01ac-473a-a140-2cd56c67b5a9,B,,False
B-8054,f8e45da2-541a-4770-ab05-4f5e4344b16a,post,5b66ec42-f9a0-474e-ab78-7ebf977092db,B,,False
B-8055,c2b1c149-5bda-4a41-9d92-3374ee7676a9,comment,4d9e2974-5e62-45bc-a8fd-69eb5028fcaf,B,,False
B-8056,8f442141-5554-4c61-bae9-a74e3f64f622,comment,7271c95a-4cd3-4261-a65c-53d87f5ee712,B,,False
B-8057,008265af-400d-4c02-b63b-e820769c6402,comment,75547f07-e6e6-4452-a770-e45490347956,B,,False
B-8058,5fcb81a0-951f-4cf6-8d79-e226657cbd2c,comment,eb041d2b-b93f-44a2-a853-f1fa573db8ad,B,,False
B-8059,0a08198f-7cbc-4fca-9ea3-f98840f82880,comment,454f9efc-2b20-4a6b-a378-4ba328255b2d,B,,False
B-8060,53431910-addf-4883-bd7d-97fd82cf627e,comment,4fbc1991-4efe-4750-bb20-5dc3a896a3c6,B,,False
B-8061,087dbd83-29d1-4883-b16b-1b64d01bf879,comment,f11beab0-feb1-41da-81be-4524fb03099f,B,,False
B-8062,a2bb04da-c858-432e-a479-cd5386b54e7a,comment,81f2d007-ed5c-4d5a-bbf6-16a04a86e8fd,B,,False
B-8063,7b4c64e8-6178-41ba-9e1d-0ab3cdc027a0,comment,b4dd0e3e-29a9-463c-b248-dd3d758abbf1,B,,False
B-8064,9e10872c-4354-4247-8d2d-8bfcf4d63d4c,post,e483fba2-418c-4cf8-9e8a-d4b9f9a978ec,B,,False
B-8065,7c2bd7fc-afbe-4781-a6f0-8701e46829e2,comment,bd67fbc9-81e1-4ed5-8653-4b39b2cdaccd,B,,False
B-8066,eabcd266-3a2f-40d9-802a-e57e02447dac,comment,c7d4fc3a-c15c-48d8-b328-6e3d1f6b1e95,B,,False
B-8067,bf944cc3-5583-4cc8-95f4-e2d26862b64b,comment,bc96def0-3ffe-4edc-aa17-702178146766,B,,False
B-8068,db775beb-702d-4de4-ae7d-e6781a7169a2,comment,56a348a6-d004-4f0a-803f-7bcc52641068,B,,False
B-8069,a2378129-778b-4355-9e63-c8beeab44f29,comment,6a6f2b6a-963f-4f6e-b615-38cf8d142571,B,,False
B-8070,3344bd89-683b-44e0-9b9b-16aca5572253,comment,c074457e-37e6-49d0-978c-584c90d7caa4,B,,False
B-8071,8cc653fa-e29d-448d-8db0-98eecdb82761,comment,6a3767e4-5632-4b5d-b042-3678f58385eb,B,,False
B-8072,4e741b9a-b184-4596-91f8-71257c1a3890,comment,6aca7b57-d732-4322-9ed3-fe20a2f531ab,B,,False
B-8073,1025818f-5b3d-4d55-83c8-1136bc9b74c7,comment,5be31227-8a27-4138-9aac-aea2c41a37ec,B,,False
B-8074,e72afaa8-db8e-4b49-92a2-9076598f0d91,comment,7eefa66d-22b0-444f-8c4c-14be3eacd6bc,B,,False
B-8075,f4c1de2a-cac6-45a5-8b75-bff9fc623ef3,comment,787429c5-3029-45ae-b93f-6ca1fb52249b,B,,False
B-8076,f01ddfdd-e9d4-4f5e-a45d-10e044a0075d,post,075725ce-710a-4335-8d0e-f2d352f24008,B,,False
B-8077,6581ca21-9fbd-4454-a3c2-69dd304b8209,post,4df5f4d8-7795-44d1-9c34-8e0d6dc13be2,B,,False
B-8078,2927aca2-7005-4962-90b8-9ded481ac8c5,comment,cebcd8c4-8816-42e6-bcff-4e6592db66a8,B,,False
B-8079,e300d6de-73e5-484c-9743-be3bb3cbbf37,post,c43a0e9a-e0e6-4729-816f-864ef03051ee,B,,False
B-8080,a55e79b6-49e2-4f0c-9683-cfe2f90935eb,comment,6a6f2b6a-963f-4f6e-b615-38cf8d142571,B,,False
B-8081,c9f1bfb7-cf56-4305-84dc-5a4ca93a459b,comment,acf35c3f-0c32-44b1-87f7-d570704ba119,B,,False
B-8082,187ba7eb-98de-406b-ba8a-03e8b1fab1e2,comment,1c083ff5-4f39-4b96-9641-dfa6f4ce435a,B,,False
B-8083,dde7e00a-5bc0-4cda-98b0-78da8e02679e,post,81a45831-946b-4cfd-b644-52d99cfeb04c,B,,False
B-8084,fc43141b-0e8e-47a9-9dd5-af52cb53275d,comment,0248ab73-322f-4fa8-aacb-a90c2a75a6d6,B,,False
B-8085,84ac5452-4232-44c8-b41b-ae8c993c79f2,comment,d40e8882-9180-4fd4-bf42-84944221e09a,B,,False
B-8086,b9f24129-03b8-47f7-adad-64c2448672d3,comment,284cc518-9393-4bbe-8bf7-609bc1fa378b,B,,False
B-8087,8e573eef-cb80-468c-81e6-64fb759792df,comment,0ce78e8c-467c-44ce-bc51-d71cad2aba88,B,,False
B-8088,b46ac115-afb1-4487-9589-c4b5fe182686,comment,f969864c-268e-4856-83d6-f35cafec5456,B,,False
B-8089,4b4a1f21-fc00-40c4-b9bd-f0e6d9851252,comment,165ae8e0-ace3-40b1-b4ad-92a4ef43470f,B,,False
B-8090,4d9c21d3-033b-4522-a616-4183af65bb7e,comment,787429c5-3029-45ae-b93f-6ca1fb52249b,B,,False
B-8091,c04702a7-ae6b-4707-bb9c-e40e555810f4,comment,275240b6-3b01-47fc-8f62-16217715b3b4,B,,False
B-8092,5a8034e4-ffc5-41f6-b957-8e3f69c4e891,post,7c8f79cf-00db-4db4-8b0f-4b5baf83cbf8,B,,False
B-8093,fc1b09d4-b198-4aba-a207-d0c3b9436479,comment,29f9af58-7913-429f-b637-2b3e096888e9,B,,False
B-8094,f90a73c1-7f9c-41b5-9521-15b4f7797530,comment,b5e736b5-9d74-45b8-b314-b4f8e20c2ff2,B,,False
B-8095,9f2f6bf9-d8dd-47cf-894a-245ecf42b1b3,comment,493d6ee5-9877-4b80-ac52-0da1a1e49072,B,,False
B-8096,c88799af-79b8-4919-8a9d-405e5273a7f9,post,bd941340-1f0a-43df-bd2e-0fbd7df3b558,B,,False
B-8097,9815a993-b326-4710-91c3-c0aa1a0e3470,comment,bc96def0-3ffe-4edc-aa17-702178146766,B,,False
B-8098,edc08ab9-11ae-4e9f-81f0-c144ed3139c6,comment,4ad2bbc3-4790-4703-b5e9-3931540cb577,B,,False
B-8099,70633358-6178-4537-ab00-2f4f372276b3,post,b1847515-c2b1-42ce-929b-30bc23359449,B,,False
B-8100,60686bd0-a53c-4638-ab13-85fbd2ce6434,comment,2c3e8fe6-727f-4d64-9cc0-8b83278952bf,B,,False
B-8101,6b07eaae-b369-47fd-9110-938a86992e53,post,66d34dca-2f60-4853-9df5-01aed1305d26,B,,False
B-8102,15c0c261-8534-4311-88dc-6e76a09d5040,comment,1b044d61-8400-4620-83b8-14de3cd815c9,B,,False
B-8103,d4be8736-7bc8-45b8-b172-2d5c098d66f2,post,b7ec01d0-497a-4e23-9471-a93d3fed341f,B,,False
B-8104,ace7bc23-7311-48ac-878b-99f2d48cd043,comment,2f9d6e16-22e1-437e-96dc-ac61379a47a7,B,,False
B-8105,27e3312c-fe5a-40fd-b779-d9fba089a0f1,post,c14f157e-d193-4593-b319-d0a39a6416a4,B,,False
B-8106,215f0096-3f88-402c-9f62-d2e2e91b3852,comment,1a823aba-bdeb-497f-80b4-bb747e3fb1fe,B,,False
B-8107,f0147944-d87d-4de0-beff-79f34d46aff7,comment,d38937a9-3f0e-4bae-a53b-0136cdb244cd,B,,False
B-8108,9e55b1e5-9f5b-4256-829b-32be45ec7116,comment,c832f63e-989d-4efe-8ac4-15f9665498f8,B,,False
B-8109,fd47154a-1958-498b-b3a4-46f954e32d95,comment,acf35c3f-0c32-44b1-87f7-d570704ba119,B,,False
B-8110,5158a385-1537-41a4-8dc0-657659224660,post,ef3ca0ce-e44e-468f-8ced-4d4bd66e3723,B,,False
B-8111,7f00520f-c7d3-4793-a55a-fe57bfdb1b9f,comment,9e895cc5-f756-4152-a963-21fce2e6fc15,B,,False
B-8112,18ec1e1d-7b61-46c3-a726-51ab0da3a369,comment,6577c873-87fe-4d98-8cc4-ed4d105cc6d7,B,,False
B-8113,b3624bd5-b441-4af4-ba85-882a469eed39,comment,76d9b4c3-3287-4338-8f75-2ed159f383d7,B,,False
B-8114,47e659c2-0ce4-42b3-b2bd-d92b4864864d,comment,cfdd8464-6eca-47c5-9cda-a073ce8e4ae5,B,,False
B-8115,0f5d8797-8941-49c6-ae8c-8775b7ebf0a7,comment,0b67f650-0486-4066-9400-d2a0399cfe15,B,,False
B-8116,abec5351-f2bd-4d1d-a1c2-d523db662d24,comment,0452d428-4336-44c7-8cc4-c6091426347d,B,,False
B-8117,b3b573ed-a868-4b1a-8122-addfd38e756a,post,a88ecbc2-b645-4655-98c8-f7d5458cfa94,B,,False
B-8118,0794555e-5949-47f7-b232-525ecbabe079,comment,6a6f2b6a-963f-4f6e-b615-38cf8d142571,B,,False
B-8119,ee92bb15-48f8-472a-b7e6-fb813cc91646,comment,6aca7b57-d732-4322-9ed3-fe20a2f531ab,B,,False
B-8120,3df96d6a-21b0-4a42-8051-cac51d69f659,comment,82882fd2-cfc2-4159-9af1-43806987c9cf,B,,False
B-8121,bf8150c1-cac6-430b-b0cc-a91d11aeedba,comment,c0f027e0-710a-4728-8f4a-532cf9a049c7,B,,False
B-8122,48c5619f-77bb-405a-a3fc-e6b79cb67777,comment,16670918-2fe3-49f0-816f-49beb2a0edb5,B,,False
B-8123,8f243dd6-3760-4b4a-a178-fb6a645972cd,post,8ee04f69-4aec-4633-8085-4052013d14a2,B,,False
B-8124,1f54fe88-3472-4d3c-aac4-6ead9b017554,comment,a5232996-32b1-4809-85f8-2ca8a2a565f8,B,,False
B-8125,6df6dde1-806e-4963-8799-cdcc87ac70e7,post,5445175d-bd38-4dd0-9ac7-6af674b65e15,B,,False
B-8126,feb4f525-6362-4605-9194-13833749dadb,comment,6aca7b57-d732-4322-9ed3-fe20a2f531ab,B,,False
B-8127,31be48ec-9cb0-428a-a375-d8c583491203,comment,8b63828e-f4bf-4960-a521-2e7de49681b1,B,,False
B-8128,fb9cd3dd-62bb-4656-a46d-bb742fb9c9db,comment,c242ffb1-994d-4083-a237-80f53c28f317,B,,False
B-8129,dc907e30-6f90-4034-8518-0cfd5d9f7603,comment,f279ea99-6088-45fd-a8f1-abe45566bc2d,B,,False
B-8130,f9301ae2-ca3a-4e58-bc40-9eb5f1ac6787,comment,287c4015-5d06-4e9c-8a38-0f99bd6a8f84,B,,False
B-8131,8f354868-30c2-4b42-af72-5112bf81aae0,post,e53ef4e3-d71b-4c70-b0e8-649a89cf2c50,B,,False
B-8132,2a1430e4-c8c7-43e3-a28c-756d21dad584,comment,29031624-eb7a-41d4-8d42-42b11a2ecba9,B,,False
B-8133,53497248-9727-4024-84c7-e195e5f29358,comment,7b5a488f-419c-4bba-b652-d927b58d69a2,B,,False
B-8134,f3c7afe9-765f-4bf4-b35f-716ddb5c35cb,comment,7473aca5-4ba8-4db3-9e2b-b93b9de352e7,B,,False
B-8135,7cbf5ea9-b4df-4530-94b9-d01b32acf668,post,930f3c40-568a-42e8-b9e3-2f47509dd4ad,B,,False
B-8136,900ce9db-66b5-49a5-95e1-a31e5db3b451,comment,810e8755-980a-49a2-9ff5-8f5064a98299,B,,False
B-8137,e3558562-f4ab-4e08-8021-77b83fef1f09,comment,5f1da5e5-2ede-44c8-9069-368dd5724afd,B,,False
B-8138,d2c2a54a-0233-4752-a16a-52ef27bcf467,comment,d7a8b770-57d1-403d-a6b1-f864daa2b8c0,B,,False
B-8139,465492bd-2dbb-44ba-a971-85d0ed382bfe,post,8e9a103d-a5ab-4eb9-8c72-54c346aadebc,B,,False
B-8140,5921e2c3-1b9f-4662-ab9c-271ae4334002,comment,9d8e253d-9394-4aab-a9b7-fb001c7e5d83,B,,False
B-8141,9197a7b0-9f35-4319-bfab-ecfd52c975c8,comment,b1989445-8970-4f48-84bc-1ba116eef9ec,B,,False
B-8142,5dc325e3-4f69-4e4b-a80f-b303e0ecdea5,comment,fc457cf8-55d9-4258-a90a-0116f78b5418,B,,False
B-8143,5461dbb0-bbb2-4179-bd9a-a89f18492191,comment,c242ffb1-994d-4083-a237-80f53c28f317,B,,False
B-8144,79cc9afb-e741-4214-871e-05ff8d9b4525,comment,33a00d85-3d5b-4b80-8ba9-eeb46cd3fde6,B,,False
B-8145,ed91049e-1918-4910-a32e-e6b3b8bc6062,comment,cc9db8b1-7b89-499b-bba2-6426d789078e,B,,False
B-8146,0eef8a30-2aa5-461e-9e41-ff45e6c0ac29,comment,4cc6bc51-909b-46e9-9f44-ab836b518b82,B,,False
B-8147,9ab811a2-a77f-4025-92a3-65a46b1c7d10,comment,c415519b-f008-4eb4-92e8-3a6b779846bd,B,,False
B-8148,3c1377a2-1d33-4b9d-b26f-8b52cc22a2a3,comment,e9f999ec-4f13-4423-b247-6d1f7b62f032,B,,False
B-8149,59de69a1-1b18-479a-8b21-eeea50e7a906,comment,8d8367e5-7e0c-497f-af3a-d6e8bec196c2,B,,False
B-8150,0b118e6d-f302-4fc4-875b-4190339a9551,comment,f564da17-d515-41ac-8129-71fd4eb8e16d,B,,False
B-8151,cd822fad-bd6d-4269-b950-01d4e86cb276,comment,eb3fee25-c5e7-4444-9f9e-254ea526aba5,B,,False
B-8152,d823a2a1-1b8b-43e3-895f-7b5d5c46de3f,comment,0bef0ca0-5dc3-44d9-b00d-1e32527ad26c,B,,False
B-8153,5cf78290-37be-492e-bf67-9a62002eeb32,comment,0248ab73-322f-4fa8-aacb-a90c2a75a6d6,B,,False
B-8154,eeeccd4f-eed8-4e26-8b62-07cc5c8c9faf,comment,55a64d1c-7570-42b4-83af-e82deb7b6cd3,B,,False
B-8155,1d316a22-2663-4f2d-af81-fbd43ee4ef87,comment,ba46289b-a2be-4788-8fa2-14cb36ca69c1,B,,False
B-8156,64c86197-c4c0-4c38-96b6-9411eea51016,post,6bc66ef2-ee68-41b3-b706-9ac7af932ea2,B,,False
B-8157,9d324272-ff72-43ae-9938-ab8c024f7084,comment,b1989445-8970-4f48-84bc-1ba116eef9ec,B,,False
B-8158,dd75699b-b1ab-478a-b486-9b5fa0016644,post,f69b87e5-281b-4765-80cd-d4cf76ebe948,B,,False
B-8159,74df9aab-1c37-42f3-b6f5-fe91ccde099a,comment,6aca7b57-d732-4322-9ed3-fe20a2f531ab,B,,False
B-8160,f5a95ea6-a980-4f27-a1e4-11787d2a97b8,comment,66fc90e9-3b50-4155-bf67-dfb106d022b2,B,,False
B-8161,a57216d1-e791-49bd-8644-af84a1ace1b1,comment,d0d4219c-d124-4a97-a8be-8aec39a2d6f5,B,,False
B-8162,c648f2d4-4175-46cd-ab87-1144097f54f5,comment,bcba0d6c-49c1-4677-8473-0e5d01a664d0,B,,False
B-8163,7b02f880-f22e-4080-853b-044f155d2c36,comment,7e2efcd9-84dc-4c91-93ab-aec6c1ffa5f3,B,,False
B-8164,6af512eb-d8c8-4537-884b-ac75cf319e2c,comment,c6698d8c-1709-438c-8b61-1f61fd7b0565,B,,False
B-8165,0adbdcaa-ce12-4345-9eaa-40d7ed9e8240,comment,989fcecb-f050-41bc-af6d-81686ca5e99c,B,,False
B-8166,f3616d01-df63-4c87-8d6d-4dcfe638181a,comment,9d8e253d-9394-4aab-a9b7-fb001c7e5d83,B,,False
B-8167,52c4e28e-b35b-421e-887d-188c1596b7b2,post,4f2c642d-6632-4901-989f-31cf058caa6c,B,,False
B-8168,f78fb5d1-4c4b-4c39-b43b-cc24c00e2957,comment,9b5e02e3-814c-44e7-b6ef-cfdd1c340078,B,,False
B-8169,29a6d4ff-5981-4703-b150-78a07a7fdce8,post,9baad939-d98a-480e-a9d9-78e1460d5fb4,B,,False
B-8170,f8c00f9d-deb2-4a22-9c03-27a52a6f3812,comment,281151ef-9fd8-4529-8d04-811399e12763,B,,False
B-8171,dfb711fb-ca1a-4b34-80b8-5418ba9a8b7b,comment,7c5e4a79-7242-44f8-aabc-369e822e1b93,B,,False
B-8172,4d676ee2-da95-4b49-bb09-ccf4dd7df4b0,comment,745e7b14-7fb9-458f-b599-df0cc19e7f55,B,,False
B-8173,d9a6f90b-e94a-4c69-a268-f39361888844,comment,a93a336d-7883-4131-bee4-67b6c368ab21,B,,False
B-8174,a7fbef66-388a-488c-9572-7dc117fbcac0,post,c19e5083-e01e-4d2f-8213-d4c207bb8838,B,,False
B-8175,2480e48d-cb0a-4715-8f5e-ab30e5d66b65,comment,17fc08a1-e991-48db-8866-785f5cef3c1e,B,,False
B-8176,66e846d9-86de-47b5-a5b3-d8188d44d5af,comment,6aca7b57-d732-4322-9ed3-fe20a2f531ab,B,,False
B-8177,33510cf0-518f-4fce-bcfc-eedba48c655b,comment,9d8e253d-9394-4aab-a9b7-fb001c7e5d83,B,,False
B-8178,0f607884-8a73-420d-9b39-0e70407900d2,comment,0c240c7c-748b-4df1-8657-7bb3eb686ae5,B,,False
B-8179,ef9f564c-53b1-46a6-924a-eb8c96f06b6c,post,316ebf91-1eae-42c5-980a-055d6ec1089e,B,,False
B-8180,978620c8-e7ff-44fa-86d1-1056aa2c8fe0,comment,26815493-c055-4cd0-a55a-ecdc568f789f,B,,False
B-8181,d3a5ef7c-3849-435c-ac5f-c3f029ee1fb0,comment,7a8476f6-ce3f-4aad-8604-769ab205e506,B,,False
B-8182,11350f52-73d3-46d7-8bd9-afc618fafe3b,comment,5acbec68-4ab0-46ad-aaca-74c8127c9b97,B,,False
B-8183,f484af28-35d1-49f7-9205-ba2d710389da,post,d3e01bcd-b1c2-4dbf-8545-2530a945ef05,B,,False
B-8184,8f06491c-5822-4054-bf95-0977405c7493,comment,11bef4cf-d6dc-4ab3-a881-0aec6ccec3a6,B,,False
B-8185,0560bd06-225b-43f3-a7b9-7223311b951b,comment,6a6f2b6a-963f-4f6e-b615-38cf8d142571,B,,False
B-8186,5d611463-1196-45d6-a6ae-6ef99851dfd4,post,740aa79f-0d1a-417e-9427-42c0a34641f7,B,,False
B-8187,6ae0a419-f0e2-494f-b5cb-7faaeb1046aa,comment,a93a336d-7883-4131-bee4-67b6c368ab21,B,,False
B-8188,cdbed9fe-42d9-46b5-a9ba-e7f87dfd0613,comment,52088a4d-f2a4-4e5a-bf47-f66c717d7bf9,B,,False
B-8189,e2a1fb13-2257-4806-a396-47ba2fdee1a5,post,3864703c-52a1-472f-9f94-2cc449a7c4ae,B,,False
B-8190,7ac055d5-9df1-4dc8-bd7a-74dc200c99ed,post,d728de4a-93a2-424d-84ac-ac2144239ba2,B,,False
B-8191,d4422896-f553-441e-b36e-ae65e3702d8e,post,5a7278f3-33ec-4f70-8548-b2ba284483e3,B,,False
B-8192,353f69f5-35d1-432b-bbb7-0bc72bf08925,comment,c34f3653-659d-4f63-8753-cbf8dc961972,B,,False
B-8193,915e00d0-c5d3-4f99-862c-64452ed44e6b,post,c0b116f8-c711-45e2-abae-5b6f92098a40,B,,False
B-8194,38e201b8-798d-4d7f-80bc-811fa785a06a,post,cbb60d25-2d85-405e-aeb2-41c8cf63572d,B,,False
B-8195,685e6145-ac3e-4b1d-8fe6-9b01f2881d6d,comment,7f924782-3305-4159-bffa-a30fbd2cfc52,B,,False
B-8196,e835686d-9745-489c-8392-4e5d2abc877e,comment,c14f157e-d193-4593-b319-d0a39a6416a4,B,,False
B-8197,41ed8957-b9d2-41e0-9051-b0597ea85c99,comment,77e28f4f-fd97-4bd6-9f64-3b45e39b62a1,B,,False
B-8198,427f7d7b-9caf-49a2-a4e2-554093734393,comment,76c6533e-33ef-4012-9176-0e2aa5a726b9,B,,False
B-8199,b82996d4-e249-4a28-83a4-5860359904b0,post,d966a6e4-8231-4184-9fd1-75c0f50c26a1,B,,False
B-8200,441e3236-11ce-4847-b69f-068840059065,comment,077ac2a2-1b9e-4f0d-87c0-0fb8cda9a854,B,,False
B-8201,4cc650c1-c970-4e4e-bb29-ee64b3844bb4,comment,0838de94-7b24-4adc-affe-6c11072f5c82,B,,False
B-8202,78872050-ea02-452e-915f-12146ad801c1,comment,e6165a80-900f-4eb0-86f8-65d190293399,B,,False
B-8203,15a023dc-63d9-406e-8f85-6b112ed4cd4d,comment,bc4c3460-a990-49bc-b9fd-363a76b5e8af,B,,False
B-8204,209a10dc-cc9a-47df-b47d-cf3269b4d44f,comment,0d84a583-2829-4b91-b4fd-9a88a772d190,B,,False
B-8205,24acb2eb-86ef-4e05-95f8-5c5448dc5e82,comment,6aca7b57-d732-4322-9ed3-fe20a2f531ab,B,,False
B-8206,dde275ee-9d05-45b2-9caf-fc7aca7bcf9f,comment,c259cf06-bdda-4962-ad16-f6355837705e,B,,False
B-8207,6fa51241-ab1f-4b66-85eb-acec8f214934,comment,d0e223d9-5386-4bf6-a9f9-4e54cea6dec0,B,,False
B-8208,fe0505f5-e975-46cd-8c58-b0352e77cb2e,comment,6aca7b57-d732-4322-9ed3-fe20a2f531ab,B,,False
B-8209,560d126d-4a64-453e-bade-6122890d11e5,comment,787429c5-3029-45ae-b93f-6ca1fb52249b,B,,False
B-8210,3ea999d5-d558-438e-87a7-4beda8034871,comment,7041e71c-f5a9-4140-a429-183e903795cb,B,,False
B-8211,b4f91d33-2fad-4dde-8f78-50ba681d7a27,comment,94c72b6d-e027-4fff-9b2d-962c835a6fdd,B,,False
B-8212,2945e365-b02b-453c-bcfb-9569a2c94975,comment,6ec48eba-8b63-4c12-ab33-b0735359b0d5,B,,False
B-8213,f59ed7ce-9fa1-464b-bf0c-6673a48cf471,comment,68a4d4c7-5d21-46ac-a616-3a78ebbf8525,B,,False
B-8214,74733c93-2444-45a3-82ce-4ca8aaca1ded,comment,e5874896-dbb5-44a9-b15f-3d739ecde13d,B,,False
B-8215,57a23621-3a2e-4710-a3a4-c32b897d3860,comment,5e186579-ca8a-480a-97b3-2e8cffa6fdfe,B,,False
B-8216,86891cee-42bc-42c1-af2f-d31f207902db,comment,17fc08a1-e991-48db-8866-785f5cef3c1e,B,,False
B-8217,a3f64790-1f5a-439c-9ecb-c04dfa4f7d6a,comment,eb4057f3-b8e0-4f44-b1a7-eebb2450c366,B,,False
B-8218,8f1f6ac7-9f52-4722-af52-0d4a19ab32c2,comment,198173a0-d99a-48a7-b06b-a20af030ab8d,B,,False
B-8219,69f2f61e-26a2-40ba-a0df-2b0546358318,comment,e7482a7d-9f59-407d-a642-89348a44b388,B,,False
B-8220,dbc40f71-c7c9-4b80-8def-b4ec5fa2536a,comment,2ffcdc33-18d9-4720-a18f-5fc015dc370b,B,,False
B-8221,1350c32a-9da6-40cc-86ba-cccd2e2c5e03,comment,c242ffb1-994d-4083-a237-80f53c28f317,B,,False
B-8222,5ad5423f-322b-47e9-805f-ee955d641e3f,comment,2cb04bb0-ddca-4b44-b840-d91aebe9fdc4,B,,False
B-8223,58240c47-5144-4bed-a9a3-43409992f82f,post,7ca18bee-322e-4da3-9a61-7f9a000ffadd,B,,False
B-8224,18f6302f-c4ba-4c01-b30c-580da8204924,post,cc64afae-d920-441d-865a-f395676bdd12,B,,False
B-8225,ca1ab7bd-12f0-4fa7-be0d-47a1841fd91f,comment,c7c97474-29c3-49ad-89d8-8922a7c37b96,B,,False
B-8226,d4b75848-edae-4dcd-ba41-342fd0541473,comment,c3239388-2a58-4e4f-b200-5fa1a93e5eb0,B,,False
B-8227,2b7c3d13-bcd1-48a3-9ac4-25926f08b5ab,comment,84b918b4-596d-4d94-a1a3-914b4d6e5011,B,,False
B-8228,e62913db-26f9-4b79-bc34-18fc8b822251,comment,6aca7b57-d732-4322-9ed3-fe20a2f531ab,B,,False
B-8229,83372e16-02eb-4387-9541-216e7a8b4ada,comment,a4520a06-bc16-49d2-b6b6-d8698aff0a14,B,,False
B-8230,1a7d79ef-ef26-4a12-ac99-04c5476eb65e,comment,6065176d-0cde-49e6-8c61-83f03fdd15ce,B,,False
B-8231,0346ee39-77d1-4c2c-9fcd-d4c8bcc340ca,comment,55917550-147b-408d-8ad9-11fa82457125,B,,False
B-8232,82c85ed8-4e01-495c-9d98-c13689dd1781,comment,c260c602-9cee-43c6-a565-e68f4cb584cb,B,,False
B-8233,e773c159-be8a-4383-b24e-9a7bd6c35ccc,comment,95ede7d0-6d3e-45d1-bcd8-8208fa3c733b,B,,False
B-8234,1af3ed0e-d6b4-4a1d-8a84-2e8000bfe506,post,fa4512db-a644-4f0a-9be4-b6d7d6b81e61,B,,False
B-8235,c58b18cb-e5e6-4c62-b79e-009323737711,comment,491056cb-be44-4af4-a2c3-8689bf9ead7a,B,,False
B-8236,1ba7fec4-d080-4fcc-bfc6-254385cf5f53,comment,3afd24c9-474d-4963-a329-611eb9a59903,B,,False
B-8237,4591a100-6172-4d24-880e-222081d69896,comment,a5fe872c-73c2-4155-bf01-1f6b2b56aa3b,B,,False
B-8238,0928c053-80ac-4b45-b583-ea54453fd265,comment,06513520-28b3-4fff-be69-d642fd35f34f,B,,False
B-8239,eeeef5e3-91a7-4092-ab63-995d4e3831df,comment,d041e5b9-562b-4505-ada6-8893afd80fff,B,,False
B-8240,e5a25d2d-cd92-4b58-8aef-bf189968fb78,comment,729d5cfa-d0b9-4d83-8b90-71b5502e9ab4,B,,False
B-8241,4e18b34e-c403-45c2-b86c-e7b70b3a387c,comment,82deb9ee-f9a6-4fea-8847-141f55c1067a,B,,False
B-8242,c3465974-f5cf-4950-b593-a5d51eaa1a20,comment,e3a7e05c-c618-4f22-9e21-9119009ad431,B,,False
B-8243,6410dfc6-64db-402d-af73-ac94ece009ce,comment,e5bb0d2d-2e56-4964-8c10-88ffc2977201,B,,False
B-8244,c4047d46-e601-49e4-90d8-458af0279850,comment,4892f9c2-f723-4aee-93ca-3d158fd0b193,B,,False
B-8245,2b4e36e1-f4f2-442f-afb2-96d344fa8e2d,comment,6aca7b57-d732-4322-9ed3-fe20a2f531ab,B,,False
B-8246,60fab872-baec-463b-b2c4-64c13ee3b8e8,comment,93d35294-79a6-4808-b9fc-a9200f80923c,B,,False
B-8247,9ccce19e-8119-4628-9845-edeb48c0bf87,post,8e7fec05-7d4d-4290-96de-363ece57ae24,B,,False
B-8248,44b0a02f-fcbb-49d6-a0ba-c8df7210a189,comment,1bc3d468-3cb8-4046-b756-0955c93089fb,B,,False
B-8249,372c271c-4f42-49b0-a881-781792e3a518,comment,936ce574-aa3a-48bc-a72f-b44d2ebc7dc9,B,,False
B-8250,0a8a01db-cbcb-4235-b8a7-e7671e5dc1c0,comment,6110e731-31ba-487b-9932-a997337f002f,B,,False
B-8251,1cd765ab-e2fe-4b6e-93c2-bca3d9dc9488,post,ea6f92eb-1039-4b0d-8cf9-e610e2dc13ce,B,,False
B-8252,8ad6521c-8545-4d81-b536-5a7bc303bec6,comment,5f081a0c-6fe8-4052-b5b8-f9c1dfeb63ae,B,,False
B-8253,d6f84e3b-cac4-45c5-bf24-c563dcdfed5f,comment,d6936b86-9755-4317-9277-98ebb8e48808,B,,False
B-8254,2e726d31-259c-4f3b-aafa-383386c402a1,comment,04ab68bc-9a1d-4787-a4f1-0b1fd1888a13,B,,False
B-8255,a1c72705-1966-4601-8f15-d1970659017c,comment,32377ac6-2430-4885-8a08-f6dd4b54fd10,B,,False
B-8256,f7d5f841-a1ca-4175-9780-84c0dd25521a,comment,6a6f2b6a-963f-4f6e-b615-38cf8d142571,B,,False
B-8257,fcdefd77-bdce-42e1-9071-2cf6b79d7623,post,4961901c-09aa-4820-bc0f-abb5f983e53a,B,,False
B-8258,c390b9af-9560-4020-9ef2-7db328657d44,post,9b181e01-d4cf-4078-b0d2-6087e5eda367,B,,False
B-8259,2a71fad5-7849-4eac-b8a5-573b94743df0,comment,2cec2295-0bdb-4677-a8fd-4d9e46fa3eb1,B,,False
B-8260,f5173c06-8c05-4685-bf12-16fe62f3dd33,post,d0de6349-cc53-44fb-b25a-d35e6cad1201,B,,False
B-8261,bc03cd3d-7d37-4b7c-9d83-09ea4f5bc099,post,b77caac1-c2dd-4058-a2f9-572c0fe6842b,B,,False
B-8262,d3119d09-3e0c-4c74-b978-bc86a1cc3a8b,comment,a93a336d-7883-4131-bee4-67b6c368ab21,B,,False
B-8263,4d2fd5f1-6928-4e6b-8ed3-4c10f7a73ddf,post,b311471b-6221-47ad-8fcc-9145beccb10c,B,,False
B-8264,8b8c13f6-84d3-4675-a635-1682f65e08a0,post,6b0b37f0-de28-4735-adf8-2076756fe275,B,,False
B-8265,3b515b1f-0df4-49fd-b698-30da23969994,comment,e5bb0d2d-2e56-4964-8c10-88ffc2977201,B,,False
B-8266,734ac2b1-8f00-4f6b-8923-f7d4784a54bf,post,190bde45-9d04-4956-ae36-563c7b93ea64,B,,False
B-8267,d0c06d2a-0c39-4aaf-a286-60e8bce4a75a,post,f3770aa7-f334-4467-93a9-cf279302b6f5,B,,False
B-8268,83d43af7-2777-4e38-891f-da4beb309c06,comment,26815493-c055-4cd0-a55a-ecdc568f789f,B,,False
B-8269,c737768b-9a0a-49a0-83e1-14bb5a0f0e26,comment,fa31221e-b982-4cca-8272-4abc0037c115,B,,False
B-8270,95633686-2097-44af-b9c6-83d1a995ab6d,comment,f11beab0-feb1-41da-81be-4524fb03099f,B,,False
B-8271,2ed18cad-1cac-4c6e-8285-f93efcac5bf4,comment,c0f027e0-710a-4728-8f4a-532cf9a049c7,B,,False
B-8272,0c2dd854-48ba-44e4-b637-c97fdae7ae35,comment,72165e53-9cde-42c9-82ff-f44430e493ee,B,,False
B-8273,89f7c529-0f0d-45da-80f9-ac26932a97ae,post,37b3ab64-1c12-450a-bd29-1b347479d046,B,,False
B-8274,b86c2833-3b8e-4609-b8b9-e00fd16dac2b,post,a0fd69f7-833a-4fe4-8e1c-a9fc53f68246,B,,False
B-8275,4831a89b-5dd8-4723-8dc0-5dfc3fef0ad8,post,0441f9f8-b380-4e37-8572-1d05dd6ce4e5,B,,False
B-8276,5d9e5f5c-2124-417c-9a7d-f06698f22e99,post,832c5976-4f40-4d4b-b0c9-c31b5f7466ba,B,,False
B-8277,c316cf00-2122-4bb4-ac56-24c742635f88,post,e5df4efa-839e-43a7-8de8-ba03b8bd2849,B,,False
B-8278,0ef4d7ee-379a-4450-86cb-a8029a5dcb3b,post,ed70c4e1-81b5-4658-aa14-d1ab71214ba4,B,,False
B-8279,baefc913-1870-440d-9661-d2feeee1d08d,post,5ba812d2-7c59-41b0-a2d2-bb3ef3ff6c2f,B,,False
B-8280,af06f319-137c-4889-b678-e80c03998f7b,comment,dd184608-627b-411c-8ac2-29731ac308fd,B,,False
B-8281,b72f6728-0d2b-48dd-bcc3-358f5d28cdd1,comment,787429c5-3029-45ae-b93f-6ca1fb52249b,B,,False
B-8282,6e2b79fe-2874-491f-ad36-33a99edc7942,comment,81113f3a-f5fd-4072-8bf6-6fc5e725f5cd,B,,False
B-8283,52949ee1-7b98-42e4-a624-f4effcf376d4,post,bf9ec35f-52bf-4a16-b662-6276323c4acc,B,,False
B-8284,e79c6cc8-b870-4acd-93aa-5dfefed0f1ca,comment,93d9eae6-3056-4962-bd49-89b3bbc56e35,B,,False
B-8285,4188b555-3f5a-4a16-b4e9-db08bd280634,comment,95734ddd-4ccd-47da-82c5-e141a9354d78,B,,False
B-8286,dd1c81d4-a6f5-4b43-b8f5-c9719f38f3e2,comment,5e186579-ca8a-480a-97b3-2e8cffa6fdfe,B,,False
B-8287,93a1bd5e-c164-4978-a855-5cf3cd9b8b57,comment,c72b9410-3b3d-4704-8e86-85c6f112bd82,B,,False
B-8288,353d0e96-58ab-4f46-af23-e5520a25f38f,comment,84becdc4-15b0-4c8d-ba48-85fa4d3a8031,B,,False
B-8289,f498b3ef-791d-44e1-8ecb-ef2ecc71036e,comment,bd67fbc9-81e1-4ed5-8653-4b39b2cdaccd,B,,False
B-8290,af4a661b-959a-4243-85f7-814f81819699,comment,2550d85a-6d8b-4272-bc1f-0ff3b019ca69,B,,False
B-8291,b9dd6661-960a-4963-9b94-bab34c89edfe,post,d3a6a679-cd8e-475e-8d2d-ea54bdbab892,B,,False
B-8292,fdba6332-cf81-4e67-93cb-c48439a263a7,comment,b51df084-57be-47f2-9817-cbdfc2d9e0f5,B,,False
B-8293,627acd0d-219f-4a81-8295-7933075706b5,comment,8ec6219c-3708-43a6-a5ff-af38a5093648,B,,False
B-8294,2b87c795-fe16-4dd0-ae1d-27df14ebe56c,comment,f8dd0657-7484-4d48-b757-434efb4a20e2,B,,False
B-8295,940a30b8-8095-4338-bb28-5683129fdbe5,comment,196890d7-c328-4605-b9a2-0a04a5e15fe9,B,,False
B-8296,f8a70a19-c7a2-4fa3-8d01-b6f8c1012b30,post,b6428450-35d5-4809-aae8-d1c515c9cd58,B,,False
B-8297,1c7b7cd4-b0bb-4dbc-808d-3859dd121a02,comment,47854aeb-9b5c-4452-b39b-b7a9d65f8aa9,B,,False
B-8298,fe966475-bb6a-47f2-8302-6e3571280b0f,comment,d516a75b-23a5-4990-8fef-f64603f6bfa1,B,,False
B-8299,d3bc1075-719a-442c-a83a-d8e5a733921d,post,68a4d4c7-5d21-46ac-a616-3a78ebbf8525,B,,False
B-8300,bbe03359-77f9-46e4-ac5a-b1930e3d3dad,comment,68a4d4c7-5d21-46ac-a616-3a78ebbf8525,B,,False
B-8301,a8852211-4bfd-475c-9941-535cd4bd1ce8,comment,c0cc4f95-21ba-420f-89d2-0a29bcb7f73a,B,,False
B-8302,2b6373d2-a69d-45ea-baed-18cce4c9e50f,comment,b93ba9a3-3d94-4d41-97b7-ef7e1137bdeb,B,,False
B-8303,00f2f59a-da9b-4e9b-8abb-8ddba744b289,comment,6a6f2b6a-963f-4f6e-b615-38cf8d142571,B,,False
B-8304,65c7f05c-a4d6-46b1-95f8-eba9d608755b,post,b10aae35-c3b8-478f-9ea8-619cd3015483,B,,False
B-8305,1b81547e-6e4e-41a6-abe8-db7ca3ffb7b2,post,7a1044eb-92f7-4d5b-89df-b6b6219e26d2,B,,False
B-8306,da0afd00-1065-4a91-ac53-9b4f1a720f08,comment,6aca7b57-d732-4322-9ed3-fe20a2f531ab,B,,False
B-8307,8d58874c-f76f-4552-b204-a19cc75317a0,comment,6a6f2b6a-963f-4f6e-b615-38cf8d142571,B,,False
B-8308,1de83797-89b9-4714-92da-8218305c2c2f,comment,482a3be5-bec2-4c08-a820-66f3748e3112,B,,False
B-8309,cd14197f-dd31-4686-a027-41e24c459319,post,d1a7c163-ae56-428e-8e0e-22e7b8f06580,B,,False
B-8310,8c99f416-b76f-40ef-ba7b-db22b80b5b0a,post,ae62a1f9-707f-4720-b44e-b12d04fc9a14,B,,False
B-8311,b741a352-6920-4814-9a25-4b9596a3ddd4,post,3488b4e0-8d24-4865-8f1e-5dde2871e43c,B,,False
B-8312,7a70eded-48c6-4392-9eac-739dde8857c1,comment,5e9d5bfd-36a1-4c53-8368-ab3ab68e5461,B,,False
B-8313,ce66e9dc-a9d3-4c88-aa74-19c9f17d3e83,comment,34563057-65cd-4de0-9fb3-01107a511564,B,,False
B-8314,3c2ff500-b4c2-4d3f-8ab8-e80a6c5ebc78,comment,b7870c30-fa24-4f84-94f9-e7ccfe57b391,B,,False
B-8315,2f80166f-f6f9-4ae1-a2db-6ae7f54e7144,comment,0194f081-186b-4051-9bfa-bbc3357013fd,B,,False
B-8316,df8ff68b-85a1-40d8-8de3-be513487225c,comment,a93a336d-7883-4131-bee4-67b6c368ab21,B,,False
B-8317,70cd3a4f-1544-4d5a-814a-9534a767dc9d,comment,2cb04bb0-ddca-4b44-b840-d91aebe9fdc4,B,,False
B-8318,7f367e55-ebe5-4748-8263-7d25824d9ea5,comment,6aca7b57-d732-4322-9ed3-fe20a2f531ab,B,,False
B-8319,e98d677b-3544-422f-8433-4c4a4d7c3083,post,90b1618e-8faa-4dad-81d4-89259d3856b0,B,,False
B-8320,a64dec07-5d36-46b3-8aee-48ccf708d189,comment,a93a336d-7883-4131-bee4-67b6c368ab21,B,,False
B-8321,0574d597-20bb-4a4c-bda6-166dbc17098d,comment,b707efad-3f53-4934-b3ec-179e32289c86,B,,False
B-8322,a7a84b35-6af9-4e9d-909a-ba324807604d,comment,cfdd8464-6eca-47c5-9cda-a073ce8e4ae5,B,,False
B-8323,4745c258-983b-44c9-addc-8f5f71c9f40a,comment,23b35ce5-b2ea-47da-9c6c-824ef9fa2e7e,B,,False
B-8324,3ec91d5a-ef21-41d7-8c1a-85460f093086,comment,ccc2a478-627e-48bd-ab02-20935d801ee2,B,,False
B-8325,0218050f-5203-423e-b508-b7a313345e34,comment,e50372f1-45cd-4454-9139-ad0d973938d5,B,,False
B-8326,ac49364e-3cda-4c76-9731-eedb488da480,comment,9c81401f-da6c-4fc1-827b-badb387556c5,B,,False
B-8327,e52ab380-faa7-4b6b-9f46-4ca3c9a4d72b,comment,e9d6fe93-5d82-469a-a950-973c2be53d9c,B,,False
B-8328,eaceae20-685f-47f7-97fe-3beb7abf7782,comment,26f27fb3-558b-49e5-8bd3-63b685874ddd,B,,False
B-8329,c405d155-d8cd-414f-b1aa-89ea5efcb1dc,comment,28f7ec46-06ec-49c6-b8a0-ab8d629c1d77,B,,False
B-8330,0b935d17-5a20-4eef-97d4-c562cd21e944,comment,acf35c3f-0c32-44b1-87f7-d570704ba119,B,,False
B-8331,b8e4ff29-db04-4111-9f35-284134b85644,comment,6cb4684a-3e29-4610-8e2f-97a43c2f9974,B,,False
B-8332,064bd251-8e11-48bb-8f08-aa0689928384,post,86998fb6-1cdb-4a20-b474-3e3a7c2b04ff,B,,False
B-8333,7721c6ec-dcd6-4625-a5e2-1376341085df,comment,f9a17472-04d0-4235-8b76-e79206fdbda3,B,,False
B-8334,62e79477-349d-448f-8f13-f87fc032e3aa,post,20980c4f-5f98-4820-9f4b-846a48874cb5,B,,False
B-8335,feb2dd1a-3513-46f4-aafc-fba84a0757be,comment,cef85a4d-d547-450c-9835-05e1bb62ed5a,B,,False
B-8336,c2ecec1b-07dd-4267-bf5c-07bf1a838fe7,post,f1cb32c0-39cc-49a5-9799-f7a9a3558b6e,B,,False
B-8337,b2013ec0-0921-4d9f-b5c3-542903972284,comment,9c81401f-da6c-4fc1-827b-badb387556c5,B,,False
B-8338,0a00090e-effd-48d0-a4a7-8a660b89805f,comment,a93a336d-7883-4131-bee4-67b6c368ab21,B,,False
B-8339,f95a8721-5d10-4efa-b4e3-9fdcc2a36dc8,comment,0838de94-7b24-4adc-affe-6c11072f5c82,B,,False
B-8340,202bd92f-9d35-44ff-b3d8-e9988a324eff,comment,f8644b9f-01ac-473a-a140-2cd56c67b5a9,B,,False
B-8341,366f98c2-46f1-402e-a93a-5f99edf7b56a,comment,9a9672bd-54da-4e80-81ee-01eaebd71bfb,B,,False
B-8342,2287b3fe-00e6-45ac-9bdb-b50b4b4c2d20,post,9e8069f4-09c8-4fb8-9438-c410d1bc7216,B,,False
B-8343,19f66a8a-b223-41e8-9a70-e823ea1b85be,post,8433d513-faa2-48bc-bd60-50621a1d15c9,B,,False
B-8344,619755c2-686d-4209-835b-e3683aa1d96e,comment,613516ca-2680-42f5-96a2-132ba1104a77,B,,False
B-8345,d42e4355-cbf7-4a28-892d-0750eafcf87f,comment,6e895056-d36b-4fa8-af04-fdf2c4878ff9,B,,False
B-8346,a391600d-389d-4486-84df-ae75630c5c82,comment,ee0a1c03-f033-46ad-ba21-f41761e892aa,B,,False
B-8347,55d344ae-bfba-4b2e-8679-5b0f1d530acd,comment,5beddd9b-de40-4ced-99a5-8ff983352b77,B,,False
B-8348,658c0ca2-e504-46fc-9d07-28afc59a6494,comment,d38937a9-3f0e-4bae-a53b-0136cdb244cd,B,,False
B-8349,3adb6d41-51db-4b11-b216-5d32f4035a27,comment,98aa5e40-f4b0-4676-a724-d9aa5d5f759f,B,,False
B-8350,3c7df337-1135-4bb1-90f1-1c5d124e3c06,comment,b76f1e3b-1518-4f6c-b15f-207a83178fbd,B,,False
B-8351,9636c696-f106-4dcf-b1c7-7b62055182db,comment,a2e1cfd8-f810-4f64-bc25-1763cdaaf4ea,B,,False
B-8352,6902d9b2-d45f-475f-b00c-c3aa9798d3ce,comment,e14a12ab-1d60-4fea-a07b-2ec0bfd0d16e,B,,False
B-8353,f18223bc-3caa-4547-8a8a-648c8d9085cc,comment,b0c29b77-af6b-4453-a5aa-4b209cfc9218,B,,False
B-8354,78822784-9c8f-4e6e-b156-e59595928a29,comment,442ef19e-e47c-4555-97e8-64dc46a8840c,B,,False
B-8355,1a9c36b6-7bfd-4419-8dc6-b3729f492493,comment,8588e9eb-b17b-439e-8dd8-a65c7b07d16f,B,,False
B-8356,63c6330b-9779-44bb-b562-94ffe5113aec,post,5e82f456-87a8-49d1-93a2-7b697c7cb2be,B,,False
B-8357,10095de6-1e84-4ebe-bb2c-9dabe4399569,comment,cfa87350-525d-4afe-826e-9b9c480ded3c,B,,False
B-8358,9f0fedcf-8083-4f3b-ab95-95e63fe4bc84,comment,dd86900b-863f-44f6-94fc-8dd86a70415f,B,,False
B-8359,c8fed735-7fe3-4b08-bf8a-5687e01de181,comment,77f2d64c-63a6-4dbb-b5c6-006a9861c6ab,B,,False
B-8360,df550218-b108-48a2-bc44-2f8a12602871,comment,8ec6219c-3708-43a6-a5ff-af38a5093648,B,,False
B-8361,0fa68105-4302-4f57-a63b-83c3873eed91,comment,17fc08a1-e991-48db-8866-785f5cef3c1e,B,,False
B-8362,65703304-2951-4427-bb40-88ee604beb3c,post,9d1c45a1-131d-4c6f-b3af-a09e6812c459,B,,False
B-8363,d2597bfe-a026-472d-94bb-98a1e3fa03aa,comment,0004ce2d-e739-46ce-a74d-acc8a0b9afcf,B,,False
B-8364,b3a6e516-dddd-4291-9478-a8140c881d7f,comment,bcba0d6c-49c1-4677-8473-0e5d01a664d0,B,,False
B-8365,c02c7806-3041-4a10-8ad5-53beeaaabb9d,comment,401621b0-65da-45b5-9800-b5adcaebec25,B,,False
B-8366,601afc8d-af62-4bf4-b8c9-3e8b522bfbca,comment,bd67fbc9-81e1-4ed5-8653-4b39b2cdaccd,B,,False
B-8367,6c4dcbc4-5d7e-4410-9869-5cd3c4764af2,post,fa511b2a-1612-4592-8292-d0684b29b76b,B,,False
B-8368,ffba3071-8cba-4b24-88f8-3d735531631d,comment,f969864c-268e-4856-83d6-f35cafec5456,B,,False
B-8369,478c0433-a4bb-4056-ad61-3c28e8b516c4,comment,e3a7e05c-c618-4f22-9e21-9119009ad431,B,,False
B-8370,60b1f2f9-fb38-4af5-9653-941e5e4db7e5,comment,a93a336d-7883-4131-bee4-67b6c368ab21,B,,False
B-8371,e2aa27a6-b9cc-4acb-987d-055f47b27c3e,comment,6bc66ef2-ee68-41b3-b706-9ac7af932ea2,B,,False
B-8372,de3bae2e-858f-403b-a930-0fc55ca4ffd7,post,bc4c3460-a990-49bc-b9fd-363a76b5e8af,B,,False
B-8373,28e13add-a60b-45b4-bc06-0286851d6dd4,post,37ce695a-f367-4ef7-8689-c4a467ac9121,B,,False
B-8374,39da49ea-f4d9-47c7-a3af-0b3a7d2db41d,comment,6a6f2b6a-963f-4f6e-b615-38cf8d142571,B,,False
B-8375,87313aed-3cd0-41ef-96fe-be27980c2ca7,comment,47111484-0002-46b0-acbc-2a767fac5744,B,,False
B-8376,896d247b-526c-4515-af31-47df1b52a591,post,33bf81b3-cb5b-4aef-936f-3f3d1d5d3a56,B,,False
B-8377,1876c176-259e-40c2-a71c-293989185763,comment,2c51c426-0b2f-479f-9d20-9581135fac2d,B,,False
B-8378,725be72b-8358-48d0-b9b8-f9c39beb22e2,comment,6aca7b57-d732-4322-9ed3-fe20a2f531ab,B,,False
B-8379,750feff8-7713-4c7c-bb61-aeaf95869023,comment,d4f82244-55ad-4faa-94be-9dbd3a59ca5d,B,,False
B-8380,de6b4357-3b1f-4c8f-aab8-a1d0a1d8f2cc,comment,c832f63e-989d-4efe-8ac4-15f9665498f8,B,,False
B-8381,407803ec-c8e5-41e0-9474-d3a440ecbc21,comment,c415519b-f008-4eb4-92e8-3a6b779846bd,B,,False
B-8382,24b51664-44a4-4ca2-b8c6-6edfbfd5790d,post,51298922-1118-4573-9957-fdaa3c96ffcc,B,,False
B-8383,4dbc1162-46c0-4208-8b9e-378b62f64c8f,post,287c4015-5d06-4e9c-8a38-0f99bd6a8f84,B,,False
B-8384,c4db92b4-dcfe-452e-9334-c4308c0a082c,comment,a289347f-8668-4f7f-a79a-ba91ba1005c1,B,,False
B-8385,fb6a2d20-44b6-4915-be23-d40ef1b5a725,comment,ade3facf-751f-422c-8e45-7003f8bc6a88,B,,False
B-8386,a5874838-d835-44b9-96f4-5792d7a36662,comment,a93a336d-7883-4131-bee4-67b6c368ab21,B,,False
B-8387,01b419d1-71a0-4203-8d00-bcc57e490361,post,ea482ded-1da1-468c-bb5e-34cafcfe8b97,B,,False
B-8388,9f7193d4-57b0-4b81-bcfa-05b476089f2d,comment,37944d7b-2721-4b24-9b61-00f37bdeaa90,B,,False
B-8389,ce9dbe50-ec9a-4336-8410-960bc6ec8daa,post,4b0b9602-9fe1-4a89-b770-5b6f0747eb68,B,,False
B-8390,7a5447ba-c39c-483e-bb4b-1a9da11a83bf,post,a2e0ac73-4902-4a9a-8850-be5f5bf73b9b,B,,False
B-8391,d96fc753-de3b-47ea-bb80-8a279afca6c6,comment,5e186579-ca8a-480a-97b3-2e8cffa6fdfe,B,,False
B-8392,538bc3f7-f33c-437b-b067-85f90339612a,comment,7f14d072-937f-4f53-98e9-d80ccc36f2d9,B,,False
B-8393,1740b604-3c92-4397-8123-698cfd22596b,comment,1bc3d468-3cb8-4046-b756-0955c93089fb,B,,False
B-8394,d8c14692-ebd4-4980-88c9-730bcdbc8e39,post,9641a64a-40b3-4def-af54-83c02eed60b0,B,,False
B-8395,681efe89-d58e-46d3-8624-27590b00932b,comment,bcba0d6c-49c1-4677-8473-0e5d01a664d0,B,,False
B-8396,21d2c2ef-2c48-4d5c-af48-855625de9b67,comment,787429c5-3029-45ae-b93f-6ca1fb52249b,B,,False
B-8397,1112d82d-df11-473e-b053-2f09dbe00e92,comment,6aca7b57-d732-4322-9ed3-fe20a2f531ab,B,,False
B-8398,02915667-d907-4001-8b9a-38dfe5992f54,post,a65cf75d-a006-45be-a6fd-0b2ea704f9ba,B,,False
B-8399,36fc5ef5-01d6-4796-9550-e843d6b7c302,comment,b551ab22-ca7b-469c-8154-bf8d30444a58,B,,False
B-8400,49855f64-8ca8-4062-a565-68e9dc18c0ea,comment,787429c5-3029-45ae-b93f-6ca1fb52249b,B,,False
B-8401,be119d1e-1164-41e1-8ef6-64e74ad98e7f,comment,87d33dac-3b5c-47cd-b06e-afa940208187,B,,False
B-8402,68b929aa-48b2-4d2a-b94e-da7695f66a27,comment,5e186579-ca8a-480a-97b3-2e8cffa6fdfe,B,,False
B-8403,974b8e51-38bd-4099-9e97-f2eff9d80729,comment,a95f5c9a-3ecd-4c10-9e9f-9463e4500e1f,B,,False
B-8404,826d02f4-604e-4d3c-9295-ca7244c5176e,post,198173a0-d99a-48a7-b06b-a20af030ab8d,B,,False
B-8405,e74b192f-c73c-4c66-b08f-d3966f7f5216,comment,ee0a1c03-f033-46ad-ba21-f41761e892aa,B,,False
B-8406,d020b0b0-9fba-40d7-b9eb-efd32051624d,post,6ec67e52-7444-4b89-a6ec-2db4d55131a5,B,,False
B-8407,8bbb2582-1447-48aa-a0c9-59ea4e70951e,comment,4860dc9f-c385-421d-b26b-67ac91457024,B,,False
B-8408,714e064d-7921-457c-a99d-517e0d949a7d,comment,c9332c5d-0fd3-4574-9585-13b577e7e047,B,,False
B-8409,b255df2f-89a1-4003-ae2d-addca1cd92fe,comment,994e58a0-07a1-4610-9885-5a84cdec7fc0,B,,False
B-8410,2dad4d65-8f42-48d4-a804-d8a1c0e4e4f2,comment,0412b371-f675-4115-8c1c-ecd092b2d258,B,,False
B-8411,abeba40e-c4b9-4e1c-a0ce-2fcb3376e205,comment,f969864c-268e-4856-83d6-f35cafec5456,B,,False
B-8412,6aa576e8-ad46-4967-a2f2-80a26a2b044d,comment,a93a336d-7883-4131-bee4-67b6c368ab21,B,,False
B-8413,f3987bf9-e9f2-4990-8ca0-9883899a1c0a,comment,e5bb0d2d-2e56-4964-8c10-88ffc2977201,B,,False
B-8414,bbe08eb2-30d3-4f66-89bb-f5a890632a8d,post,b0f2b1cc-63d6-45a2-929c-ba24db3a89f1,B,,False
B-8415,63e13331-c22b-43a6-bef9-8b9ac0d063da,comment,eb3fee25-c5e7-4444-9f9e-254ea526aba5,B,,False
B-8416,d353517e-0916-48ce-b26a-0e0b56a8d649,comment,55735868-be77-4b93-b17f-16f4c9925aaa,B,,False
B-8417,f0e2ed2b-9daa-4c45-b992-c2abedeeb3b1,comment,28f7ec46-06ec-49c6-b8a0-ab8d629c1d77,B,,False
B-8418,5fb10965-fc6f-46b7-bc83-9c19e2319e09,post,3c893c85-fa21-4bbd-862d-87e5029e8264,B,,False
B-8419,917431c1-7bad-41f5-908d-48b17895e60e,post,d18796bb-8de6-409f-ad4b-04ee30033571,B,,False
B-8420,d04f72e6-2aa3-4dc4-aeee-70f8f1311663,comment,9c7c5206-76fa-4ede-9da8-8f34bbcd8ed0,B,,False
B-8421,feb1653b-9d18-496d-8927-6554cf156a84,comment,f969864c-268e-4856-83d6-f35cafec5456,B,,False
B-8422,d84f0c2a-b42e-418d-a87c-7e9d3cfc4984,comment,5eb0ff21-c327-4c37-8ee5-7fde06ffe1ff,B,,False
B-8423,41146e9c-6d9c-47cc-b58e-8dd2e3df51f5,comment,2e913aa2-1ceb-4297-bc87-433e6d1e5d0e,B,,False
B-8424,a47229bd-b998-409b-8755-fb05542c247a,post,f2dbb33d-74d5-4b86-a95e-9fe1bfdbf4dd,B,,False
B-8425,6c0ba1a4-ab36-4a15-b7fd-596cc6002bef,comment,eb3fee25-c5e7-4444-9f9e-254ea526aba5,B,,False
B-8426,7f795670-e8f1-4fc4-a9d1-88219ba45444,post,449f92f8-66d3-4d8c-9b74-61753fecb0ce,B,,False
B-8427,7b3872ba-8f7f-400a-8de9-95ffe537588d,comment,25b3390f-6bfc-46a6-aace-8596d3b9161e,B,,False
B-8428,0390a218-b7cd-4a76-a1e9-7bb1e6bb3006,comment,bb62e54c-44d4-49f4-b256-2377a90f87c5,B,,False
B-8429,913fdf22-4dc7-4332-92e8-01004da02ffe,comment,e9dd369a-2072-43c2-b2f2-a4ff34a43adf,B,,False
B-8430,0a358f35-691f-460f-af21-2432a46adeac,comment,392549ba-5847-49d0-9469-09b0d8babc3f,B,,False
B-8431,a24cae1a-89bf-47ae-8a5d-31a36f8f8c6b,comment,6aca7b57-d732-4322-9ed3-fe20a2f531ab,B,,False
B-8432,ae150028-cf20-4821-9a7b-2e9378c60129,comment,fa31221e-b982-4cca-8272-4abc0037c115,B,,False
B-8433,4f30719d-0431-4459-829a-ecf7b80f934c,comment,6aca7b57-d732-4322-9ed3-fe20a2f531ab,B,,False
B-8434,5544b8f8-a61d-4ae9-81dd-63b00e45bf96,comment,0b27d4b4-2840-483d-9d37-7d35e3d9bc3e,B,,False
B-8435,e8ad743c-2417-4aa1-89b9-81e005f74b23,comment,f969864c-268e-4856-83d6-f35cafec5456,B,,False
B-8436,41de60c3-56ef-4977-8d59-75904b642611,comment,0fe10dfa-e1c9-4f3a-9b1f-c5c177f81593,B,,False
B-8437,e2f98efa-e56e-4fc4-987f-55cdf25c91da,comment,81a59df5-18e5-471d-a8a0-759641a2b622,B,,False
B-8438,8ba32388-3db4-4215-84b6-801efe1897b2,comment,5bdfa780-f0df-4414-a9e4-3f56a27b85e4,B,,False
B-8439,4513f4b0-776b-4f47-ba9c-af409331095c,post,ad9bc1d7-2e1a-4187-a816-45e6cdd800f9,B,,False
B-8440,8ed9cea8-66a1-41f9-9519-9b8b87039972,post,641abf12-4ab4-4909-b528-3f0ffc6c5e18,B,,False
B-8441,19f75dbd-c2ce-4580-94db-9127dc651215,comment,bcba0d6c-49c1-4677-8473-0e5d01a664d0,B,,False
B-8442,2f687394-f1af-47d9-b8a3-9591a93f0a84,comment,33a00d85-3d5b-4b80-8ba9-eeb46cd3fde6,B,,False
B-8443,fd4ccc7b-2215-4536-acf8-aeb86e60e09e,comment,f69b87e5-281b-4765-80cd-d4cf76ebe948,B,,False
B-8444,f141474a-e5a0-4550-b407-3d9385261ea1,comment,7bffc5e5-77bd-43e8-bc67-18bb4ba2b56c,B,,False
B-8445,4c8a10d5-2e2c-4fc1-bd6c-e29526938058,comment,5e186579-ca8a-480a-97b3-2e8cffa6fdfe,B,,False
B-8446,cd040dff-a2c8-4934-9486-6414d445a478,post,18ca9299-0eb3-4e8c-b837-1a4ba3072631,B,,False
B-8447,3a39db76-a372-4060-992a-817bd22267f7,comment,d35db65b-84e6-46df-804c-73d8d2a02828,B,,False
B-8448,4a64d26d-be77-44dd-8e54-a098e3931b00,comment,cb412128-39ea-4e29-8aa4-4e3e1e829207,B,,False
B-8449,a6887f83-1070-4009-96ba-753bbe126276,comment,512f5942-293e-45f9-b46e-6b9cfe7a5e73,B,,False
B-8450,0b18b6a9-b976-423f-8aff-ff23fdbaf75d,comment,44670ff3-f6c1-4fa3-9114-00fd4f4e9986,B,,False
